,Unnamed: 0.1,Unnamed: 0,file_name,label
0,11517,3452,train_data/87cbee5111044249b6918348ade79ae7.jpg,1
1,18160,31164,train_data/f0b1d3c4494e40d8b6bf3e2fc59b84be.jpg,1
2,1815,9181,train_data/7c3edb30125648a19d8b00e54a7955ea.jpg,0
3,15537,7147,train_data/8c3338ec88d5476792d1bd1e66c832c1.jpg,0
4,12593,26664,train_data/47513c57961f4469944fdb6dd6e0ccbe.jpg,1
5,15842,2337,train_data/1d66fb6c8c4845b0a33937272de5c0d7.jpg,0
6,4356,62230,train_data/3f84a49fefcd4919be5a00904e6f94f9.jpg,1
7,7781,20112,train_data/a54391b711b84c469a44b3d95857c872.jpg,1
8,18669,22893,train_data/d0a66587141f4123b3f644fb8720435b.jpg,0
9,16279,40399,train_data/dc29c7d11c164ee7bf8b29dd8298c42a.jpg,0
10,15977,341,train_data/f1208acd82054497ba849c74a6a74b55.jpg,0
11,8231,48824,train_data/92040297ba4848769af61caf9fdd6ec8.jpg,1
12,8327,76802,train_data/3277d4016e9f47f6bcf347b63495ba77.jpg,1
13,9881,64256,train_data/7260156b7a4b42148f9d784d4bf0078b.jpg,1
14,11316,12582,train_data/7a001572313543628b132fee94b86db1.jpg,1
15,3579,12387,train_data/8c580f4694b241fe92d34fa3309daf79.jpg,0
16,17058,18112,train_data/1fdff723c89c45dda2ad6ab7339557e5.jpg,1
17,8842,53935,train_data/d2844392abde463b9d736c853696dd9c.jpg,0
18,5834,14523,train_data/28636a7f46df487ca6aef9e201c7b54b.jpg,0
19,2771,71873,train_data/7abd5afadfba4d4f92baf2e062a843c3.jpg,0
20,3002,31466,train_data/94af1f88360144328aace74255f0638b.jpg,1
21,17231,27008,train_data/e79974423ff64c6681b52b9f29083a43.jpg,1
22,19297,59112,train_data/72fd7e0730bc4c0ba139468dd5741637.jpg,1
23,7324,51443,train_data/78306c3638424819b96b0a2d60f264ed.jpg,0
24,17024,14769,train_data/0ef8f401addf484d8595c1c436023ca7.jpg,0
25,19369,74247,train_data/a47d38f0ee474c21968e8c3298745c8a.jpg,0
26,4877,58843,train_data/d996d2028b1b4626a4131faefe32955f.jpg,0
27,10872,61968,train_data/5eae821fa322412d9c52894a0f9d24b1.jpg,1
28,1350,55462,train_data/99c3f5834fe94fe7abeb34c3fbe8e96f.jpg,1
29,2767,17826,train_data/5812ae52a46a4c6ca1103594659c5a6c.jpg,1
30,19058,61222,train_data/158a53dbb70343b58dcf85e753b164ad.jpg,1
31,18203,45116,train_data/ee5e02b423df401da06aeb60b60bd555.jpg,1
32,14171,48706,train_data/5f04705dcb9c46bca5b08ae2afc3f3ba.jpg,1
33,5474,60777,train_data/144a4b07c27e46d7ab961898e6873344.jpg,0
34,16932,63005,train_data/44c489328c8e4b2b80ce51b7c5fc9320.jpg,0
35,6958,27527,train_data/d001cec89e5646e2b546cc9e2e1af9f0.jpg,0
36,14108,53560,train_data/195cbcee402a4084bf58df284186a39f.jpg,1
37,6600,5907,train_data/abe5325db69a4e38aabb20fd1fb6728b.jpg,0
38,10484,66901,train_data/7f084162f5274c67856d7dbe311e96ff.jpg,0
39,3699,32090,train_data/c6f751d613c448edac93b363e3703511.jpg,1
40,2270,53838,train_data/c4f0c22dca7f48b89836e505f2281bf1.jpg,1
41,8409,56937,train_data/e5cca5cf7e2246428057381a49dddc60.jpg,0
42,2174,50163,train_data/55eac1a702b64945926837cd7107ddb4.jpg,0
43,1337,50045,train_data/d8840fba0fbb407fb00fb5937c284ece.jpg,0
44,9010,66621,train_data/f7fedd66fabd4069ab5af8dfe954abe3.jpg,0
45,385,27063,train_data/fdfbc2edb00b488e9ef359ff0cbd9e98.jpg,0
46,12603,39381,train_data/04c88ac2625448148116c04a79b7c109.jpg,0
47,3115,42490,train_data/dbb628e56179440bbfc8071d983952ca.jpg,1
48,8227,64364,train_data/e4572fbadbc24813bad597f003762649.jpg,1
49,12575,55564,train_data/10e28e6fd6804fe7a26665999c3a0af3.jpg,1
50,15633,27455,train_data/3df0f0b061504b408c6b4ccbf77ca96f.jpg,0
51,8743,33352,train_data/cc71a8976ec148f487f61f4c2ab59597.jpg,1
52,3910,24773,train_data/c5bd4a1f28fc4a02a79b37b2b6e5e576.jpg,0
53,12549,76363,train_data/3d93c3e942fb478690c9c0e4edf91dd4.jpg,0
54,12019,29245,train_data/7ea77befad1c4aaf819dddd51a837caa.jpg,0
55,8935,21895,train_data/afe43f63c70a45d5b959412c14745257.jpg,0
56,18199,3693,train_data/bc89a811261249de8d7bd23b1ed021e1.jpg,0
57,12643,10992,train_data/5b422be2fd8d46149b47d61e38fd304d.jpg,1
58,8229,29019,train_data/3d3f901ea5be4556a260afc33b0fa272.jpg,0
59,2512,49864,train_data/81185a6d3cf64b67a060de74fc23f2b1.jpg,1
60,2221,46640,train_data/3a91073c0ab2461da3f020c2856eed7e.jpg,1
61,9693,70848,train_data/ba2ebf6bb5164968b0eca053fd1e3dcb.jpg,1
62,6688,60672,train_data/dab02cf1a9ba46b082a4384a3776fc53.jpg,1
63,19451,34197,train_data/114684dfc2bf4002bdfd1c2c00042b4a.jpg,0
64,1456,32255,train_data/929e9140ec764ea78200e9d8734baa34.jpg,0
65,15610,34479,train_data/e00952c5359c40a2acfb020e5f6597c2.jpg,0
66,9742,13424,train_data/89794d2395ff4326b815f5af8f1f2daf.jpg,1
67,6220,46010,train_data/3162ccfe3ec14adeb67046fa4a87efd6.jpg,1
68,2571,31870,train_data/7e9ca4a569a447f28bc2a412a83d3393.jpg,1
69,3821,15769,train_data/2ee41879004e479e97fe2058af690c7c.jpg,0
70,13475,60023,train_data/584445bee0ba4d788bd7bd94491d0922.jpg,0
71,1084,33853,train_data/497e8c02aded4a758ae7c95ee0ac902e.jpg,0
72,14549,30076,train_data/6e95bd774f1d4c2285aae1cd686d5c5c.jpg,1
73,13108,74001,train_data/c3d24619e54c414f93a9fec3d2067b10.jpg,0
74,19226,36421,train_data/77506f8b0f3e4c99a223b6ddeaedda4d.jpg,0
75,5277,56226,train_data/dbdc0ec43e674e0bb974cee2b8e781d4.jpg,1
76,17513,37516,train_data/9d01fd4e5e1e44c3b7b691f90e69b4df.jpg,1
77,14880,71736,train_data/50b7754eaa8240b3b4eef4575cdd5214.jpg,1
78,1034,16071,train_data/5e57d0ba100149108ea6e9d38f09a7c0.jpg,0
79,9492,32533,train_data/783a448820af4a8390770f87dd0c1248.jpg,0
80,15179,74512,train_data/a7cc56e1b8cd427181b8e6fa67ecbbaa.jpg,1
81,18682,64264,train_data/d09f88e653cb46f68eda318404ffa209.jpg,1
82,10885,70388,train_data/121c108e6f454afbbcd269c1f7c9b670.jpg,1
83,18631,69663,train_data/0005f20868734fa2b2898b92614e19c4.jpg,0
84,7346,15486,train_data/5aba21abda82447e9b6807073751f9e5.jpg,1
85,18005,14169,train_data/7346538b1688411597e470ffe14b4e9b.jpg,0
86,1866,65491,train_data/b68070ed488a422e9ef6f8abac449527.jpg,0
87,3707,20774,train_data/c81d368e8fd74caf8f5a6205a0af37be.jpg,1
88,12800,72965,train_data/0d04f0ef659d4399bd1cef50cb10a6d5.jpg,0
89,5022,69723,train_data/63f43faab4d84c98b0b1184fea0f99d5.jpg,0
90,10709,53703,train_data/32af1805238549409c49ef527619c990.jpg,0
91,7375,63424,train_data/461eba68fe8c4a8fa8ae6a567d215165.jpg,1
92,10072,34182,train_data/6bb7ebb8381e4406836071e301aa5f5c.jpg,1
93,4528,27978,train_data/f57a4da4805e496e830c19085d4530c9.jpg,1
94,11471,14303,train_data/eeb8c8b0d9194f168358ba74018ad8a9.jpg,0
95,18172,16607,train_data/11837f73fcb74b13b81d4b6f7f33bfd9.jpg,0
96,6141,31441,train_data/1f148ece02034016b20d232e8be9d0d2.jpg,0
97,6667,43623,train_data/51428875764c4d6b8d2630e8cac131f3.jpg,0
98,5809,76467,train_data/95b709c514bd450bbd45bac1e3e5d65e.jpg,0
99,7696,29119,train_data/63d6f51c9c22415d917d40159fdcb2d6.jpg,0
100,3725,61225,train_data/9c49a0a32a0c4b498b7a3bd630d02ed4.jpg,0
101,3559,30726,train_data/7f97a122829b48a6acfc3583a8ff1d72.jpg,1
102,16351,34996,train_data/77be8fc6df67463cbaed589daad5c997.jpg,1
103,1430,78966,train_data/f67f808d1e384a248180da4c1f08be18.jpg,1
104,8778,67124,train_data/4b7817f49aa94265afeeb8cd9cc1abbc.jpg,1
105,13256,71755,train_data/af660bec4c5d4069b98ec3c3ad685e01.jpg,0
106,8192,2782,train_data/7c7849d18d584330a335bb23cfacbde3.jpg,1
107,8272,237,train_data/6ef039fa8e1141b896a2727c18183705.jpg,0
108,12571,30808,train_data/e3b38b3123c84a1dbcb0f227f8db9d57.jpg,1
109,6428,6924,train_data/57b582ef4ed94abd95e7b5d3d4f74342.jpg,1
110,8980,47785,train_data/0a1fcaba49394d56aac39fa5d76af165.jpg,0
111,11276,42147,train_data/1e4074de80f740928edb38af59f6d243.jpg,0
112,17324,23198,train_data/5af955c43bbb48f7b3f35454b8a2c0c6.jpg,1
113,13523,28061,train_data/fc7a86f773e14846996fb47123fe49b1.jpg,0
114,13529,66654,train_data/05c11be36d6e469e9b59b977a2c0224b.jpg,1
115,4068,20933,train_data/9a8c6b015f11481fb854a3aebe7c33f7.jpg,0
116,11570,71571,train_data/14d3d114cce5445980a68a22dac92443.jpg,0
117,14408,67204,train_data/39c1f29ba1df4fee8d1572efd22d576e.jpg,1
118,4205,29247,train_data/2ad243debf8c412d9616b7a73d105048.jpg,0
119,8058,15217,train_data/68f0828f8df343faa34b8cd87545439e.jpg,0
120,7092,73808,train_data/8f356ed05b174272be039013564e15eb.jpg,1
121,5502,373,train_data/71d589d4a93a4ae6890c343e01da477e.jpg,0
122,12529,681,train_data/f3997fa121b64f95ba883a3dc74dbe96.jpg,0
123,18255,49436,train_data/6dbe3556391049ed976a9a886f277fa5.jpg,1
124,6692,7339,train_data/8e702dbec08b4135b4c9f6e18b2da58f.jpg,0
125,2420,75942,train_data/a48f56d1eb3e436e8fdf18d46b22361a.jpg,1
126,19363,19200,train_data/24f60480784043feb704c478b460b9ec.jpg,1
127,13884,26758,train_data/487f92df897846bfa12b77b585672366.jpg,1
128,1512,73051,train_data/49080c962c2c4bdda25a454608121a25.jpg,0
129,7920,11052,train_data/bc2908fac593451aafae65949fbd2eb9.jpg,1
130,11614,31421,train_data/40afa27536ed47d885fedc7bae1baa72.jpg,0
131,13416,2757,train_data/4be8595f796043459d832f9ccbccd46d.jpg,0
132,15474,79073,train_data/b3ea52fc97334d3290fd6bb670547303.jpg,0
133,2020,49991,train_data/dd029b6700314dffbd003fafd33c817a.jpg,0
134,11218,30234,train_data/bac58b8a1a12498493fcf0a32bff1d91.jpg,1
135,5160,74908,train_data/dcbea68c9dac48a1a0ada459f817efa4.jpg,1
136,7628,61139,train_data/5ddfcb8050f042b58d5cc0d9e5442f44.jpg,0
137,5000,65676,train_data/b6a891c06555475c9ac4d95f87c20c12.jpg,1
138,9198,37151,train_data/2c3256f9be87446685044213a924ef84.jpg,0
139,4401,26344,train_data/4b0c9189c4204cff81a3fb4fed21fd0d.jpg,1
140,18654,47959,train_data/0ced7ace0f8442279e379d37764cb62f.jpg,0
141,5371,66671,train_data/2b24bb6f533445f9895b99542824a358.jpg,0
142,9926,52228,train_data/bac51328eb724c179fbca7277c7dcd60.jpg,1
143,12027,31507,train_data/421c0b41a83c4128ad04af8718b68fc3.jpg,0
144,3295,28585,train_data/3c36113842b344f5ab09787818ea21db.jpg,0
145,2973,29573,train_data/f7db094245dd4633bed712b27e622338.jpg,0
146,8991,28558,train_data/25382b5d8b5d4435b09b2ebca2765e7b.jpg,1
147,11545,39914,train_data/b24dcdebc8c0443aaa8ded862bcc8b28.jpg,1
148,3522,77663,train_data/2b9fb3da497345839783e7ed314de0c7.jpg,0
149,803,8270,train_data/d6649eae7ec74563b8d639e165108827.jpg,1
150,9038,57318,train_data/4bd2dda0a81b4055afd4539efee75737.jpg,1
151,738,29271,train_data/959ad31fa4bb498b9757cbf3351b3d09.jpg,0
152,7921,12424,train_data/e9cf15ab889e438abeed7e96415bc355.jpg,1
153,17384,70508,train_data/564ccd2c70b04568920f4c3129128d6d.jpg,1
154,9458,32424,train_data/83cd2955c35443c88985e9a436d03e24.jpg,1
155,1092,13951,train_data/db8b07166f1a49b588aef510a165cdfd.jpg,0
156,7780,12111,train_data/d1c86e7f1c004dd7b6cf4ed48853ed07.jpg,0
157,11067,76649,train_data/8724a0fdc8844510bbcfa50c1538fc26.jpg,0
158,19826,40898,train_data/060e4a2128e04f5a9d692112c3a4444d.jpg,1
159,6730,76060,train_data/f60d38e7a45b430b984c26d9f58a8114.jpg,1
160,8178,77970,train_data/9b2f8b4edfd24eb1a7a6171af6f1ba90.jpg,1
161,5701,20465,train_data/54cd03cdeb8345438b62e98c7c2d9dee.jpg,0
162,11759,69722,train_data/90e9a2f5f8f04313a2694f58fd25554d.jpg,1
163,8914,79398,train_data/3daf53318fca4b4c97b15b04157f128d.jpg,1
164,6903,66723,train_data/56e262a5bf384212a047fc5b7a2ff434.jpg,0
165,5332,49654,train_data/7ae9fac5ceb644fc9c3d8ed067fd8155.jpg,1
166,19702,36891,train_data/30dd231069dc48d0b968c782f0bbc2d3.jpg,0
167,9409,61257,train_data/b0fe52d0962542f6b12581cf5cbb3389.jpg,0
168,9444,15959,train_data/49bf71e80752426796a68808aa08a969.jpg,0
169,9194,14293,train_data/6ce2726abb604156922369a6d38780e8.jpg,0
170,10240,17588,train_data/d2772c9adc074a5cbe0fd187e8e1c232.jpg,1
171,2676,16234,train_data/8c58ee63767f49599d2052511a8ad720.jpg,1
172,4614,53613,train_data/cdee440d987f47e180642576390ed7f5.jpg,0
173,14728,30520,train_data/9bac402b75a648a5958de8336b29fa37.jpg,1
174,18344,50834,train_data/319dabd1a18947acb04b06720cbe393b.jpg,1
175,447,71239,train_data/a2027fa6034a4902b7059d14cf1ca1df.jpg,0
176,15238,68360,train_data/df46c2b3ff244cfc9212a507172a37dd.jpg,1
177,17425,10361,train_data/1ff8822361c048a6a4e510647962c8f5.jpg,0
178,9626,41533,train_data/58b27d1ab1e4489e8660b5154eba0a2d.jpg,0
179,4980,77723,train_data/c3d06bab5c7f4907ab682a4320b13aa1.jpg,0
180,14975,10241,train_data/9766a08330c7488d90684942dfbf4aa3.jpg,0
181,17464,38033,train_data/4605ec178a304d15897590cc28f5c90d.jpg,0
182,6153,45804,train_data/eaa48c3cdc6344728c8a977c25b630ca.jpg,1
183,6868,55825,train_data/772bd34ff56f436fac967a84b3dca987.jpg,0
184,15931,39393,train_data/f6d3f3d3033948438edad7fda12d8472.jpg,0
185,19187,66360,train_data/0caa01018ad2421082e26245ba0a6c82.jpg,1
186,18482,61058,train_data/f53c654877bb49dca351caea0ea9b3a6.jpg,1
187,15391,47898,train_data/84612dbee6d14ae2aac734b759215cc0.jpg,1
188,1768,21391,train_data/bd0ea2301d7a45ef98aac046ec5de21e.jpg,0
189,6512,55503,train_data/8663fd79015e4efb8f8c698896f5a84e.jpg,0
190,10815,25222,train_data/5571c6ea3c664bb0bc5cfcc567911df1.jpg,1
191,14886,69477,train_data/35c78a2ea2ab4acb9195a16d879c9018.jpg,0
192,15258,34784,train_data/1f6e005cd505436c93ada0735417732d.jpg,1
193,13585,4456,train_data/7f492e6b4d6c473397341f9a9668da49.jpg,1
194,10399,6973,train_data/f0cce086377b48f68438790e78f52f6f.jpg,0
195,15510,4179,train_data/a263e686625b42bb93051df91cae515f.jpg,0
196,3826,19002,train_data/c1b5510b533e4861b477190b315a2855.jpg,1
197,18695,45782,train_data/f6363f0b67954d3a8efd72ee4dcc2787.jpg,1
198,15017,68095,train_data/d1f69ef630c8436c8624943e144f6902.jpg,0
199,14457,59563,train_data/df7b53e01cc94651b70a8fe23f6c0e08.jpg,0
200,5654,65397,train_data/6d494d01c33e40e98be90b04fafcd896.jpg,0
201,12792,44665,train_data/5fcbff3d46c740b590fb1da2312014c1.jpg,0
202,3578,35015,train_data/48b0afa905414704b1078f3a34978608.jpg,0
203,6814,46106,train_data/a7c1615859ae487f8d5d9530e613dd4c.jpg,1
204,7791,29614,train_data/e2758056f91f40648dda06296303e487.jpg,1
205,7439,32621,train_data/ba53bbcb4a284dcc8be2a9db5a264658.jpg,0
206,4115,33244,train_data/7ebc62fa210b438e8adc94ea88530ded.jpg,1
207,4325,73012,train_data/691ae57466504d67b25b245392443561.jpg,1
208,8242,3826,train_data/9cce7f054d274625a047b6a5cfea09ad.jpg,1
209,8043,67871,train_data/338ac7563eb84751805900b944034efc.jpg,0
210,4013,64195,train_data/adf11b9087ad4ca8aa71f256f196b9c9.jpg,0
211,14045,61333,train_data/10939a0d72984ee88f56e816c871c978.jpg,0
212,14200,42435,train_data/6b97c9043efe4681ba4928e3d652e218.jpg,0
213,19131,3251,train_data/7c61d2a88a604e958d84774fa1b95989.jpg,0
214,9539,31622,train_data/e8ffea5f2af14a128d2cd29f5540226f.jpg,1
215,14585,57216,train_data/1fb236df26954e709b5b3d8f1cb702ef.jpg,1
216,2754,5173,train_data/7fd40cef30ac4a2da6060bf062cc7efd.jpg,0
217,9750,74204,train_data/06570c810df24839bab4c35ed5918705.jpg,1
218,10383,13644,train_data/8d1e17e728df4a78a46d0882a1bd3266.jpg,1
219,10761,6314,train_data/3b42bce32be24e4a8bafcc063f43cf72.jpg,1
220,4199,8466,train_data/7ea99034220c4637a75ef0902536f26c.jpg,1
221,11198,41699,train_data/e9ef75a18b824285928ed0a35c3f866e.jpg,0
222,8565,24465,train_data/ca40e6d6cc544c97bf32c259fe777450.jpg,0
223,11199,2495,train_data/f9c39bd1aecd4c879c468abf1930c762.jpg,0
224,2937,16554,train_data/a82c82e0e26e4cdab182c0ec31134350.jpg,1
225,1297,11047,train_data/70213276bf3e46ecbe208a11b22c0cb4.jpg,0
226,1527,58236,train_data/aa5afbc951a44157a8c9fa1bb4003b77.jpg,1
227,5566,62186,train_data/23a13a65cb60481d88dd1fb3138009e4.jpg,1
228,14614,12824,train_data/32355a2ba6ef4ba2a99112562fcc1c6c.jpg,1
229,6482,58803,train_data/61af83aab3bc41bda083bd88c90afbe7.jpg,0
230,7070,9994,train_data/5aabb0143bc748dda1ed0e58845a1f6f.jpg,1
231,5945,59573,train_data/7b9b04047b904502b4b96d0ef7e0ac3e.jpg,0
232,13714,73337,train_data/b4fc3aaa43b344e0a1298fdd2214a0c7.jpg,0
233,3168,26894,train_data/0ffbbc14a6904be591d35ff5aa14080c.jpg,1
234,17740,12990,train_data/defbe1995b2042d6a2da98d19c94657e.jpg,1
235,10824,78388,train_data/af8d64972e10468a919ec4f3c44412cd.jpg,1
236,7677,37698,train_data/5d57694982764fbab8607029fbc4b392.jpg,1
237,1962,45545,train_data/dc3359f6f1bd4b2ca5f112369a8231fb.jpg,0
238,15188,27705,train_data/d2274d9c47ab45e19aa4ad4155d52a74.jpg,0
239,13444,39639,train_data/3f1d00d1134d412f8ad996bccc5ab555.jpg,0
240,3314,77731,train_data/798e8cdea1684f0c95cf4f66eaab68ce.jpg,0
241,14699,21111,train_data/9ca49d7fe2ed4c9a91f68df89ea41ff1.jpg,0
242,8406,52019,train_data/27851c7a9af041279874d37b76f51ba9.jpg,0
243,9188,70117,train_data/18fb286ae7464612ad257e80dbe4a52b.jpg,0
244,6301,46758,train_data/c4ac39fa3d714d13a77ad844a1cc9adf.jpg,1
245,16102,16910,train_data/f9ca6fd3c397463abb8270671e12a92b.jpg,1
246,4518,33421,train_data/798639f842474d9695690379ffb5d5dc.jpg,0
247,14029,58101,train_data/a9f4cc25f2724f808a874ce9e34b6e41.jpg,0
248,3958,79636,train_data/585bc6ed3c1145bf8b60b9e0d8db43f1.jpg,1
249,11102,8085,train_data/9f42d19aced44947a99160535446c279.jpg,0
250,6824,74834,train_data/dea97a19d21a4936a25bcfb4a01308c4.jpg,1
251,7841,13108,train_data/3f11276c0997429dbd4094b8e0da06cf.jpg,1
252,16058,25487,train_data/f9a25f256d14490183b581c677eaca8a.jpg,0
253,5357,458,train_data/f698b93cb7124ac2b51f0c813fa93584.jpg,1
254,2380,56900,train_data/b1815d9dd15f46c79cb477f6c78f551b.jpg,1
255,2386,27878,train_data/f12191910815463789e1b2871f033ad0.jpg,1
256,2129,48501,train_data/ad6e79f1df3e44f795c2eb293b094626.jpg,0
257,16786,47430,train_data/2eee3e9c541c41abb502a6dc3b890542.jpg,1
258,11625,76275,train_data/39b916242f1345c6ab0e8ce1e7d60000.jpg,0
259,18275,10629,train_data/e113768cd2684ba29118352f28b4d6af.jpg,0
260,7899,39416,train_data/73ca6cecb4fa491b9aad2502b8102921.jpg,1
261,19665,70056,train_data/834b559389ca4254b6222addfc9fe8a7.jpg,1
262,15637,34286,train_data/a81c9b9adcfa468bb977c41bc5e717fe.jpg,1
263,8142,69874,train_data/911f8ae9d8054a208a167035e92f1706.jpg,1
264,18280,73315,train_data/b8fc7f96b24040658bd7b91d37aa28e0.jpg,0
265,10431,29892,train_data/7d5575e9592e493db3f5ffeaff9a22cb.jpg,1
266,8091,20814,train_data/e085556f34384b20a70f0f6754132c51.jpg,1
267,6874,2320,train_data/c20d17d95e1e4050ac8bd609d0e46824.jpg,1
268,15511,16174,train_data/9f6a1e64478d482490681309ba631cdc.jpg,1
269,7348,78767,train_data/3e16959f7516485985bdcf98adfe5167.jpg,0
270,3048,55636,train_data/c9545b39e52548aebc6805f8080c194a.jpg,1
271,474,47488,train_data/e6fb23d62fe44088ab8e20ab22edb44d.jpg,1
272,9056,77805,train_data/91e710364f82425488e6ecf3c1014d33.jpg,0
273,3721,20663,train_data/0cb7ce17cc5440beb8c978aaff5e2b28.jpg,0
274,6245,40354,train_data/53de30e1995a4a56ae17e3de3fe75a3c.jpg,1
275,3922,70336,train_data/84b6d937710f4d3087c2f5fa03b8f740.jpg,1
276,606,66028,train_data/a2a3a2aa29034ff5a08ec9905e594c85.jpg,1
277,15765,1048,train_data/be2cd475ed3d432e95065c65f0a2ea4c.jpg,1
278,15576,31446,train_data/8e29211b390d4ccb9d5e613061aa2162.jpg,1
279,15273,38824,train_data/f36bf1d604c541ea8e2b98c255856abe.jpg,1
280,6844,54299,train_data/440a5221734648268bf2aeb299e5497d.jpg,0
281,16791,7007,train_data/8b7733eb15314bbd89200f5e0ed48a20.jpg,0
282,5921,62925,train_data/83a0a8a77d124220afbd4bb9ba3481af.jpg,0
283,503,68912,train_data/e95fee12ebd34081b5f2f45505b0cac2.jpg,1
284,980,8615,train_data/592f021d204a44888c0e75a35ec842c2.jpg,0
285,18145,15184,train_data/864a3c3cad794a40ae230f5f64780266.jpg,1
286,16051,22520,train_data/f35332efc7d64810bf78f185b2beabde.jpg,1
287,13742,59759,train_data/a7b1fb23ed1649abbd7b93d6cd4739ce.jpg,0
288,17061,21267,train_data/4b54300d14a440048854b7690f57231f.jpg,0
289,7359,28309,train_data/bf566e1f391e43aa940fec1a26d6891e.jpg,0
290,1114,53789,train_data/6186228c7d684cfeaa8bbc96015b7e34.jpg,0
291,3571,23690,train_data/28c320865b174ceaa2f5046115ae936d.jpg,1
292,351,67989,train_data/b3c64b24f58d4e25b12bc809fff96911.jpg,0
293,12477,37316,train_data/593a770937874576a62bf865665843b4.jpg,1
294,7462,31418,train_data/68796cee55fe476a9287664971903c8a.jpg,1
295,718,58723,train_data/ee60803b33924024b97b37b2d5f06011.jpg,0
296,18462,77565,train_data/9213bdb04f7848d2aaeb2e58f4609932.jpg,0
297,3100,17095,train_data/e2cd25167f0a4bd98794f9ea9baad162.jpg,0
298,322,15967,train_data/a8af3b348bc84c19a0c71ae8ae8e3b75.jpg,0
299,5903,26159,train_data/55f6040e139743c2878b3e86635b9c00.jpg,0
300,7144,52206,train_data/e1746ac62ed84406ba6c359763363e91.jpg,1
301,15427,60322,train_data/3f4c76986f0b441c9f195025cd34bf5a.jpg,1
302,12107,26624,train_data/2f4e3d0c5e49445eb949aebddd215967.jpg,1
303,9616,58332,train_data/16188590e50b4744ab072b8a90fd08df.jpg,1
304,18228,44650,train_data/5aaf1ae700804509a8746dbab164c9f5.jpg,1
305,1489,36529,train_data/6b04c11b786c4061a9ca0de97382b39a.jpg,0
306,16512,76510,train_data/5de99167fb6a4d12a64b74ddddf69c9a.jpg,1
307,13677,46822,train_data/6ef9df7b60ec4c759e3d88dbb2b1d2ef.jpg,1
308,18518,44971,train_data/b4fb060e21234867b2253f0f35008b0b.jpg,0
309,6392,50166,train_data/718c304e43b5432ca4a7829a081a43ef.jpg,1
310,18396,78222,train_data/eb58e4c6d88742ae8fc0143a3dd0e6ae.jpg,1
311,14578,20260,train_data/cdfb6ecb1aa24d1a85be16ca6fef76f1.jpg,1
312,11433,13238,train_data/1506287bc1fc4b5eafa9a183af6d6a50.jpg,1
313,8416,8790,train_data/d43dfa848a1545bfade258d8ff5eb2a9.jpg,1
314,4740,78420,train_data/d8726e52e30c4d7e9b99c3a600e27338.jpg,1
315,18601,35594,train_data/9d80eaaa38b7437ebcb0c555a49bb518.jpg,1
316,993,66768,train_data/8399c10ced1240edba2688637bc081e8.jpg,1
317,13995,23962,train_data/1fc0f97359574da9a6df1521a514c4c1.jpg,1
318,3125,35559,train_data/c90a0c341ef2419cbbd1e933add5f1f2.jpg,0
319,2579,4810,train_data/40a5075ecbc84779805a0d9ca3ac4199.jpg,1
320,7395,37945,train_data/c1fb4106653a46679044c3485956c0a3.jpg,0
321,10657,62923,train_data/e4b1426bd4c44b679560cdace440e488.jpg,0
322,15532,45275,train_data/34a6ed6affc049b5a10b2161fb42b0fe.jpg,0
323,16649,28684,train_data/52efa9e192f54e88be02eccda0faf825.jpg,1
324,4572,30738,train_data/7de6e77666cb4153a54fd69ceb1aff31.jpg,1
325,5846,74266,train_data/55ece2cebe8240408fd5c0be8aa96a96.jpg,1
326,4293,1967,train_data/6e9ba4da7d0d4614830833e32a8b3dc6.jpg,0
327,7660,33767,train_data/9192a5f484724f0288ae1461b18491cd.jpg,0
328,14381,52324,train_data/fea1abd5ffc84c8d92fa45904e813d39.jpg,1
329,14873,76709,train_data/a27043af0f53444f8326e99485d708bd.jpg,0
330,9515,18425,train_data/bc994ddbc55c47e1aec8392f8f5a8e63.jpg,0
331,936,7246,train_data/cf3a772ae34b45fe80968eaaf7a1563d.jpg,1
332,19173,40200,train_data/f2401920780144349a9cd3ac045342dd.jpg,1
333,12263,70413,train_data/9fc78f5b371d4b3d88913e64b09a4823.jpg,0
334,16421,59549,train_data/7f12bf666e54431aa2ddf86a289c2b79.jpg,0
335,8865,71807,train_data/7b5b6821bb3643fda80b85fc48d08506.jpg,0
336,8839,22721,train_data/442a1ba99a8441a8b704ad71f814d459.jpg,0
337,15496,16141,train_data/f56f25aa97db4b98831b8237b8a2387e.jpg,0
338,856,30468,train_data/3aacca8fbb0e4c9ba33efc294486e430.jpg,1
339,16961,43165,train_data/a591b5b308574f0da0476831e92fca36.jpg,0
340,5115,32094,train_data/7a76ecb715824801a75414b9e743d477.jpg,1
341,11324,43844,train_data/8e11b90cea394549b85c1f4402437720.jpg,1
342,6826,23491,train_data/a5f5a031585d4f1082bbc45f1618b5ad.jpg,0
343,9785,7952,train_data/f912356f04ef4078aa0ff0119dddf48f.jpg,1
344,812,14365,train_data/6139755c140b4bec95e083a2b24c9335.jpg,0
345,119,34800,train_data/b38072bc66014f0a9db61da1e031495e.jpg,1
346,7302,65340,train_data/9407ad2102f64ee79086a8b32851a3d6.jpg,1
347,4413,11668,train_data/86ae21bf3ecd4099b8426e2bde241633.jpg,1
348,11248,3761,train_data/fe67da725e9b4f21bb331523af217f0c.jpg,0
349,16817,46268,train_data/4dbaf6cd32f743dc949b4f9fdaada749.jpg,1
350,2003,64597,train_data/db675d7892fe437cb75eedf147562bdd.jpg,0
351,8086,44320,train_data/393adcce352e4dfa9b16ae82343b7f17.jpg,1
352,14310,23939,train_data/48cf287b520e409cabf85e62887fa247.jpg,0
353,12566,16596,train_data/6183c2295cee49fcadc47acb9fe8da18.jpg,1
354,438,14254,train_data/cab464e759384a81b39eba96cab94948.jpg,1
355,12304,24865,train_data/f6729ed757884055bf3fd664066a9acd.jpg,0
356,12862,29761,train_data/599b60c46a92477babc022143647c3ac.jpg,0
357,127,979,train_data/5bb2e71a5a2748a08e38a2247be0060d.jpg,0
358,19976,67842,train_data/23c9ac5f39f944d4ac70a699d434dd44.jpg,1
359,6778,39089,train_data/cef7d5af0aaf4df38b255e6bbd02182f.jpg,0
360,16477,28422,train_data/cbebd61c9a8e4e36abf17cabf585a6dc.jpg,1
361,18923,7964,train_data/a68dfa5c847445da9398d60d510f9ecd.jpg,1
362,8704,44178,train_data/89e97ed39d844cc69f2da0fb22dd9438.jpg,1
363,3503,70866,train_data/1bc32e4aa4dd4d2ab1a7862aeedbc1be.jpg,1
364,18632,56175,train_data/68ee70e687db470e8ade1496e646b96a.jpg,0
365,9594,51295,train_data/23417900c6ba4dd59a077265c4845956.jpg,0
366,6350,63872,train_data/1f6766c93809474faaa37dd07737a26f.jpg,1
367,2885,71691,train_data/8713b755192045d09658cc649b60a9f3.jpg,0
368,11836,5791,train_data/a5fffeef5596463aa3188b418a1d6758.jpg,0
369,6422,51996,train_data/7107ae1586094cfcbfbc9547d687a1dc.jpg,1
370,3274,56469,train_data/0b9f04fe2d554cedbf74017bf74dd6cf.jpg,0
371,18489,75227,train_data/285e9b7dbfc6498fa5f7a41d9f339e83.jpg,0
372,11148,23262,train_data/768d36dbd30440128db048d9134809be.jpg,1
373,9723,66724,train_data/bf7a2d0b07394f0daf7934d10841b424.jpg,1
374,16124,35668,train_data/b3a1e01bfe2a461897a40b42ee5759f3.jpg,1
375,15804,18790,train_data/a7b0cf15e6974cf1acd02330e73e156f.jpg,1
376,12554,30256,train_data/337578f8fd77403da7f84d1c04bc7934.jpg,1
377,14313,45392,train_data/31b301ab98154ec2a0833001875e52d7.jpg,1
378,4706,40248,train_data/1e7898a9d2d247b3b4d1d64dde1f93e3.jpg,1
379,14825,64525,train_data/51ee1ca863d1499ab3ef6d1b92260561.jpg,0
380,3248,22145,train_data/f0f4f4d387b046259ba15bbb00ff0497.jpg,0
381,19510,12508,train_data/9b3892a44e0a4f6895e69d92bed6734b.jpg,1
382,5687,68787,train_data/001552a92c59474ea3d1abdc65317e33.jpg,0
383,18637,7790,train_data/9b22e2881a61402ab91bc7e1dd61b9e1.jpg,1
384,19634,64681,train_data/eaa2af4dee014678a2668f4d55adb139.jpg,0
385,15400,42970,train_data/3b90db799d4b403a8aa64ca79113001f.jpg,1
386,13300,19571,train_data/b7a540208b004a46a59616206d46e02e.jpg,0
387,6583,46864,train_data/d941f4e94afc42e1b346fb2856d114e3.jpg,1
388,18239,4392,train_data/091deed8a2af4ab6aa67033669239298.jpg,1
389,15178,58112,train_data/162e5ca1456d4b63940debe5ac1d0938.jpg,1
390,19120,68003,train_data/40334016ce804b0081e6ae954e83c1e0.jpg,0
391,15332,4269,train_data/0a5bf86a48c542799c06b3b5ad083ae2.jpg,0
392,13888,7060,train_data/6ffb933aaade4d9caa6f2bb62aae44f8.jpg,1
393,5268,24625,train_data/30fa298bc8714ed6837555a194419329.jpg,0
394,2325,13466,train_data/a650012e5301419db15724400ca7de20.jpg,1
395,8342,12662,train_data/4684b97bdf77436a8c936ef284c59115.jpg,1
396,1729,72043,train_data/d441697486bf4221a8e254ad25d239d7.jpg,0
397,19441,9582,train_data/5a9890f26a7346a985d9c1b40ec13198.jpg,1
398,5112,63487,train_data/5913141736874e88998131976def1d81.jpg,0
399,4985,564,train_data/67ca034107ac4cfca12f8507a7c5f66f.jpg,1
400,12766,63900,train_data/0140678dc21c407e957da5f8b5f5a79d.jpg,1
401,16730,22532,train_data/6272f46e7a35403da91b6481d4e6f360.jpg,1
402,5380,65315,train_data/4a7c1fb9139043179b29cb49f91e8e9c.jpg,0
403,5589,79606,train_data/e6ccea57428d492aadb8e92379f5a87f.jpg,1
404,7803,40283,train_data/0637a96ebe5d4221b880d0de07b6078c.jpg,0
405,8956,47532,train_data/52d8ad5ed09249c79d4264ea85caa7f1.jpg,1
406,17652,65422,train_data/34911ec0ac464e95af627b576a2a6805.jpg,1
407,16201,11429,train_data/f69722968fc5408099ba8a76bebed139.jpg,0
408,5735,48614,train_data/ecc91914d17d48f0bd6def6ffce22447.jpg,1
409,8910,54269,train_data/3992714774c24aeab6a7d55ae4d2010b.jpg,0
410,6311,11076,train_data/c4a9ba77d0684a1eb9391b240fc36275.jpg,1
411,6669,26054,train_data/054c0943594a47e8add14048aff14e4d.jpg,1
412,4949,37889,train_data/cb43266ac6d44f549c76c863c6f46853.jpg,0
413,8387,3694,train_data/6e0d15dd296447318fb06abbca0d7753.jpg,1
414,17975,7133,train_data/d0af6cacf0ce48b886307c3276711b9f.jpg,0
415,13419,17277,train_data/da14f23e5f4148628632afda3a56329c.jpg,0
416,18420,21109,train_data/c322efca06344cf2885dc82e2395816e.jpg,0
417,5943,28218,train_data/8024feccd61f463299008f8e082b778f.jpg,1
418,10476,40926,train_data/875b2502ccb04a38b6fa98f9d706a0b8.jpg,1
419,4140,27974,train_data/6deeed17bed4451ba00279c825240b7d.jpg,1
420,17309,51650,train_data/e84ab0d9d0a8470ea80abe3c5130fc04.jpg,1
421,14959,21659,train_data/abdc580564344bac9bf79c283f9e16e5.jpg,0
422,12639,57247,train_data/e203835b14774413ba7d60901d4704a6.jpg,0
423,3282,43249,train_data/8c4c2121db1749709382b9b123e0614b.jpg,0
424,16484,11505,train_data/2d3bf46df70c48b79d2e0165471c825c.jpg,0
425,115,46087,train_data/1b67061c17d84d84b0f487910188379a.jpg,0
426,6335,53758,train_data/9655dfcfc6a8400f9846998d56b2ca0c.jpg,1
427,18562,26310,train_data/1f787a4f90cd424797f1a5dc7ef31cc8.jpg,1
428,19650,76294,train_data/d35f336030194f199f431e4188054011.jpg,1
429,12965,25571,train_data/800e696987e94ef3b1243176ce8d6d7d.jpg,0
430,18566,71189,train_data/4d10a350cd0542ef947a5d6c9af98a90.jpg,0
431,11731,8489,train_data/8f3c1ee69ce84444847c402429d21fe0.jpg,0
432,4037,55770,train_data/1ae3c7fe2d3649dbb09dfa1787f95cce.jpg,1
433,9664,79614,train_data/8075b3a34e464de08de90349ee7d1c6b.jpg,1
434,12544,21974,train_data/0c6150906d63420ea9696a450ce0db11.jpg,1
435,4547,10950,train_data/f0641945bd6f44689f758048af0d7eb0.jpg,1
436,7319,77137,train_data/7a85e930cd974b40823e946b5f94f198.jpg,0
437,8739,66239,train_data/373017514a7f4250b78d3f98e87b1fcf.jpg,0
438,13322,43926,train_data/75e658db2cfb4e44b5a7659b5511f392.jpg,1
439,9364,1022,train_data/28bc65bc2e394d6da5b9342f5956280f.jpg,1
440,11665,59829,train_data/8e4f2045fa5b4cb2926d0dd725fbcd12.jpg,0
441,5106,16379,train_data/273910ff58524d87b840107d69f14d82.jpg,0
442,7038,48191,train_data/f5e16e8988474dfa802ca395b09aaf5a.jpg,0
443,18920,67476,train_data/40d65bea78ce42c5af105f21974c1d93.jpg,1
444,16763,21240,train_data/887faa4d7a64481aa0ac26b955633032.jpg,1
445,10718,35235,train_data/389f0401e7104f1c92bc978dd7111994.jpg,0
446,341,54652,train_data/5c7146aaa00c4d61810ad569afab1e7b.jpg,1
447,1704,26879,train_data/4b375686eb424b66ac5e9a38a47c7353.jpg,0
448,18459,58814,train_data/2f13835547a6476b80bce59f489306b3.jpg,1
449,484,3563,train_data/d3f61caf22064d4f9605b6e4cc83e51a.jpg,0
450,19480,21580,train_data/42f113dfed5d437b980645203c7e0e39.jpg,1
451,16895,49381,train_data/ad861c0717d9424585834bee05e7ca89.jpg,0
452,313,29705,train_data/68b7082318be484db8131c17cc4bcb5b.jpg,0
453,10572,50372,train_data/b8bbb1d5a6b049019c02d0ababc2ca9b.jpg,1
454,10037,40143,train_data/68672976900941ccbf6bdd6cebd49c6d.jpg,0
455,9842,10562,train_data/f2452b9ec9a6409b8f7da4398a01111f.jpg,1
456,6462,46584,train_data/863fcc6d32d94a0e8f860432421a4f54.jpg,1
457,1981,76535,train_data/df2ba659535341698c6ffd772611219c.jpg,0
458,16812,11040,train_data/a74a16746516459bb4f93aa7a31f705a.jpg,1
459,14293,35872,train_data/600a2f05f87e4e35b142571906fd3cad.jpg,1
460,11152,48823,train_data/8edf5039327f41028eaee3959edd3599.jpg,0
461,4128,51713,train_data/a2ca7bc8cf8b4bb088bee0b856ed8265.jpg,0
462,2948,16778,train_data/882720d948c84688b68eaa1dbe11aae6.jpg,1
463,409,43657,train_data/9fdf3a0ff4524e39a55b08f8c9ce0b9d.jpg,0
464,14767,34646,train_data/d84ed498845c4f618f16e00090f6b876.jpg,1
465,9704,67929,train_data/88bedd0a9cdc4f5ea6652186490b0264.jpg,0
466,13266,41170,train_data/36f7aad98b1f48578afd639952c0b5ba.jpg,1
467,5996,32798,train_data/8ded0f1c65b1436db435a5b1b3bc432d.jpg,1
468,4400,64287,train_data/333ba66c02e9422ba4f18ab79b562315.jpg,0
469,15049,57778,train_data/94a69000e2ab469195103a5942d4408c.jpg,1
470,8197,53876,train_data/8b0a505e0c694351bdde3a54c4eb4c5d.jpg,1
471,18213,41925,train_data/1a2505330a2f4179872955ef3b3c1182.jpg,0
472,19287,45914,train_data/28f419168af84b6495e56e26500f908f.jpg,1
473,1730,15279,train_data/bfbde4ced48044be8235efd529acc4ad.jpg,0
474,12085,41452,train_data/edd7ef38321345acbcef8ad2b9e404e6.jpg,1
475,4935,12319,train_data/70be94ab98a947c8854efc2340a26b6e.jpg,0
476,5714,74726,train_data/a4320a2629124b0d8853e5c8f2f90fa0.jpg,1
477,18837,55403,train_data/b99cd8bc66ab4e42abf655699b0f2aa6.jpg,0
478,7068,75865,train_data/cbfc1fd3407341b1b3c3bc6da7e9ab26.jpg,0
479,10366,24674,train_data/47c8a83ea4b742079a2a89f6ac6e6706.jpg,1
480,17121,54332,train_data/be85ff126ba64cbba8b6d03303e607d1.jpg,1
481,5561,55231,train_data/ffd60e149fce40fbb80b708ce3a1bf5e.jpg,0
482,7495,70106,train_data/fb37bfef03874b708cf9550edd7f4bda.jpg,1
483,14604,49583,train_data/a1fa277f753b4ea18e50eb045133c399.jpg,0
484,7468,44670,train_data/d08748839fb14aceb42d83aa24eb76e7.jpg,1
485,451,56400,train_data/481086bdc99945048780e9490199550f.jpg,1
486,18611,4385,train_data/33cc9c6c32b6486da25072c5db49ed29.jpg,0
487,19567,58100,train_data/82f6681c81714a969cd85a1574a566a0.jpg,1
488,11806,19548,train_data/f31aa22fe598448ebd3c1e84121ea642.jpg,1
489,247,67430,train_data/bc275c1a5fc74eb984b3cd9044e860e5.jpg,1
490,14326,61311,train_data/cccad4035ed245f08c2f07c4843cb1a0.jpg,0
491,2034,13949,train_data/1b4b97f4b9c14f69927e43c7c4816e61.jpg,0
492,13491,3313,train_data/eaedc48649744d7aa4fd4aa70f406e8a.jpg,0
493,17620,22034,train_data/76e69cb1914e462f82b05740b47315ad.jpg,1
494,15110,71614,train_data/81937d183fe8452291dd96ff8fc79e73.jpg,1
495,2624,58193,train_data/80c4f57b02274050a59439da487a91cc.jpg,0
496,3485,74175,train_data/9959a6a6bafb40e69de3cbbe26b21168.jpg,0
497,14953,60745,train_data/6b1b707d8db141d78e9cae000ebe254c.jpg,0
498,17605,71748,train_data/584b69b716f94b30801e145194e49d0c.jpg,1
499,11318,14881,train_data/44405c6478ed4f1abad8335734c5dfad.jpg,0
500,13753,75014,train_data/5fb0d401e68a428394a46cfa2d83ee62.jpg,1
501,9003,49596,train_data/8608adc859f346ac8a51a7efca08c21a.jpg,1
502,17718,41213,train_data/dced201f50a54b98bbae5968adaedb9d.jpg,0
503,4504,38832,train_data/22a1e3404197487aad292afd4bb5eeab.jpg,1
504,5230,74498,train_data/bb2ebcdcb5644b7dabcbc45d81693955.jpg,1
505,16072,21729,train_data/66dbc326adcb454b87d5518e7ceebf9c.jpg,0
506,9559,15632,train_data/c133997aa8dc45318887250f9989d405.jpg,1
507,18861,20512,train_data/8ac34e3d14154e6581081c5c86d89406.jpg,1
508,8492,21835,train_data/3ee998ee71934a12a4bf3f78c1dbe437.jpg,0
509,4442,12687,train_data/a6a0ab1794b949268e1995d162dc01a3.jpg,0
510,12159,10887,train_data/1d4cb0e21e0d4f34b1d048d17e4ba437.jpg,0
511,218,66297,train_data/bb7783be98c548c3be30eb0df9cc12ed.jpg,0
512,16468,49472,train_data/8208c0fe917146fdb492fd8023709c49.jpg,1
513,3050,39088,train_data/b90a24305cfa49ff9ac00cc4aeaf6c7e.jpg,1
514,3458,27558,train_data/652bf77874cd493e933147410ebc6ec7.jpg,1
515,13940,34317,train_data/9b39c86b12704451ba66ebb41b70dcd1.jpg,0
516,16356,26353,train_data/b0bfd33791ec403588d73c832cb348bd.jpg,0
517,19020,69633,train_data/958fb14b92a644449a407314fe219bb9.jpg,0
518,8585,51323,train_data/585d047adceb4be39087f4d892e63fca.jpg,0
519,10877,47261,train_data/7eab2399c6c94605b68be23bb350189d.jpg,0
520,4296,44924,train_data/fc048b8d667049949bcfb16c242f1af9.jpg,1
521,16582,26058,train_data/67584b4ec3ad47dd9c90dc1d8a1865c0.jpg,1
522,18298,74233,train_data/0433eb45613d42e49a04db04374f1bc5.jpg,0
523,18064,16700,train_data/f53d161e3a204d0fac1c30fc9a394d73.jpg,1
524,3233,3403,train_data/1f97be3dd0eb4d5f9c2a492b285d3909.jpg,0
525,19913,20364,train_data/b58007dbb5dd4225bb33484b35ff99ae.jpg,1
526,251,57663,train_data/28b1a150c1894f509c3ecabbb7763e51.jpg,0
527,11799,27673,train_data/33c94693d05a4208875b59e45cdd983c.jpg,0
528,3836,7718,train_data/fa320d9272b14ebca167047e207b0329.jpg,1
529,6056,19892,train_data/f410ddc193a547e5b66bfb22c7dd53ce.jpg,1
530,6689,37587,train_data/38e9ccd4e14348149bab91c6c4b5c7ae.jpg,0
531,5685,21713,train_data/2dd30fb8cd6349a3b7d82c39d2d6b5a0.jpg,0
532,19227,63807,train_data/5e318f1126c349d8bc3bdd00482072e9.jpg,0
533,16656,65667,train_data/77a0820aa2a941158de73a9df86b18ef.jpg,0
534,16554,17631,train_data/8ee486bee99a4a9dabbd7bdd3f40544a.jpg,0
535,326,79743,train_data/6eab32f20e6b47ce95efc7afe955625b.jpg,0
536,2959,20225,train_data/f09ba10302a843389f76e6984f0b2926.jpg,0
537,17256,77042,train_data/45d110b4afb14240a93c63916b013c96.jpg,1
538,8355,66517,train_data/aec4b1c11cb3464ca3c0f5a0fe5d9e18.jpg,0
539,6241,15666,train_data/8497284f76d14a5cb433ec79d157df08.jpg,1
540,10223,65041,train_data/8e28ce2badab49e9997a4f0c04413b29.jpg,0
541,9138,4591,train_data/acf9af1193b74582a5e096462d487c1d.jpg,0
542,1599,20507,train_data/c5294ef3dbca491d9154f784a060d500.jpg,0
543,9495,44340,train_data/325fbb5dd5094935bff7369ebe6f8a89.jpg,1
544,6161,74884,train_data/eb285c5e7cce4799acf76ff031915532.jpg,1
545,6051,72194,train_data/a886fef54558415e8c8958f9c206dac8.jpg,1
546,4999,18360,train_data/58cfd950111e41eaa4ab2fb22dfdbdb3.jpg,1
547,8870,10020,train_data/508f5069c54f491cadba1eb5daab044a.jpg,1
548,8590,44007,train_data/f65208d80a7c428bb87b7ec8c1984b03.jpg,0
549,8653,30113,train_data/054c736eaec1419e8ca7ab77a85a9a89.jpg,0
550,6950,39106,train_data/5836bf566f2a407784a4375b0ef1e512.jpg,1
551,19158,63091,train_data/b6f8814e6a28487c8386c378ae7d0353.jpg,0
552,5513,35576,train_data/e24ad3534b4c4a599446aa6911cc3b91.jpg,1
553,3589,46868,train_data/07a9bb68657b4974b813a3cf2ccac050.jpg,1
554,10588,61863,train_data/6c5757c8b9a84210abac647da6bf683c.jpg,0
555,14799,42593,train_data/76c6adf3bff341ff82c95463330d0bfa.jpg,0
556,16746,58196,train_data/4c01826b5f444770aa1a27a25f475701.jpg,1
557,14817,13247,train_data/b1849bd747da4a788d549be201a0ac25.jpg,0
558,13999,17846,train_data/ec3ea3b2fdea408eb87366a7512fb2c5.jpg,1
559,4110,29127,train_data/01948754302a442bbd297fcef91caa30.jpg,0
560,10644,2295,train_data/4cb0ddf7401c499fb8d1b3eaf9ae5046.jpg,0
561,12369,35523,train_data/c9116ba2b09d416fa50e74a923d33d33.jpg,0
562,9982,14493,train_data/deae4e7347bb4967a851701bb4d9892e.jpg,0
563,3210,74070,train_data/414e68856bb34bbdb845f6b4b972d17f.jpg,1
564,7726,63821,train_data/3c34447f0aa641069ea559bf1d3fcc71.jpg,0
565,6137,12944,train_data/9bc521330e7e4216ba159b9049c58b7e.jpg,1
566,16181,17068,train_data/cb1aab90c7914e18af2cb3e38c1bcfbd.jpg,1
567,18258,1941,train_data/47c20d2331d248cfa806bfd3efb9b113.jpg,0
568,16908,5170,train_data/c1218b9c5d2c4232b169c733ca212707.jpg,1
569,11841,20086,train_data/0c27c520949f465d90812a1ca8846245.jpg,1
570,17112,26845,train_data/bc7ec3fe3c1048ff98fcc4f2fa0fc15b.jpg,0
571,12404,45365,train_data/0db0b97173f64fc08b059956669eb449.jpg,0
572,19248,60371,train_data/18f7c778e6e440c9a67683120b8daf68.jpg,0
573,9710,78928,train_data/6172ac32bf48457cb5ddd400925d21f3.jpg,1
574,12381,35803,train_data/05c967ca8c1940a69f265f594053468f.jpg,0
575,19245,53864,train_data/040a0d9a62d44bb4b553a4298de6d53f.jpg,1
576,8129,42979,train_data/c9870591c689478e893586daaac7de69.jpg,0
577,10671,60229,train_data/411d86301d93419f859b760d083b1c12.jpg,0
578,13227,68834,train_data/c32f3dd3e3f04b6aadd1eb0e3515b3a9.jpg,1
579,10611,55572,train_data/c55a0e5228044ee2aad682b7c608cd7f.jpg,1
580,7402,68488,train_data/3478f4ab535e4278b3d29d98a0c70ad7.jpg,1
581,2444,50112,train_data/03ddd8efcae64cba855fba78161c7a5e.jpg,1
582,4388,28487,train_data/b8a6fdb857f14dd684e408d3e1e70450.jpg,0
583,6098,24891,train_data/5e512b86fc474b2d9aada0b62ef5cd84.jpg,0
584,6946,74469,train_data/092821dc50254b9dbe214e356d76a6c9.jpg,0
585,139,61026,train_data/c432352ac90b44ed918eba04cedf5741.jpg,1
586,2503,11359,train_data/a870da7c813749cab008ac2206156532.jpg,0
587,12690,12668,train_data/65832132a5b94daf9af5133d0b2ac96e.jpg,1
588,13133,20072,train_data/5091e247684a460b91af08c5612ab6d1.jpg,1
589,3073,17638,train_data/a4615cb4cf2b478aa1cf93f8866a0c88.jpg,1
590,18850,51718,train_data/52ff04594ac24be881e749fbb45ce9f2.jpg,1
591,6063,41127,train_data/89b8d526274c493991c2be17a3534545.jpg,0
592,4505,72039,train_data/3d6455e03c6745e68009dd8e68a4efbb.jpg,0
593,2207,51958,train_data/e8cb4ebc94ca417581b88e79d051b50f.jpg,1
594,3024,20537,train_data/133e1cea82fa485b8a7fad0798f239cb.jpg,0
595,2946,79390,train_data/611edd002ba34fe586cb165624553b5c.jpg,1
596,19279,64639,train_data/7ac9935ca0da4e1aa2e7336019700958.jpg,0
597,11626,51918,train_data/43ba830a0d5948b8805d09496532d32f.jpg,1
598,1419,13076,train_data/e8d0e7583b55419b880258d6709c12b7.jpg,1
599,12412,57516,train_data/8d7766a9bdd0422ab865ab87eee7067d.jpg,1
600,10509,48646,train_data/304706ce5cf9408d93da1ee139006ab1.jpg,1
601,15186,68170,train_data/58d05802c0d343a58d165ae30e7534cb.jpg,1
602,9902,41314,train_data/522f879eed274035853808001a4878b7.jpg,1
603,4411,33695,train_data/d61155031d2346b4905855d240926664.jpg,0
604,5472,34021,train_data/2b5db846f4d94f1ab49c7ccb702f8a60.jpg,0
605,16365,1940,train_data/b3dde1710f2146ca946acaa4b491cd65.jpg,1
606,16722,79865,train_data/cce3e0a108674d9aa8dde74f7d6e93df.jpg,0
607,16473,78389,train_data/6f341a69b95542f5aae69280ab677ee2.jpg,0
608,16568,24635,train_data/d5fab946bb074973b91c398c21712b56.jpg,0
609,8753,15618,train_data/20af9e154eb34cf49b39bc8b163e37a1.jpg,1
610,1443,62731,train_data/7849d331b3924245a9e02c8e8ded6f37.jpg,0
611,16239,2863,train_data/12f59c362d3649dfafb07d0f95541943.jpg,0
612,16652,4884,train_data/2322d1c181be40dfad09503c56cfc9e7.jpg,1
613,14020,20101,train_data/6651c366f9b349cf9ea00cdf98f36a99.jpg,0
614,6612,79202,train_data/132c5b99458c490da7c31604987ee806.jpg,1
615,1805,53483,train_data/c5dd7099ef0d4adf98fbab8efaf0d79e.jpg,0
616,15895,11541,train_data/824ee8d68990458eafae399539b20841.jpg,0
617,9014,58758,train_data/10ea47c6a9d64e119832c11d4fd927a2.jpg,1
618,15447,52841,train_data/7d5039334d914c618ecda714af6049a6.jpg,0
619,5887,8506,train_data/4ca31636ac034994ba140b32f107679f.jpg,1
620,8665,76014,train_data/379cba5147f24b149f254ff02459bbe9.jpg,1
621,16392,79379,train_data/fb3de26c565743b4886f2f0c98c27280.jpg,0
622,18766,4021,train_data/5b1f910731e340a5bacf123fc2a505f6.jpg,0
623,10853,59991,train_data/152af8a60c314b6eb623d0635fa0da27.jpg,0
624,16570,19384,train_data/8cf80c18c4de492282d5df77ab627b3c.jpg,1
625,5135,25803,train_data/705ded0d25ab462cb98da7c96c62d20d.jpg,0
626,15176,45974,train_data/36433d751ff946608a8fbeabc78c3a91.jpg,1
627,13251,53699,train_data/89f5098f7e7b48578acfff95b8a014fb.jpg,0
628,14938,58081,train_data/955ecd4fa2174492832aa3e355a4e57a.jpg,0
629,1006,76412,train_data/7f1de9a4f4814f62b809aac89153bb5a.jpg,1
630,16914,5532,train_data/b765c935129c49058372f0484a440775.jpg,1
631,3106,58586,train_data/b50f7b7fc00742e7b1e0fb5dceed800c.jpg,1
632,2084,5326,train_data/d847fed39c074a7ba0d6ba021347fea4.jpg,1
633,3023,3821,train_data/809242a9d60a42d980d4111985cfb93d.jpg,0
634,13976,35339,train_data/5c98895bc5404884960169488aae15c7.jpg,0
635,9085,57150,train_data/37ded69e0bbe4c47ac06b1b6e45e9708.jpg,1
636,3077,38943,train_data/27e7b088803e46ecabde70d89f64a6ca.jpg,0
637,8916,2997,train_data/aa0375c3f0574272b856c6e4e5085a1d.jpg,0
638,11935,63915,train_data/b46df10ff0f949759e3ceb520b96c977.jpg,0
639,10201,70955,train_data/7ef30ac34d2e44d59855fe8bbc91fa4d.jpg,0
640,2232,19269,train_data/17d72a68ece04137a75138dd3a3da6f9.jpg,0
641,1346,22379,train_data/6e7608cabc704b96ae18ab0ae9f5cdac.jpg,0
642,17034,11172,train_data/38b24db74ded4d9b808df9168f3da261.jpg,1
643,2448,8073,train_data/42faa7ae502f4d23a3fdc56be2046ec8.jpg,0
644,18349,30127,train_data/4d12871f86f445679ec9723bdf9a95a5.jpg,0
645,5107,16864,train_data/16bc6158295f4d92a008a8bd472ed058.jpg,1
646,11624,7836,train_data/f7cd23d9202c415584f5338334c5a221.jpg,1
647,6831,14241,train_data/4c9ac6a0e2e5498db5a1ed9a9f585841.jpg,0
648,695,62862,train_data/fbec7bcf19b14b859d13a80cc7525115.jpg,1
649,9167,54477,train_data/c0c8be0f7d0c44319b7ba027b54ca5ef.jpg,0
650,6252,35724,train_data/5934cdf7b9c14c2e8cf166c6eb32895b.jpg,1
651,16978,55925,train_data/16ff47118dee4efda08c9ddd80705add.jpg,0
652,14636,21548,train_data/7d0c1cf1dcfc429ea8543bd04bc61c6e.jpg,1
653,8709,61241,train_data/c9e73225d4ff414eaf4e3f2195669e6b.jpg,0
654,8300,60856,train_data/8b0a8f6a941a4bb3bcf8726568e9050c.jpg,1
655,6292,39676,train_data/9535dd50d9194bc48af87d35b5d4f10f.jpg,1
656,3394,76643,train_data/53de9e1d66e64ccab71a318a34503540.jpg,0
657,1282,72401,train_data/c272f303df704d85b8d3f7d34b2364bd.jpg,0
658,1087,70455,train_data/4a7592ebacf343059487bb46ccd8aaf3.jpg,0
659,2516,47964,train_data/9126814aee524e31840b66aeb55ed51b.jpg,1
660,18242,28971,train_data/29a2421d72fe43e3a1265582f45d53bb.jpg,0
661,19557,56674,train_data/6dd3f61ec70549ef866933b2eb950c26.jpg,1
662,424,7677,train_data/7e89ea58bbaf4d239b3e5c07677d5ac7.jpg,0
663,9357,70357,train_data/127a988bb2eb4568903438d21d23896c.jpg,0
664,15215,34369,train_data/aaedb8565cc948878400eac3ecf17fcd.jpg,0
665,4438,25077,train_data/da57c70ba76f4796bc075eb7e8ae68bc.jpg,0
666,2140,58377,train_data/546b90a6385c42aaa9fccf8e51ffeb28.jpg,0
667,11525,51465,train_data/4acd08faaa0f40d1b52a3b27aa2867b0.jpg,0
668,13587,4503,train_data/ef82513ce5c1455b9db22ff09191d2ed.jpg,0
669,8760,42704,train_data/254a8f8b563449b69b5db8a7115eb51b.jpg,1
670,12094,33772,train_data/49403d09c0b84f909023146eea24533d.jpg,1
671,14915,40190,train_data/26822b21613246b5a9830e461726ccda.jpg,1
672,3934,11838,train_data/e4443b8b316443858bd832e1ff44c7c8.jpg,1
673,10021,13005,train_data/1ebe0def20ca40bf810613fa567fecdf.jpg,0
674,2968,70435,train_data/d1dd8f115e5843dba1e1aef61a2c483d.jpg,0
675,10696,7845,train_data/03278dacf1c64ec99ef4c81e5a53a0a1.jpg,0
676,11333,44642,train_data/e38d07ca44254ce6bdbe86f95204bf38.jpg,1
677,13464,44026,train_data/14db981ea7c04e8a98ca6af07010abef.jpg,1
678,3068,62486,train_data/c632dbee4d7944bb832f42e380f26c2b.jpg,1
679,17500,68264,train_data/b212b15106f64beaa0fe1753eb639f55.jpg,1
680,8603,68826,train_data/a0f9872dd9814b2083e896819622b466.jpg,1
681,10957,13361,train_data/7cbc1b68814140298d25e77d8f92a6f7.jpg,0
682,15528,15937,train_data/1be8186c07d846bd83b9766cdaadf9b8.jpg,0
683,3405,12887,train_data/73989e0de7ac4a28bb1a79c2a0f17085.jpg,0
684,4954,29380,train_data/f31e8b7e033f4db4803786ba43665b38.jpg,1
685,11822,76337,train_data/54da2f788483477c928fab48e4602a67.jpg,0
686,3070,64305,train_data/32353daf9dc646f49a07a80bac9c205e.jpg,0
687,6712,38761,train_data/ed476be04cd74443ab5e7449149e59e5.jpg,0
688,16083,41333,train_data/1a33ba1bb0c043978e161ac6bb3658bd.jpg,0
689,5888,34522,train_data/59e3fbeec06f443cbc1dcdb086f0637d.jpg,1
690,13786,51469,train_data/53fbc31f20a846d399b166a5981e3324.jpg,0
691,4702,70685,train_data/0c2dd9c4098e4ae09208c0ebf4757155.jpg,0
692,2753,54591,train_data/0ca3dedde1804bf296d8b4a98107d3de.jpg,0
693,4007,22589,train_data/6bc843233dcc4de6a2476671a50d82b4.jpg,0
694,6193,63892,train_data/e994ad787ccc4104ac94c4cdff09c032.jpg,1
695,2252,67556,train_data/9eb6fc48dbc04ef4b66247b5ea601ded.jpg,1
696,4170,12125,train_data/9cf9f7fa7341410ca50cdbc6f08e5232.jpg,0
697,2308,25356,train_data/a6f691a13bfb4a1f998c1b36850c0920.jpg,1
698,2145,45372,train_data/151f7920986947909998721193a3fa80.jpg,1
699,12113,25376,train_data/2f26ae2e4b72404d8c831c71181d9956.jpg,1
700,4821,9920,train_data/ad040b2e061941279c62eaa37a979b59.jpg,1
701,11513,46585,train_data/c7517f2b63994040ae22398101f1c2c1.jpg,0
702,17670,13141,train_data/1b45d1410ec14c2f8ef08433fd0ebb26.jpg,0
703,18085,7579,train_data/da2e4c4e4634412e8c803500a1db2bec.jpg,0
704,8550,43018,train_data/a11e0970f6954b4585fd3d88ab2f6304.jpg,1
705,15890,25459,train_data/53e7747f61ad4676b9e9ca66cbc2ef1f.jpg,0
706,5572,13022,train_data/7ab16b0b951b48a9b62c2f46b2e00776.jpg,1
707,18136,35290,train_data/8edd31c37f0d469ebd202edf0f87b92b.jpg,1
708,19312,53715,train_data/f30e11fb3a0f4818a242b5e2b847cb39.jpg,0
709,2133,16393,train_data/ad9e5ff63dfa4a638f0bb3fd1f518d2f.jpg,0
710,7649,57452,train_data/67298e0210af4cc6834e05ac8ee0e9ab.jpg,1
711,2361,50496,train_data/0bbd7c299daf4709a40067ceea85aede.jpg,1
712,16948,49030,train_data/5f6ea585b06d4fa8b1be7f61072ef6e3.jpg,1
713,10477,59209,train_data/a033ca3e0a9d44d196d1888352dcf139.jpg,0
714,3204,36429,train_data/da2fa9ef203e49fda871ac327fbb07f1.jpg,0
715,11752,23773,train_data/c28206ee8d534b768caefe87a42cde59.jpg,0
716,9934,55400,train_data/a1508f68fe7d489885b33cf4544a8d4c.jpg,1
717,17222,34325,train_data/e281751a94cf4b76b5bea5e965d093e7.jpg,0
718,17165,22278,train_data/da31bbb5206842548e3c732cfb212f61.jpg,1
719,16592,24114,train_data/5d802bcba5dd479986f1f710db99ec37.jpg,1
720,8373,30745,train_data/ce7fabc94dda470fbd0d6a62df3cc432.jpg,0
721,6836,53368,train_data/162a2c2b5aca41ec9e6d3a70cdd91de2.jpg,1
722,18906,31393,train_data/3a673163d4d0471bad361f9f2471f779.jpg,0
723,19776,50766,train_data/3da41cb7a58a40408345d991a2d76638.jpg,1
724,4245,64269,train_data/a25de800ea374160b6567fb395aa2a41.jpg,0
725,19724,18553,train_data/dd05ce489fe547b4aef1b9dd13c43d5d.jpg,0
726,2127,32077,train_data/e538ca4792ca4ca1b82045b552f9519b.jpg,0
727,16263,40732,train_data/569956fe198542e8875050e0af05ddc0.jpg,1
728,4148,41218,train_data/02884e8438d24641985da11bcfc6327f.jpg,1
729,17215,30233,train_data/87f25d33e7e24b11a43f78cc073de164.jpg,0
730,5862,71414,train_data/5fb4ebbe374f4e5d90551c3d9b07f0b5.jpg,1
731,9412,66839,train_data/f256084af6c74f0fa98fd101c8e7d6a7.jpg,0
732,2878,3607,train_data/031e3fdba33040d19caf75e23d7de72d.jpg,0
733,1710,67694,train_data/56f4646a5a05477380afd0f9c2ac12cb.jpg,1
734,18012,16965,train_data/9751c8d22f0c45cead2f5aff6788b7e5.jpg,0
735,13199,40780,train_data/a853641e0401481aa48ae2490b31401d.jpg,1
736,5216,9035,train_data/5653133b6b5f434ab532938b4f4bd3c7.jpg,0
737,13632,52934,train_data/aee4e9d9aea64738ad29368f36be8933.jpg,1
738,1027,22200,train_data/75719d7ab0714c09a814d3e0f959facf.jpg,1
739,14591,60485,train_data/6d3565f72c684daeb65119ac85d2193e.jpg,0
740,12696,71808,train_data/5bc4a208d6c449df8f54e37ff7ecced2.jpg,1
741,15831,79215,train_data/d70ac8879dc54d2aa2de528e322d71ae.jpg,0
742,19319,15137,train_data/0a553e7e847945c78e8326de7b0d6c7a.jpg,0
743,4153,69022,train_data/2ed76a99a7cf4d74a4c228a0a68f131e.jpg,1
744,878,26348,train_data/6aa6c9102ecf4ad1b591ff8585e5e6bb.jpg,1
745,221,38279,train_data/57b9fc0c58b241d48c2ed5f4e37ff579.jpg,0
746,7916,12106,train_data/645b3df864a64fe4920fd6aea7c60264.jpg,1
747,3128,23219,train_data/b7724a4a437646c190cd7ab26a9bb43f.jpg,0
748,13027,55898,train_data/dea06a228813417ea19292b408c30f69.jpg,1
749,8981,8671,train_data/3fbe660494004b04a864d26785114fdd.jpg,0
750,19382,4981,train_data/6898291a921e4aa489524cab159408b6.jpg,0
751,7889,18795,train_data/b7bc433fcead4a38b0515fa17a36547f.jpg,0
752,210,323,train_data/d5837004b4ff41d1824fdf685460af2a.jpg,0
753,14337,516,train_data/be573521a01d42e5a3abf849730e1e70.jpg,1
754,2712,34792,train_data/4957bdbf1ff14fb99c7798c477f667e6.jpg,1
755,499,33543,train_data/ff9e026676fd4098bacf9cbbd0b0352a.jpg,0
756,12781,43177,train_data/a6e111745437403a80f22aac114f18cd.jpg,0
757,9252,42639,train_data/fa1202a0e2d44f418e0bf7330cf2ecd0.jpg,0
758,9826,51942,train_data/8545785a8f404a4d81f7e1e0c0187ead.jpg,1
759,1606,36235,train_data/2c1f85bfa702412ab18c849fda948caa.jpg,0
760,10375,64997,train_data/25378a91273c4388bdc229b28581367a.jpg,0
761,180,42647,train_data/f168b7de298b4083a4f2e5ca4dcba20a.jpg,0
762,5195,8248,train_data/06b8b185b3084f1db5b106c75b1898f5.jpg,1
763,6670,14894,train_data/fb4337fb59504b3093f6ee4c36aead1a.jpg,1
764,14148,52339,train_data/54de4fe39b084ee198ac6bc1cea76b48.jpg,0
765,10632,34686,train_data/b3f7c07a18c947489f3afa66d016338a.jpg,1
766,2090,71960,train_data/a083f58aa263461ca1ce7c01b4c951e9.jpg,1
767,12221,40046,train_data/9f35881af56d4742a2c56dd54eff6177.jpg,1
768,2408,19274,train_data/d4096ff3404d40098ef873c497320c10.jpg,1
769,15808,58490,train_data/af69a16e552f4e76a78c34e0b1cb1aca.jpg,1
770,8380,6525,train_data/b3e538303d6d437885a0fd17aa46364f.jpg,0
771,15681,20667,train_data/690984b8cae4401cbcec3330f563aeb0.jpg,0
772,11417,21894,train_data/1ea771ac850247538edda15203f8ca2b.jpg,1
773,466,71922,train_data/519d2e3c01a74d7c9381c656cee20883.jpg,1
774,10840,24135,train_data/eb508df11cfd4cb491b7111701a961ce.jpg,0
775,59,21745,train_data/c72dcbfc176944abb754f140120079fe.jpg,0
776,4193,38434,train_data/1e9fb8ed13f94fafb29d3f781d374c86.jpg,1
777,7721,65237,train_data/8259c83f9fbb45ad914787ac2079f27f.jpg,0
778,3669,33376,train_data/2f9453919b8948e79f33c45972a80496.jpg,1
779,4580,34657,train_data/f212fa29cd0d406dacba85940341d78b.jpg,0
780,19603,47171,train_data/89b7749c68ea4ef8b78daf98fcaba61b.jpg,0
781,5215,13575,train_data/6277d47a403b42cda5267b25cd742b9f.jpg,0
782,3894,37286,train_data/62e2eeb91b824349bf06cb134ca1d01b.jpg,1
783,15211,71165,train_data/32604e548ff343129e90b5b932aeb20d.jpg,0
784,13098,25581,train_data/afe004e6cc7e43989c4bbab4d5b0c61b.jpg,0
785,10408,39981,train_data/df9dc7aa25454e8a9a7bedd0c40c19d4.jpg,0
786,11041,14315,train_data/36b59ac00f5d447180563b3deed24078.jpg,0
787,7985,65353,train_data/35e7f73446694f84ace845d1700db1b9.jpg,0
788,13526,55291,train_data/98b413d6647c4bbd998e953bc9f4a31b.jpg,0
789,11766,22496,train_data/76bc4b63a4a24ffebc37154cab5da4c2.jpg,1
790,16073,35964,train_data/8e58ba3f274a4ca39307bbd67954fe48.jpg,1
791,13624,3222,train_data/2c9e30b1a4c840d490d692fd0a5d3188.jpg,1
792,15287,36815,train_data/51650ad6f68744d0b019d21ae1bc1dec.jpg,0
793,8059,60149,train_data/bffb590d59c34e6290860a4eabdee62e.jpg,0
794,2412,32079,train_data/37c6695ef3fd4022839efc742343b5fe.jpg,0
795,5990,17017,train_data/3242268a976a4d42804d3f3f1b2241b0.jpg,0
796,14866,77287,train_data/dc436967731642a9a585a01c8720150e.jpg,0
797,10456,42785,train_data/5fdffafd11334480adda1566e088dea8.jpg,0
798,828,35888,train_data/c298b34f66854638a09a2684e25bffad.jpg,1
799,13361,67279,train_data/d2f66ea5410040c2b0022b7e6c688dea.jpg,0
800,16974,2746,train_data/abbe22d2b67b4760bdf04ddde2b97fcd.jpg,1
801,11351,20961,train_data/1974e39cd36d4a8b98a925e0feab7c45.jpg,0
802,16006,57699,train_data/d5af26c629e841ca80d6c5228401661c.jpg,0
803,12753,79107,train_data/a7d13dff49b546cfa1c37b9448a15f3f.jpg,0
804,9962,66073,train_data/899ed7dcc2d04a5f9a252e8fff6d0321.jpg,0
805,13410,34858,train_data/109ee13555c6422c991d581148536f02.jpg,1
806,13010,56476,train_data/e3838d6a49424c048635d40d739abbee.jpg,1
807,4084,55367,train_data/5e7a88b9627644bb92d0a33e06cc1de5.jpg,0
808,17666,69104,train_data/62a1d03364f44a87a7496617c4a99bd0.jpg,1
809,13071,42795,train_data/fe64ca30d4f44e11ba9c3e1ba24f906e.jpg,0
810,13236,44355,train_data/45b84d2586a04acc987eb9e4e7eaf018.jpg,0
811,16891,36520,train_data/f5e981836ea34a1c8539a6e211868697.jpg,1
812,5412,44849,train_data/d09ae09f94644a5bb4cdac18cc796d45.jpg,0
813,6717,78386,train_data/e6af9bb70e9c4f97b23806cf80e981a6.jpg,1
814,14021,47409,train_data/642792ff39ec4551b744d42acdfc11e7.jpg,0
815,12879,40766,train_data/60ce6bc113214b018876779ddb1665ba.jpg,1
816,3926,17264,train_data/1625b37ee7aa4abca1b38bbd3c7163d6.jpg,1
817,200,42195,train_data/52f5e66714314873ae645bb473a7256a.jpg,0
818,11730,64257,train_data/814f077a5a3d4ee687c4c2a4c73a2d1f.jpg,0
819,1290,9841,train_data/884539d651704837811584752d7e4994.jpg,0
820,7285,24706,train_data/9c1984bc1ee549ae872a2918ddb65034.jpg,1
821,9162,52171,train_data/412e1518bcf54d0cb6bc76b9246a61ab.jpg,0
822,16486,72824,train_data/25c934f1de2348fc9ef407d7e2d111be.jpg,1
823,2008,59951,train_data/59f4cc9f63054059a5140c5e219aaff9.jpg,0
824,9192,23090,train_data/3135e4c65d514860978817b1386381c2.jpg,1
825,4165,31355,train_data/30b7c605160e4985bf775207626bdd91.jpg,0
826,11715,25224,train_data/9ba41fe03eb7438eb5a5c088d60a762f.jpg,1
827,15074,51452,train_data/bda445758e6b478c85d5251d743a34fc.jpg,1
828,9883,34861,train_data/fda0079140e0410b9b70051b7ccb6995.jpg,0
829,5023,4984,train_data/bbfa538f979f41e580b0125410c406c4.jpg,1
830,18699,47725,train_data/f5899b6662194d4cbe481f19f0a78d37.jpg,0
831,1147,52632,train_data/60ea6e51ceab4cdab1dee18c94dcba51.jpg,1
832,14997,55086,train_data/41e8bbf4a8b54c1ca3d964ffb1995171.jpg,1
833,19352,46966,train_data/0d13d81b5f514a9a9be09962dc53d2f3.jpg,1
834,15580,7984,train_data/cebacb80a30349ffac9b368f4f264357.jpg,1
835,7163,11661,train_data/d923a053430c4af59877bac4917ff204.jpg,0
836,9317,27433,train_data/8b12813d942a4e7ebb6515686d6d4c0c.jpg,0
837,3323,76499,train_data/65495110a8484e9bbd23bade0fc2bd68.jpg,0
838,1522,24389,train_data/f2bb9fb9e09a4ee6ab360d8bb1d8918a.jpg,0
839,1493,38382,train_data/bd108994dfe546d28f66fa25ae23a0d8.jpg,1
840,15210,54178,train_data/4a72c24ce80b4bb0ab6c5f5e4cf8083f.jpg,1
841,16435,43113,train_data/e52f656d04c54abca774bd24ffa7e1d7.jpg,0
842,6002,38591,train_data/fd91e6b10f09434b9d1d7f0354846bce.jpg,0
843,2812,73510,train_data/1f62c5a551124e50803baf871b06ecaf.jpg,1
844,2388,4422,train_data/61491f21a12f4a34b32995c9f6ab3ca7.jpg,1
845,5554,20248,train_data/2eb825b909e3415591d8b1e7984ef3a8.jpg,1
846,3043,69124,train_data/ad7b104601e241298af79f4e0a387997.jpg,1
847,5557,43304,train_data/0cec0adb8fa14fd7a8c41268c684a583.jpg,1
848,13991,29210,train_data/83e7a7cf544d4e08a147580daa394179.jpg,1
849,7040,57631,train_data/c26a5e925b7643ed87560df4997b96d9.jpg,0
850,11081,36606,train_data/7fb7dba1bc214507a435b8566f8c2563.jpg,1
851,6066,37016,train_data/d8173574a01947f4993ae52860cc06ac.jpg,1
852,3588,40490,train_data/230591388b8247d5aabe670c0d62fc49.jpg,1
853,19317,70590,train_data/c62f3ea22cd6455c9d1dbbaefc5b2932.jpg,1
854,1077,27958,train_data/cb67f2c2bd6c4f56833246076e689a18.jpg,1
855,3410,65385,train_data/3ac063461b254257b6982c2769bb5a14.jpg,0
856,16536,46724,train_data/7ef11430366b4d7d878f47289e9d6cb8.jpg,1
857,7884,60258,train_data/db07e132ad764235ab6962ebe33f1f2d.jpg,1
858,2703,52006,train_data/6d051c4e7ab348af977dbdeb7d686497.jpg,1
859,17973,29514,train_data/d2b361e58e414ee1bb3fb705f750ee34.jpg,1
860,7897,18012,train_data/e30fd2f0e5094b6ead64d448e8562208.jpg,1
861,16175,30228,train_data/2d3477e74c954bc484e5b1b7e08a49c6.jpg,1
862,2910,5146,train_data/500646e4be5f48a19b781e7a56766b7c.jpg,1
863,19376,72147,train_data/dd75adfff74a48c0804759ebda7efacb.jpg,0
864,11058,42471,train_data/0d55bba226bf44f9aa0f0471f1b28a14.jpg,0
865,8063,66510,train_data/f331533f9cbb4644b10b9c73a8babced.jpg,1
866,18287,43139,train_data/4a448096db564e7bad1c58035c61cf91.jpg,0
867,11105,63453,train_data/717f883bbaf84287a975b847523c5ace.jpg,0
868,10765,22225,train_data/cc6ee2c9437b40efbe4fdb6c0c53eec1.jpg,0
869,9006,70503,train_data/675ad21c05e5497082feeff981a79c4e.jpg,0
870,1901,75670,train_data/6ce947f12bc84bfa8c917f8c25e55abd.jpg,1
871,14931,32832,train_data/836e8427c8d34e9ba6fb750177c5130e.jpg,1
872,13123,66808,train_data/d4c200bcb55a4ebfaca2f4943ea88c75.jpg,1
873,12429,34177,train_data/645c85cae2874ead8f4dcdd982149208.jpg,0
874,18718,9055,train_data/a2263c5bcd9743f7ae5f4604e47a08cb.jpg,0
875,17538,49983,train_data/f6a00e24f43147e2b25202d34eabd4aa.jpg,0
876,8293,5540,train_data/056bbc0105c645a79a267146c0df2f2a.jpg,1
877,8180,53118,train_data/1c47c7da12534bada027d35357819270.jpg,1
878,15736,63677,train_data/50288f8ccc6446a7b2909a5e03300f07.jpg,0
879,3018,25605,train_data/f78efe096ac4407b9392cc42956dd0c8.jpg,0
880,5514,27393,train_data/43869eb5ff134568b8bc0352a646c0c1.jpg,0
881,18363,31813,train_data/3dfa07eb8311454ca640ae49f298132e.jpg,0
882,9512,77017,train_data/ff07e26a7c6f419dba76d9f07d65d517.jpg,0
883,13449,19534,train_data/0bd8698b8a264d4bb0c3ccb98052ed05.jpg,1
884,11191,59387,train_data/f048149baec84bb99a5af68eb62d6142.jpg,0
885,17213,51941,train_data/b35c650cef454d3da2acbecd08d1a60e.jpg,0
886,2585,61044,train_data/720797e2e8aa40e19336f0adf2203895.jpg,1
887,15439,4586,train_data/d8734631feb44723a7ac11458bef815f.jpg,1
888,11597,69815,train_data/83b5355ed7cc4f35afad223bef41a41e.jpg,0
889,17997,43428,train_data/a9b99e9773d14d96bebb2b6292f60ce6.jpg,1
890,5934,28785,train_data/e5e63bcb291e471cbe5f9f46522bdfce.jpg,0
891,9367,74609,train_data/f79550cda7e64075b4825180dca6ec39.jpg,0
892,9526,34145,train_data/887c01f712e941d281d6dde4db210d8c.jpg,0
893,4525,6178,train_data/c38ee15e740749c69c103ce7e0900b53.jpg,1
894,17152,40791,train_data/9eaf9d8efd7543f091c8d3347944df4a.jpg,0
895,12000,16276,train_data/fdad52c4844042d58054ccf5afc5cb54.jpg,1
896,16599,62178,train_data/a35d6bb7ca534a148e7cf68d4bd4a3be.jpg,1
897,18818,79913,train_data/a8138a146c71439a9c57a5544963e848.jpg,0
898,16605,76601,train_data/73ab80f22be24af1938a7067f0d4e636.jpg,0
899,13602,52183,train_data/489cf8743dbf4583a23a144c850feea2.jpg,0
900,14987,30787,train_data/3a20d43c76f44f3e8b149b40ee126be1.jpg,0
901,9418,14522,train_data/640220962aee419f9a96b2e97265ee6f.jpg,1
902,8079,12064,train_data/4eb07f6f24e148e197c90200e29e6eb9.jpg,1
903,15553,51764,train_data/a8a18505ecef4632aa427f47d9d5628c.jpg,1
904,12530,21303,train_data/09ef90cebe29470a8961018bd466dff8.jpg,0
905,15827,76000,train_data/acb018b2afc94befb92c2295399b32bb.jpg,1
906,14529,57428,train_data/ce4b8f339c7442cc8dc178b04003c391.jpg,1
907,12806,67645,train_data/8befcf8b2f314d58976104d77e354bcd.jpg,0
908,7337,15183,train_data/65455aa9cbca4f2694b71ed00224bc36.jpg,0
909,971,28824,train_data/1490be784690458eb55c384a15ee2e6b.jpg,1
910,8810,57030,train_data/e470ae37e949420c954cdb3485acca28.jpg,1
911,17509,30602,train_data/ec8ded0d94ad419ba296dd68e7c641b9.jpg,1
912,3800,70231,train_data/ca9f479059754daf817f73ddea996113.jpg,0
913,2119,41810,train_data/9c439bf6492742a4be1b10cedd0ad2ae.jpg,1
914,3698,27155,train_data/2513c94b859741bcb2d2bc0e202a6672.jpg,0
915,1182,43873,train_data/54f97b995d0845ee960f09f71456cac2.jpg,0
916,6867,79843,train_data/9aedf61b70a1410688534fa66abba3e1.jpg,0
917,13748,35471,train_data/eec9fd1a976e422b9252a1cf9c5bb1de.jpg,0
918,5625,21046,train_data/af4dd53a2e1f4347a066aedf8d18edd0.jpg,1
919,10664,16271,train_data/7d5de9d7bccd44bd9d725bac5efaf4eb.jpg,0
920,5460,51744,train_data/024183d08af74e78a4f6b62b707de434.jpg,1
921,2480,78504,train_data/bc5875be81bb459c927d8f31db87c3bb.jpg,1
922,16522,73993,train_data/5883af8672fa4dab946cbc408e1a4e70.jpg,0
923,2312,21158,train_data/e80bb3b330064c53a774dca72058ef34.jpg,1
924,5508,47271,train_data/75dd10b6826f48eca22f14cf229148de.jpg,0
925,7270,1370,train_data/cc0babf45719430186c9b1c79406fd3b.jpg,1
926,8602,49082,train_data/a0f2389063c34fb2a3f78d8a861c1c63.jpg,1
927,1535,77280,train_data/c49472de0d6b4fa690f94824a4245b5f.jpg,1
928,14146,63224,train_data/81b7963d842f40b99f817643fd5d6927.jpg,1
929,960,39856,train_data/4220dfd53815474c8a84bfdc218811ec.jpg,1
930,17137,48873,train_data/b12a0741b097404188287a180660a06a.jpg,0
931,12125,69144,train_data/a559a44a9c154c679e885aa6b382dd27.jpg,1
932,15554,77024,train_data/342c228fa024407baf95bc1a37407c03.jpg,1
933,928,6792,train_data/1a1d5fbe4cea4f94920bd4fa966c689f.jpg,1
934,12628,21567,train_data/1b63359878924cba8f88f659690c2c33.jpg,0
935,17792,58621,train_data/be595471416e4f1caeaa0fcb730d919c.jpg,0
936,16488,13250,train_data/a67fe709e3d746f5ab2d4ad4b6811890.jpg,1
937,8410,61574,train_data/365f2af285334fb69579f5a8e32a1593.jpg,1
938,11096,43365,train_data/5d0f25715f0d4010865c9bf05afa7140.jpg,0
939,16481,30715,train_data/b3b4f4ff316f4431abd25fa42cc82e6b.jpg,0
940,3047,32581,train_data/41f1e386dbb143c9a662645c487b050a.jpg,0
941,18197,76441,train_data/e46e45fb98cc43e59540356a265c35bd.jpg,0
942,1739,39756,train_data/20a24d3a3f974f0ebe86eba598f4f33f.jpg,1
943,5732,19368,train_data/7f68a35d4f01430bb5afc829703c0cec.jpg,1
944,12646,63063,train_data/f4caedb407c6444b8e22799673253600.jpg,0
945,4903,57407,train_data/5f13801312c5485e8bf78c28a8c9430a.jpg,0
946,13064,42711,train_data/c91318a4b8bb4da7a69092c1db921ff2.jpg,0
947,13308,43137,train_data/9629e89eaa054de28a51b0c6be10948e.jpg,0
948,18767,23113,train_data/e476f91ffae04d8abf6518766586e4c8.jpg,0
949,16174,62454,train_data/149da29b393b47bfbcfa8238ae79b4cc.jpg,1
950,3755,12639,train_data/70890be2441141b6993da69226c3107a.jpg,0
951,11167,14081,train_data/8eb58bcb9ae44b6788fd951117663e2e.jpg,0
952,1052,61802,train_data/eac7799ff1124b24a10f121209a3b94f.jpg,1
953,4974,2165,train_data/8fe3e857475d461592627cfdf244b309.jpg,0
954,9815,44709,train_data/7b749dd9696f4e5d994c8eea4fd5959f.jpg,0
955,14201,44502,train_data/ae08431eebf445e8b7c2cd735e2a568b.jpg,1
956,12143,69910,train_data/bba0b78765ed4902a40e53fda3a9b4c6.jpg,1
957,18951,21222,train_data/db36310611c84e80b49a0b03a2a985c7.jpg,1
958,17673,10817,train_data/81ab0f910e184b58b3e966fae5ef8cd1.jpg,0
959,15631,67854,train_data/fcb0ba492b9f447da209fb21509af247.jpg,1
960,3208,60823,train_data/4f29a35fba0c436e8547d18973711a50.jpg,0
961,10520,52471,train_data/1f269fd38bc6454a8343fc0fa4fd62ad.jpg,0
962,14492,73382,train_data/e5e5bc09af584e368c29fd7b165416c1.jpg,1
963,13546,73942,train_data/73fcc0e234fd41449e9935ae5b8383ea.jpg,1
964,12463,67020,train_data/192f3de5356342848d78f374f9dc0547.jpg,1
965,2214,2893,train_data/8f034ff99a324053a89ddd3159aeea44.jpg,0
966,5020,31224,train_data/5f90705bf13d4a458f6a290a021ae5fc.jpg,1
967,14105,50695,train_data/f3aaa4398dce49abb19d864408692a2f.jpg,0
968,19623,47737,train_data/d1abef5460f34fd686347ce723b36758.jpg,0
969,9328,63548,train_data/cfcab5ee9736478fb6a6351cdd731c44.jpg,1
970,1510,28470,train_data/dd820ba8c87a477eb55435be0b32ed82.jpg,1
971,1580,19848,train_data/c66668280a9d455caab45127994ec787.jpg,1
972,15231,2361,train_data/ada2f04972714caeb6d6bdb1fe3fa789.jpg,0
973,12481,66684,train_data/922b7623216945b1953db648c45de7e9.jpg,1
974,3468,36010,train_data/09ddb7c67eed4f6884ab73a229b9ab5a.jpg,1
975,10319,26164,train_data/9d54d424ff5d4c8c93cca31299b9f073.jpg,1
976,13734,71781,train_data/42bbbeef70fd44ab9e20f2a53b97b1c2.jpg,0
977,14662,3978,train_data/353c6e218a3e487b82b17147b7b0e259.jpg,1
978,18022,23220,train_data/5347d33b2aab49afb613fa5ca8a27842.jpg,1
979,17861,44368,train_data/1d262e0761004f46acfb84d48ed15ab1.jpg,1
980,15234,46075,train_data/6a61f08aab6d46dfbbb325202fe80229.jpg,0
981,5227,66569,train_data/2b643a3bad8c481a9679e2fa0598c466.jpg,0
982,15236,11535,train_data/5a36a09173864bc4b90677baf159091b.jpg,0
983,17252,4528,train_data/e139cd9f90524ee98eb2400f4bb39f2f.jpg,1
984,10428,14001,train_data/1f71a8d4344f48b39964a01aa737bb3c.jpg,0
985,5857,79529,train_data/c59b14fe5dd04859b3cba3cdafd70c5f.jpg,0
986,88,41485,train_data/0aac417ac84a46f7a954eca4b12f6e85.jpg,0
987,8821,7278,train_data/eb4bb5e8c9b8437d8a3051f8da159972.jpg,1
988,10470,42555,train_data/ac2f5db4f9324eedbdcedbc19ab40f26.jpg,0
989,10158,17395,train_data/59663053749c49c5be7403897d1dbc16.jpg,0
990,16822,55012,train_data/f80e256ce576463ea735be53580a518b.jpg,1
991,4202,49321,train_data/e1058262ac4e460fb9bada8c65e03b32.jpg,0
992,3795,58695,train_data/8baca34e84ea436fab2032512d00e054.jpg,0
993,15615,31720,train_data/0abf69de4c764dbebb0b3f9b8e1f218e.jpg,1
994,11658,32257,train_data/0790543b81154509bc2cbe5792b238bb.jpg,0
995,13004,68061,train_data/e4da918144f243838882b3503feaa08a.jpg,0
996,7681,23001,train_data/e2a831dcdb1c4411b85831d4a0cb7bab.jpg,0
997,7386,22509,train_data/2658b101370e4c8ab22d3d418d8c69f6.jpg,0
998,19958,74661,train_data/4daed4e72f8e47f29a17d65f59b0cba2.jpg,0
999,5245,66261,train_data/bcdcbd1bf1454bafbca236c84877ce16.jpg,0
1000,11386,24554,train_data/428b0c56f1864727959914a40c16f8de.jpg,1
1001,7528,12358,train_data/f5dced532acd4d4fad0963e3146866e6.jpg,1
1002,11075,62131,train_data/40fed194a69648008f1ad7685e752206.jpg,0
1003,9482,51049,train_data/7b638c61785947699c27931628e8388d.jpg,0
1004,18414,71183,train_data/cabf512d5a6045ffb04031ff881632d0.jpg,0
1005,14783,15045,train_data/4c68280112414c2dbc820761450f9ac2.jpg,0
1006,12288,39474,train_data/af639f6f94f642bab735c68d1584faec.jpg,1
1007,3105,2212,train_data/b9c18b990a614143a98433f5e3ab9ea7.jpg,1
1008,18067,20871,train_data/44a777e8f0104ed593f3a8b3120a21bc.jpg,0
1009,5250,34492,train_data/58f429f6f8e34bf9b6409c8850182c78.jpg,1
1010,10731,5447,train_data/90dc0d84e3b54e4db4322ccdd245353c.jpg,0
1011,8654,14074,train_data/6474fd6c058f47dfb569bab5ef3cda7b.jpg,1
1012,9601,51887,train_data/b312b1eb3aa349578b962a55e8013a9d.jpg,0
1013,15199,22255,train_data/ea897d99ddfe463dba0ddecb96fc6cd2.jpg,0
1014,7608,45478,train_data/92553c5f5e384a98aa7b0b402f207c7a.jpg,1
1015,17179,50120,train_data/77fcc6606e42479d9dc3a40f858a7ba5.jpg,1
1016,9143,73973,train_data/9465e8945fa34020984f909a356c8966.jpg,0
1017,19544,4187,train_data/5c65b0b4f2a74be199888eba432679bb.jpg,0
1018,3111,61048,train_data/ae58bb2a078f4f32bc107c8f4ec45e9a.jpg,1
1019,7998,54265,train_data/60ca07b4380c4a47ad6ff9d05f639df7.jpg,0
1020,6956,55181,train_data/a592c79d59d14fa59c1cfa8a47f708d6.jpg,0
1021,18164,20713,train_data/dfb7b9d2f3924a20bc2adaf63b89d5c5.jpg,0
1022,4447,13037,train_data/15174f0fd1d84ed88dfad79daf76bd75.jpg,0
1023,4871,191,train_data/3ed43c950f974758a793d1d8c2a70713.jpg,0
1024,16871,13588,train_data/14ac92af15dc4378ba0828e91cb47c6a.jpg,1
1025,8137,27505,train_data/0eb74d30cf984787b78b1797ef4b222d.jpg,0
1026,3000,53190,train_data/7777b90628d347788c7b6ba1d8a0c5db.jpg,1
1027,9214,47382,train_data/b708be264a06460db3472ba5e6916428.jpg,1
1028,17410,29606,train_data/cc0561b9f0944ec585968d3354b333d3.jpg,1
1029,17325,60247,train_data/a83288e6c4a548a5b9edcbe4caf0faab.jpg,0
1030,3335,44766,train_data/35e0e30f3d094bcf802529fbefc187c1.jpg,1
1031,4629,39830,train_data/2a24bf919675446c8feb7e35bf6b2718.jpg,1
1032,12767,539,train_data/a67b1c49e8694076a09d931a01c3501c.jpg,0
1033,7107,28165,train_data/2fe55159e19942eda7691c722c5fb42b.jpg,0
1034,19961,75086,train_data/624f48b4af2a43a59ff48624709a009d.jpg,1
1035,16856,14009,train_data/c929dea36e08477c98174940b4a3726d.jpg,0
1036,8843,50335,train_data/204bb638d12a425d94dc50ab658659e5.jpg,0
1037,7683,20928,train_data/856925618bba4ff2b9131bb47aeb1e9b.jpg,1
1038,10365,12532,train_data/f5791ec256f0450989da78bab975b751.jpg,1
1039,257,18848,train_data/e0003145f26b435788b9895ab2bc9e51.jpg,1
1040,7365,72308,train_data/a0d7ff833c2b43dfaed6cde367761cf0.jpg,1
1041,9838,11499,train_data/91348aacf23b45e39e4f62f8f258e336.jpg,0
1042,6417,55974,train_data/bd7ee77653444e8398522f11cef5bf58.jpg,1
1043,19538,45282,train_data/490b0c8244284b62afab8794b9b255c2.jpg,1
1044,6407,47339,train_data/ee5729b4c1f04826a6611b63a776f7ac.jpg,0
1045,13115,29154,train_data/c04e2554d2e84098a5aa7608df33387a.jpg,1
1046,8632,32434,train_data/65ed017b98b34dcdba096580b4dc33e9.jpg,1
1047,2457,27628,train_data/84e81f76bc0a4e2ebb5ad726fc0c7889.jpg,1
1048,9889,190,train_data/100ca897d18048eda8a69c49fa7ea9bf.jpg,1
1049,18034,19677,train_data/518c23b5377441f3886c8d9e52f6263d.jpg,0
1050,13864,1590,train_data/049c73ca1e0d466b84cf462cb60749c5.jpg,1
1051,9199,14473,train_data/be021a23b2cf48e8bace0451e696aa17.jpg,0
1052,11195,63406,train_data/5da91f7f13d04a5d850028f008706200.jpg,1
1053,12821,77372,train_data/cbcda821ca7c4cb8be41ff3e24ed0a7b.jpg,1
1054,17143,21374,train_data/ed0e8e6ae0d447fb854df85d47ae44cf.jpg,1
1055,346,55285,train_data/2df44143222a4764844fd1cc19e2bee9.jpg,0
1056,18007,27028,train_data/8fd2250aee4a40e6b3a6be9fa5fb25ac.jpg,1
1057,7606,51467,train_data/f405c520495544a9aed621a4bc8a3a02.jpg,0
1058,12072,19153,train_data/9b90df48652841118c5f4a109d5d8338.jpg,0
1059,8304,16980,train_data/03330c9402d84a0191d42d4ab49dcf77.jpg,1
1060,15940,12633,train_data/519e7b67f736484ea28d33b012dd9d97.jpg,0
1061,11365,6558,train_data/f789ef9cfc714e5c851636257be8d881.jpg,1
1062,18867,38436,train_data/d57ea935e7334cbba28362864cdf5952.jpg,1
1063,6484,43136,train_data/f5aa611e59df4ee2ba33c9e002a5dc88.jpg,1
1064,19416,37585,train_data/7a09782b7eeb4b9394943b4176a39315.jpg,0
1065,14736,32258,train_data/a8b67a5aec4f4d31a51faa490824ff2d.jpg,1
1066,14278,60715,train_data/18fec9ee51a14f7ea79b5563d8d2630d.jpg,0
1067,6926,33825,train_data/7e3543767821488aa77d5f2dd3cc1c63.jpg,0
1068,12272,48879,train_data/a454b0473f7643d587ff7db1071a7082.jpg,0
1069,8013,79231,train_data/89541f48b3564b3dafca8811298e6c2d.jpg,0
1070,7223,67207,train_data/4ea7545542c143beb8b250e4f8849408.jpg,0
1071,18521,74238,train_data/807e63296d1046d8b59a3949f23e9dbc.jpg,1
1072,9047,35698,train_data/8f915e2d0e8746679fffa55125e5237c.jpg,1
1073,15930,39254,train_data/3384e38de7574a5ba4b647af2dae14b7.jpg,1
1074,9857,15785,train_data/514debd3eb6f4db3a389b172539264dc.jpg,0
1075,15839,43759,train_data/e46ba6c71af04673899b11f7b2d5657f.jpg,0
1076,1692,25133,train_data/f45ef1a1005a41cfaeebbb7f8af39e2f.jpg,0
1077,15621,52043,train_data/b3cf79a7452e410993aee0271f5aec25.jpg,0
1078,11497,26405,train_data/9fda00f9c9214e0dae94a6c258ac7dce.jpg,0
1079,18847,23286,train_data/87f46eed506e4d51af27fc127403fe7d.jpg,1
1080,103,78983,train_data/7fb3813cc9df4194b017535e4e8bd14f.jpg,0
1081,15047,23785,train_data/80adb99e820846149ccdc60a2a8fea5e.jpg,0
1082,15306,34147,train_data/62866331c392426b9fb3b0c1714abf63.jpg,0
1083,7094,77610,train_data/4e57897cb2da4463943e5136ecd81002.jpg,1
1084,5466,67774,train_data/3d8aa79e2443425d8aeba49afac415d8.jpg,1
1085,15692,6348,train_data/5404796a58404b29ac55706afc353180.jpg,1
1086,15949,593,train_data/81fb86158a694936ae636c7383802b65.jpg,0
1087,6700,57328,train_data/32774004cb33469fb1dea20532bacf86.jpg,1
1088,2026,64082,train_data/c5658c2b169e45c48457edc341508864.jpg,1
1089,18622,29724,train_data/9f7eaaef78f7422eb2a87e298a49cd4d.jpg,1
1090,4441,69926,train_data/6fde559f47204e0989838d4d9353ae69.jpg,1
1091,12955,79024,train_data/24f9caf20d5e4a8f84ff113ea101af5f.jpg,1
1092,19105,67420,train_data/01ca7630110248808301b966f5f1d26d.jpg,1
1093,17978,194,train_data/572f8961e7664458abffec28a9206ea1.jpg,1
1094,14360,25418,train_data/31a59f4e26554467b708e1f9ec980e26.jpg,1
1095,14144,2618,train_data/dcce86f5bfe24f66bb11795bded29ae8.jpg,1
1096,14061,27998,train_data/c81abae8dedf403384c3fcb70cde8cd6.jpg,1
1097,17989,63781,train_data/770d819c2a7545b6b603a14e1dbcc0e1.jpg,0
1098,14236,24890,train_data/8ada9b7fab0b4f6abd1f5e47a6190ed6.jpg,1
1099,15011,25374,train_data/dd524c48590e49d0bab7347089c00e85.jpg,1
1100,5382,60807,train_data/f1945cb1308f4f6ab6e99b4db4e0b217.jpg,0
1101,3702,45287,train_data/8fdb6cae564b49cab765b80aa9e5f62b.jpg,0
1102,15005,21490,train_data/a28e9399095f4f89809598cdfd5cb2a7.jpg,1
1103,57,60082,train_data/ab64e1c21e444c7286de70f109b70fca.jpg,1
1104,11491,32211,train_data/1191e801b04f449faa13cb8cc6a0d141.jpg,0
1105,15108,52739,train_data/a78f5999a9844a0f9bbdfc8512bff6b8.jpg,0
1106,17940,9576,train_data/16fc7ae0c91c47c8af23072b50b24c39.jpg,1
1107,12551,53475,train_data/cd63d588d9ce4c79852b3d79fa7b92f7.jpg,0
1108,11840,26993,train_data/8b002ac8bba7428285805c6db44e18bf.jpg,0
1109,7414,46405,train_data/ce462e0dab1d4c2999379296ba70f6b4.jpg,0
1110,4574,64446,train_data/63edf17104fa412b857d557f831ab27c.jpg,1
1111,5858,75329,train_data/39421f5041ea43dbae6eab57a2140bb9.jpg,0
1112,9728,20636,train_data/f8aa2d9d810b428988873e7d346a0afb.jpg,1
1113,4339,11702,train_data/637e4f049bdd416394f70bbe2e39b7a9.jpg,1
1114,15032,63902,train_data/72112e1ecb104f579ae0c28d4894cc4b.jpg,1
1115,11297,49951,train_data/ca1dd8dbdc0f409cb8032d84f09aeaa6.jpg,0
1116,18846,24410,train_data/a00fbfde6363447a8e0fbde993f54c0a.jpg,1
1117,16003,77482,train_data/f4e49c28b48a4e43b0ce64bb4e2e0cdc.jpg,1
1118,14575,11458,train_data/48c40a362504410a83afdf7e5f04a488.jpg,1
1119,5665,77167,train_data/cb41ba57ae53440c98cf0a89ce680a79.jpg,0
1120,3315,2996,train_data/d4821ce8aed64cf1beee9c18e32711d5.jpg,1
1121,6723,47623,train_data/8cbf6b1f2e5d4df7a12ae9c8f26df85f.jpg,0
1122,4824,67634,train_data/1c209752799c45728bec7ec2164d1f6e.jpg,1
1123,13827,1334,train_data/245a421296e14ae4988bc20c00b894c0.jpg,1
1124,16189,5317,train_data/79c6b1d1dff34fb5b2b61c6746b0d9d0.jpg,0
1125,18723,25197,train_data/2b0bad3b36464613babcd22a7aec8690.jpg,0
1126,379,37167,train_data/568f9c1b0c9a4c838ef50177203af8d4.jpg,0
1127,19573,62123,train_data/0681d85e66f840ee9b949a0794ae1fec.jpg,0
1128,18201,50976,train_data/61da40dbfceb43798bfa13cad11e1015.jpg,1
1129,7931,40450,train_data/0aa564cadc874ef3963aaa3830bee5d4.jpg,1
1130,16507,39108,train_data/4f036e06e71e42a1b4a651c68bf14fdd.jpg,1
1131,6268,41566,train_data/4396b3f454c54fd6a4772ffd7f4fa3d0.jpg,1
1132,15487,65321,train_data/a75285e4a47f4dc9868a8ade66036c70.jpg,0
1133,5852,46561,train_data/6e61e3f89cff46ac9562188cca49ca62.jpg,0
1134,2678,53262,train_data/f093819fbe094b54b10c89cac72995a3.jpg,1
1135,12649,30797,train_data/f558fc283c79492eb8b6ffe7f9876381.jpg,0
1136,6209,7427,train_data/854a8233232345f18c3aa7c8f35b8c19.jpg,0
1137,17282,1193,train_data/d9d9f0b14a6a4b3bae36b19a1f500138.jpg,0
1138,7401,56762,train_data/919ae108598e4d05b218c8458bba1f9d.jpg,1
1139,2777,24526,train_data/de7a1336a0c94c19a5ad39421a05dd05.jpg,1
1140,8034,54994,train_data/2cd9c1f603b74a929c1f227f9a1ca036.jpg,1
1141,13486,33854,train_data/60d561bbd9bf40f2873254a07ab751e1.jpg,1
1142,8337,52559,train_data/b95bda603b1445c7ad17ee6e43f25608.jpg,0
1143,4884,23751,train_data/dedf297993f740728d943324bf276607.jpg,0
1144,18020,8620,train_data/08d7d2dc2a7340109a8d7f46fb8c201e.jpg,1
1145,4772,9273,train_data/1e5f38a4222f4582bd94df1ef5c0e0e3.jpg,0
1146,12717,67895,train_data/9ee82716e671467d9ae9c300c5801ac3.jpg,0
1147,911,20206,train_data/11dbf8fe17544a4789c030cde8d296dc.jpg,1
1148,9395,33999,train_data/e0e6cf8f6cb549bcaafc8e49d158f5c7.jpg,0
1149,12672,51497,train_data/b0f411659f8945868fee2b75b9d93be8.jpg,0
1150,15292,46602,train_data/ba99f2ff35d54995b8eb11aad7565dfd.jpg,1
1151,6418,73045,train_data/a2152f8293d04dbe834abd32db3f9c69.jpg,0
1152,15213,68009,train_data/a0f2ec13b5a7426fa47f617fd64d242e.jpg,0
1153,4973,40594,train_data/c54d87a7ec474891967f83b4f2926dca.jpg,1
1154,9682,63129,train_data/68dbc9b83ee546de8c4f2b20e22b5023.jpg,0
1155,4043,61582,train_data/8a3df189cb494f2f80760182e761f0b0.jpg,1
1156,1968,34763,train_data/f3cc85aeb3df469399563fb31e80a2a6.jpg,0
1157,7821,39027,train_data/22c5e06351554f4383418e2ffb31c87f.jpg,0
1158,1402,63338,train_data/7fadd1bee8c7432487a158d906803e61.jpg,1
1159,12111,74405,train_data/aad86e1b25e54be980f41a319c7be180.jpg,0
1160,12274,77523,train_data/6c4043e7934b4a569c16b71ac823a3d4.jpg,0
1161,15039,56200,train_data/9699a76124ab435da07032f21408d52b.jpg,1
1162,16251,21538,train_data/155e4cec18fc4646912b940600d7c74c.jpg,1
1163,19578,29970,train_data/3b5d1933470f420695ca3cd4e93463d5.jpg,1
1164,8204,38308,train_data/bf7e0fe3c4f74c6ba62e4475a78adcb4.jpg,1
1165,2621,20142,train_data/5c1b088ff148441fac702de709028981.jpg,1
1166,12624,23353,train_data/c7e8e37238e6476da6f94b32f466171a.jpg,0
1167,14727,70803,train_data/836ea9d4b88b48d78ca0260adbd60bd4.jpg,0
1168,5894,61984,train_data/7301d3e85f614ec1ba463ef8b3fef934.jpg,1
1169,6626,23742,train_data/d850c3dc27f24a99b977340ac287c56f.jpg,1
1170,18599,57909,train_data/00744356d5094084a7ad00e94109e142.jpg,0
1171,8193,76509,train_data/d3f0e733db7d4350903aae209fd9883d.jpg,0
1172,6871,4361,train_data/db1dd91acfc348b08583679b805c7c51.jpg,0
1173,15572,51557,train_data/9b73ee8bc68540efbd50e14f04ab8a9d.jpg,0
1174,8496,10138,train_data/45e8b216132a415380b60e96d97b78ae.jpg,1
1175,8836,64164,train_data/88e27064ed6d4bdf96cf7d01ddd862b5.jpg,1
1176,15993,44211,train_data/134e3edd55ca49669d9fff82f05f9a53.jpg,0
1177,9923,10700,train_data/9c38e48106eb4b4ba91761e8a91494b6.jpg,1
1178,4527,150,train_data/d889ffe8fe914d16adac077d2dfdeaa3.jpg,1
1179,19912,25473,train_data/4d8c1208c93848d7904c710346353213.jpg,0
1180,1534,4065,train_data/c2cabd43d02a4a6782cc535e0cce328f.jpg,0
1181,9132,25922,train_data/9485cdd82b34466ca3f215bb5b587b35.jpg,1
1182,18899,50146,train_data/22754ebd57374ac2bedd049d2fa3e296.jpg,1
1183,8583,59831,train_data/70c76ef03a3c46b0ada962188532973d.jpg,0
1184,8379,41175,train_data/9cab83ae82ef479ba9461b3eb5a48b61.jpg,0
1185,18619,54760,train_data/2d02909c313b462581387a32c2ec0615.jpg,1
1186,18729,64282,train_data/ee1013da8de04967aa0c55ca0a33bf9c.jpg,1
1187,3376,15703,train_data/271b80da369141d9bb28312b8160e1c4.jpg,0
1188,10247,67353,train_data/99933cfff59b424082838c1c52126a8c.jpg,0
1189,5584,53431,train_data/5e940f92d3c843329a99f22534c4fb51.jpg,0
1190,13426,49100,train_data/392a20f78755472dafe6de5fb98c75e0.jpg,1
1191,10760,63509,train_data/e82e805edb2d4e09ac29d969d02e4e2f.jpg,0
1192,8928,14831,train_data/aad961d89b6f4bc1ab5c04536027ddc9.jpg,0
1193,6863,70483,train_data/098869d7653b458997c3d4b11c73f2c9.jpg,0
1194,3,56013,train_data/1c1b16b50b7a4801a42346e3a90c6c4c.jpg,0
1195,16931,51089,train_data/41a879ef4f8c4329938b8f2fb71ca50d.jpg,0
1196,19156,61138,train_data/fb14532118404bdd91ad8ff1bcc90e5c.jpg,1
1197,15363,41649,train_data/ba16a0bc7c2e4e529144bd3e80515144.jpg,0
1198,3189,7780,train_data/59bcd836a4b74f84ae77c427eb29867d.jpg,1
1199,12055,26687,train_data/9624618ef9f34d7ab1ce40a913f9ed1d.jpg,0
1200,11997,39079,train_data/61d9d5c0954a4e35b46f11da7ccd877f.jpg,0
1201,17323,1371,train_data/f709ba146d414be181239a5fe4196fce.jpg,0
1202,344,36179,train_data/4cdda39b563d47aea749524d3269bd29.jpg,0
1203,10254,26330,train_data/43550686dd614525a5956d54735e4d30.jpg,1
1204,3974,16758,train_data/824ec09c606d4730be6a1e6ff4697684.jpg,1
1205,4069,61637,train_data/bc9c817cf371423086bf7226fa9fca4f.jpg,0
1206,17529,16290,train_data/7b00dadcbe2341509776eea2501ff019.jpg,1
1207,17837,27173,train_data/8f190f1c5d9e4e9dad25c539ed86163c.jpg,0
1208,19024,50727,train_data/6033596c03cc493bb3c21a943f9f2e66.jpg,0
1209,19375,66661,train_data/540adfd973e64c39a198b2f1b4c4c713.jpg,0
1210,17782,75961,train_data/5d1b2f1992f741e2af6b91268873e8a6.jpg,0
1211,2805,3521,train_data/afb16fbf880b48d08ef96e0d6d0dc1c1.jpg,0
1212,3421,50425,train_data/50bf3d9f09b74fa0bbf04b41e3a31ae5.jpg,0
1213,42,68346,train_data/1996241bbfb14cb9b05229b21b86aff2.jpg,1
1214,9086,19376,train_data/5b48a20fcb2f46a885c76ac3fa7269c9.jpg,1
1215,18938,20475,train_data/f694c249428745f699f9c503dc5bdcaf.jpg,0
1216,795,9687,train_data/686f307f323c4af3b65db547bf430cc6.jpg,0
1217,17713,26436,train_data/1b6b5f233d614392824f88ce48ccb632.jpg,1
1218,14480,61378,train_data/f28a760f1aa041ff8041a9be723a1d09.jpg,1
1219,7646,54382,train_data/315d8659bc154997a6ef1081645f4f2d.jpg,1
1220,16888,48243,train_data/c48858f3f3f648dc8083f9ce4bf60825.jpg,0
1221,4373,27901,train_data/711aa4af87d14f84a445663d0584f169.jpg,0
1222,19521,20531,train_data/1b08641fc1ba466390e59d48cb9b167b.jpg,0
1223,14158,3367,train_data/e2efda70724d4d349d39b05ae2bd28bc.jpg,0
1224,11582,65585,train_data/5dc5ad3c4812466ab072d7e6e1382342.jpg,0
1225,5760,54256,train_data/22a2f89a70034dd0b57d28d79f1e7205.jpg,1
1226,6813,78366,train_data/606f40c73c19489e997c4672cd70b9e0.jpg,1
1227,1272,16253,train_data/cab9e3843a8b4e0ba08ac1a01ece0d3e.jpg,0
1228,46,44633,train_data/39ca16258666489fa954cd5f3e72b29c.jpg,0
1229,19815,40417,train_data/8c9d095079544d83aefa4ffada3ea64f.jpg,0
1230,16683,70616,train_data/1e1d4502fff74e1f98cc42d38e99f73d.jpg,1
1231,5194,22512,train_data/8905658cfcbc4e1796561f7e98f97ec9.jpg,1
1232,11015,57667,train_data/83b4df769a8342e29b8814107eaac9a6.jpg,0
1233,14885,62269,train_data/96bdda83262e4026bf1c5c9a956be24b.jpg,0
1234,14681,68272,train_data/f5317c7035ce402aadf2940cb05d7ffd.jpg,1
1235,13321,22818,train_data/817d71bebbb54f72809c702567e190c7.jpg,1
1236,12438,7972,train_data/0c825200b7404f3287aa5a4dec2ddeba.jpg,1
1237,13394,27308,train_data/5cce183edc5843e186df832b7bcc00c5.jpg,1
1238,13576,15721,train_data/8394d8f0fe5245758e50191cad463fad.jpg,0
1239,15413,19827,train_data/d113d849ce7a47fea42c3f7234b73043.jpg,0
1240,15919,77634,train_data/6eace98293db4cc886f3cc243dd10dab.jpg,1
1241,4510,49959,train_data/7cb3f92cb41f487e8fd583b8afdeb004.jpg,0
1242,1788,27333,train_data/323fd42e0792428eb4c262482c16c445.jpg,0
1243,9422,274,train_data/ecbcd023a14540ed836a70ff086c2c89.jpg,1
1244,10170,71770,train_data/6f409e098cb84f5891533f3a669089c6.jpg,1
1245,13298,75235,train_data/c0e337888d594f1b9dcd324ad7e1c7ab.jpg,0
1246,5709,47217,train_data/36f68cfcbf54493488c80ad94fc896ae.jpg,0
1247,10649,55674,train_data/7eaa6b0356414935abac456646ba297c.jpg,1
1248,15776,76175,train_data/44004f88607948be86f37b6162bb57f9.jpg,0
1249,18321,36814,train_data/f89b224e2c5e410b87442ec16894c684.jpg,1
1250,15772,3842,train_data/702173669e8a4295b026582491000db0.jpg,1
1251,6243,34277,train_data/328442609b0845fc99eb77e7c4a4b624.jpg,0
1252,8451,39490,train_data/7789a00ba3184970a1fd09702396f89f.jpg,1
1253,6451,51871,train_data/b75bcddeb9164756929bf49a8c45d26c.jpg,0
1254,15963,33569,train_data/0e6755b9039140bb92f725d42efdd546.jpg,0
1255,10752,29368,train_data/629640a5bba141328ea7948f3e407869.jpg,1
1256,5143,77898,train_data/d147863ceb1e46479390d1cab4878fc3.jpg,1
1257,4972,74544,train_data/c6575dd7546240438630425bf5fb9688.jpg,1
1258,10329,35,train_data/dc5d5ae4e4f344078e4c78f75b1de704.jpg,0
1259,11423,70405,train_data/75b4d9bfc5be4238bdd3efb746d0a21a.jpg,0
1260,18532,18505,train_data/5506ab05df974e0eaa79f95adb02085d.jpg,0
1261,16927,38050,train_data/78b8e550a2c94bb1883fd506771557d5.jpg,1
1262,18284,43905,train_data/6d6660bef815490c871a51153d73df32.jpg,0
1263,18373,63648,train_data/c345e4534f1b44ad9e14b7b8cf4ee454.jpg,1
1264,4596,78481,train_data/a0ffcab0ef1248f28b74b82266963def.jpg,0
1265,10475,55748,train_data/90f7d2f07d1a4835aeea3207fcbc1724.jpg,1
1266,14910,76923,train_data/d5287da49c0e4cd18c2f1268ea911a67.jpg,0
1267,8413,25252,train_data/ef15c29811de44e0a9f4c4fca175acf8.jpg,1
1268,14909,10120,train_data/02ce611f42b341359b47342910a15d8e.jpg,1
1269,12165,8400,train_data/ecd2d2503c35465ebd4ad333a206d10c.jpg,1
1270,8568,30810,train_data/8e0883da5ca54a6494f9238b0aad003e.jpg,1
1271,19237,19123,train_data/c2fe0529b9b1480bb54fa445173ee6f9.jpg,0
1272,2405,79162,train_data/4953d0180b854262ba191ea701523192.jpg,1
1273,10371,10604,train_data/ddaa76b4d44a424b8e8fe74153587d62.jpg,1
1274,11735,62687,train_data/f2d8f258e6f341bc8e1bb45a5c27a0e0.jpg,0
1275,2998,16703,train_data/299ef5029e7640dfa15c5a6056d0ea6b.jpg,0
1276,12958,21454,train_data/7c8c4b56bc1c4e27a2012a5e260540a5.jpg,1
1277,17046,67632,train_data/ae69ac0b609b45bc85aa707ebf5812e5.jpg,1
1278,8637,3611,train_data/3a25b432fb474e938415078b27b40888.jpg,0
1279,12348,73153,train_data/7bb50dd1f15b498f91edd6c4be12355c.jpg,0
1280,708,62978,train_data/5555e47064bb416692b6f0b99a27285c.jpg,1
1281,14928,2262,train_data/517107f73f684ef0ad45408fd5624612.jpg,1
1282,9189,59788,train_data/ed701e1cff6b4a28a8c69e44bdac6d29.jpg,1
1283,2483,35439,train_data/2be4a13d2afc49498e58f29ee10c35ba.jpg,0
1284,688,57185,train_data/4d4e3465d210406592cddc342a4a78f3.jpg,0
1285,4201,25478,train_data/d09a98bd9c6541fba7aaff6b7953daaf.jpg,1
1286,12973,35542,train_data/245a50ded55c47cdba363c1f8dcf03ca.jpg,1
1287,2265,15985,train_data/d66bc370ff964f77a9107aabdbcacafb.jpg,0
1288,2150,35648,train_data/d1aad0cc9a1c41fab52af28b3639fee2.jpg,1
1289,4344,44071,train_data/afc6f4b6266149259460a88f6073b556.jpg,0
1290,2559,19170,train_data/442f33b8c9a8412e807d2ec8dacb0c09.jpg,1
1291,13474,73522,train_data/f3aa501936f64c879b6f6dbdfbd17712.jpg,1
1292,3434,46847,train_data/794ec9dea9f24393addb5f5c74ede8c7.jpg,0
1293,13381,76384,train_data/d43978e573e7466c94f1f86b8848d2bd.jpg,1
1294,4073,58064,train_data/e8263ce7c75f4742aab049bc2aa7203c.jpg,1
1295,6145,53328,train_data/62390165c4c341599ccce8cf76e667a8.jpg,1
1296,13267,20796,train_data/cda71fb438ca44caaa08df8c73f94f19.jpg,1
1297,8157,42696,train_data/421b19c240ce49bfa4144731d6d82d9b.jpg,1
1298,3820,79797,train_data/128bf12cbc374ec4885e8d8e64efda5a.jpg,0
1299,13153,9331,train_data/cea62cef3f2a4592b40222e90e92609b.jpg,0
1300,13589,49952,train_data/0c1fc188ac2e41599bf2ba654f70e2c8.jpg,1
1301,8892,13069,train_data/a6d3fdf469f445d1a5e0dc095319807a.jpg,0
1302,5525,79912,train_data/a4e013c317c5491fb80ab4f4728102c0.jpg,1
1303,7719,53184,train_data/34a9f0e390204594aadae95cf45b278e.jpg,1
1304,7898,40599,train_data/ab4d99b51dd34de1a410b90a5b773a5a.jpg,0
1305,1747,474,train_data/cccd921234bf487a91d0f61f45d09ce0.jpg,1
1306,16762,42560,train_data/4fa540f89a5641a3a9c48f23710d165e.jpg,1
1307,6253,59736,train_data/8aafefb06c1e4d87b6420062cd068e49.jpg,1
1308,13927,30708,train_data/be169c031c4949d5b13a23e0aff40259.jpg,1
1309,16304,34088,train_data/023912ffb1c94439944b48dbd124b6c3.jpg,1
1310,6421,54908,train_data/dd20015b9c2a435fb4381afb7377be23.jpg,1
1311,17010,48948,train_data/6544024bc73546ebbf3aa7e9d45a1949.jpg,1
1312,13008,20067,train_data/a57176f108e54ca89691017e24705e99.jpg,0
1313,14160,27522,train_data/cbdebac7fed1472ab51102347fa7147f.jpg,1
1314,11909,40624,train_data/529fa0f822a741668a8e61dae6c3667b.jpg,1
1315,10926,61383,train_data/821cfc6c9a974dadb37f6ad3866a8ced.jpg,0
1316,19806,57818,train_data/754f5735cbba4f72be8213e13e8a4ae0.jpg,1
1317,10317,46560,train_data/b982e1a651d748318168a580e8dc94f6.jpg,1
1318,3507,13670,train_data/d9279dd7d201416ca68d93d11adfe185.jpg,1
1319,15006,25990,train_data/dbd3f18dcdb840eea3530dbcd18582d6.jpg,1
1320,15497,50936,train_data/02e7e9edea4d4f49bad3590f5f7d7bec.jpg,1
1321,19787,51533,train_data/9f6b64a090c54a378608299d7363a934.jpg,0
1322,10016,63657,train_data/a0f818ac0b694195863760946dd80269.jpg,0
1323,16816,37652,train_data/166dfcbe072e433f9b67e859cfcd1783.jpg,1
1324,2929,31840,train_data/0513ce911407425db8a095537e2bf68a.jpg,1
1325,17935,39806,train_data/9e52a60330b846648e4f51a4566db1ce.jpg,1
1326,10035,36265,train_data/8b9ef95f9ea14db3934de17c0b5cb4f6.jpg,0
1327,16366,19145,train_data/d981a6c34e794ae5866546f889eb12cb.jpg,0
1328,9400,26899,train_data/db93fd3d33d14f0c8123e2512562d131.jpg,0
1329,7733,23708,train_data/c25f992ba228406ea38738261d551f70.jpg,1
1330,19570,30318,train_data/458c211580464c28b444390d5f62a41f.jpg,1
1331,11219,76158,train_data/bc150273c0954e739023361eb0041ba0.jpg,1
1332,16287,15998,train_data/ae195ffaf845474088ba9c178389710f.jpg,1
1333,14869,48982,train_data/7456556076e34173a1481267db56551e.jpg,1
1334,15300,56810,train_data/a880d1df4a1a4d78a6967b7297e90294.jpg,1
1335,16797,35355,train_data/4fcee2028511476eaecdcd53ed7fc20c.jpg,0
1336,9970,21463,train_data/d3647b864eeb41f3b7e7fd3460149433.jpg,0
1337,2177,31443,train_data/bbe2f6da8986483394737ff8737c012a.jpg,0
1338,14751,70490,train_data/ad31aacd06914b2db6c62289735fd098.jpg,1
1339,8939,14784,train_data/d3aeefb2738647f5a94e207389bf9d1d.jpg,1
1340,6832,30948,train_data/b7416064eb0146fab310b8ea92057a85.jpg,1
1341,6067,12284,train_data/b9fe014e841b472690847194968a5246.jpg,1
1342,18131,25288,train_data/8c8810759b434df49ad1df6b7eabc7a8.jpg,1
1343,13253,33537,train_data/3e280bf937034da8bb2a59a3d1a658d5.jpg,0
1344,12493,48649,train_data/e3bbcd600206408095602bd8f977e8a5.jpg,0
1345,3062,73347,train_data/9ce05e785d514ef29ec9740c19f99181.jpg,0
1346,9213,42300,train_data/a3415be41c144ca797d42a9e44086e97.jpg,1
1347,8818,59027,train_data/ed20b1a762e440058b9b4fa66e4b3b88.jpg,0
1348,18752,25797,train_data/c04af1c7691b4835a7b04a5441a7f775.jpg,0
1349,13211,2644,train_data/b8e9337770c34d8e94e516cc2a8171e1.jpg,1
1350,11506,38043,train_data/744ecb4d8d574051b1bd8ce1300b6e91.jpg,0
1351,7811,59785,train_data/d0640e31735d4b23a8eefa78c8c92bfd.jpg,0
1352,3999,69799,train_data/8295e3caf516462cb9f8a695141abbcf.jpg,0
1353,11208,36967,train_data/10eeed26a8bd434ebd1a2598f66f724a.jpg,0
1354,5090,4663,train_data/4a634f3eaa77483e98c5f37393e42b69.jpg,0
1355,12420,14664,train_data/7a6abb72c26748cabcd869e370a240a5.jpg,1
1356,3733,77490,train_data/cb4764754aee458b91b12ab725076a04.jpg,1
1357,1162,25250,train_data/d75eac22607145f69a5a6068e9a2fd03.jpg,1
1358,5148,8344,train_data/f7da5d3192ea42209492316ada4086f6.jpg,1
1359,12964,39382,train_data/67808d6100e84f069f435f5d1a1ac017.jpg,1
1360,3979,37026,train_data/6bef080f89e647f8b04a9b4c916cc856.jpg,1
1361,17659,12511,train_data/607845ce279e466e980c4475729fc214.jpg,0
1362,8503,50136,train_data/8b5b6e76f47b47d38c412ee503a447d6.jpg,1
1363,7882,48870,train_data/8564b1276f9348a09ddb2013108e8c0d.jpg,1
1364,19568,12233,train_data/0710f39a72ea4bacb87323c17bc70889.jpg,0
1365,8985,70447,train_data/3e925d1e204441a0af4d497df61c1bee.jpg,0
1366,7724,41977,train_data/4cc2413f5020484883cde96033cdd049.jpg,0
1367,13188,29987,train_data/ed2dff25394a407d995891b4ef3a3812.jpg,0
1368,15404,61286,train_data/0897fcb63ce84886a6873e741ab6595b.jpg,1
1369,4509,14777,train_data/6731ceb5042d44588db4f71703f29f14.jpg,0
1370,9571,13168,train_data/1eee6cae6426411d94872886bc6d8215.jpg,1
1371,7015,70818,train_data/c8ea40cbd73e4cecabf487143d1da51d.jpg,1
1372,1355,20763,train_data/37a981a03bf4412badfadf42f78bfaf3.jpg,0
1373,3508,26621,train_data/c8e2caf96ed64504a7ab34a62ff30113.jpg,0
1374,11659,57878,train_data/c0d259a684a9462bb1ee3c8ad7ab1b0a.jpg,1
1375,5960,27646,train_data/a768c54c4a1e40f6880886ca87c6534c.jpg,1
1376,2112,62480,train_data/426f46ca14844976bd9100464c2e5791.jpg,1
1377,2626,64560,train_data/532359ff3ca04f0f9fdddc2f94ea1716.jpg,1
1378,15076,74339,train_data/cb8babacf0844d4dabaa5994676e6b68.jpg,0
1379,9270,56291,train_data/82bb93b4980a4082829354776bee2e5e.jpg,0
1380,12291,41802,train_data/d402548788884cd5966d2410fcfdc626.jpg,1
1381,4672,42596,train_data/3502a3cb7fd4484eb41d77297e776e2c.jpg,1
1382,3710,8795,train_data/b8ae7a58b7374a99bddb8191362d850a.jpg,0
1383,17941,60992,train_data/be88568146764618a2f1da1053731de3.jpg,1
1384,17052,49450,train_data/99620e6ef8c54ea0be9ae4bb9f333627.jpg,1
1385,11306,64258,train_data/74c33ac0e02b43b4a417717c039ef039.jpg,1
1386,563,18463,train_data/269c1d31d20f487382461b6df6f1e65e.jpg,0
1387,12090,61531,train_data/4ad6b45322924093aa213823fdf23549.jpg,0
1388,12403,60936,train_data/33882569937a4b32992fa72d616edcf3.jpg,1
1389,6367,16223,train_data/5e72bc05a2674b5599c6ba273ccfcb6f.jpg,0
1390,8573,60586,train_data/87a857ae8bdf4e59b5f154b50864bf77.jpg,1
1391,8310,43190,train_data/d812cd6e80424eba9ae60bd462bd23b9.jpg,1
1392,1862,5923,train_data/18718b7f1e5e443abdcc1af0e36841e6.jpg,0
1393,7182,47242,train_data/d6095f0c4b9642639cae1df3f1ef55eb.jpg,1
1394,14705,79149,train_data/3ef50447462543f5acaf422fc75ce1d0.jpg,0
1395,826,20755,train_data/e0b77d870a9f48aebfa9892e431f15ff.jpg,0
1396,12890,23749,train_data/91bb493496d54cdc8e3773a42ad8c8ef.jpg,0
1397,8352,73740,train_data/50f415e26093418288610503a7432199.jpg,1
1398,1453,7107,train_data/d1dfbf3095214e2382ee1ba9bc4a7333.jpg,0
1399,10639,75650,train_data/d203323b88d64e429347a8bbfd462810.jpg,1
1400,4902,19792,train_data/a85acd560aaf47adbf6cd9d89e03ded0.jpg,1
1401,290,77202,train_data/558a72c84c9d4c7daaf97c459bdf906f.jpg,1
1402,17056,76590,train_data/b5de83aa656942b782f5d72fa639bc7c.jpg,1
1403,5354,66089,train_data/669680e24b3a4089a0928e07063d2d2e.jpg,0
1404,14848,8501,train_data/c0d9a441928847d2a0eb661e96643941.jpg,0
1405,11612,56431,train_data/69cdc6c159864ec4ad6b662ba52bb03e.jpg,0
1406,19432,41540,train_data/65f597007b574887b7bbc8d156b3d310.jpg,1
1407,16057,73352,train_data/8ea48bfaf019432f9497bc7e6187432f.jpg,1
1408,9295,10463,train_data/bb080f8327c44839b45e661bcb65031f.jpg,0
1409,14963,23841,train_data/313e6324811c4f8195eac70cbcdc9065.jpg,0
1410,5379,67823,train_data/b9a35bcf63a94bdc8406aca74852c288.jpg,0
1411,16012,48134,train_data/01a007389bbe4bf78efb0b8dcba332db.jpg,1
1412,640,23006,train_data/564a333a61c045bdbca9ec7651cb3c40.jpg,1
1413,10545,66109,train_data/5a09239c52884a0b9093941c331c05e6.jpg,0
1414,16470,54301,train_data/957aefe41f1241dd89656e8ee196ca26.jpg,0
1415,15445,34690,train_data/3a2f1e52612b46a3b909d605a16c6544.jpg,1
1416,10062,75202,train_data/e7d924415bdb466fad1bae09676d09d8.jpg,1
1417,8187,76128,train_data/cef346bd6d824790a317936285ac6554.jpg,1
1418,2238,45006,train_data/22423ac6662845548b4a99b419c2e280.jpg,1
1419,14092,75486,train_data/7ea13660cb8b43c3892a0e05ce6c8873.jpg,1
1420,9514,59647,train_data/d19d0a2076e04c6c94bd44be1cacce32.jpg,0
1421,9411,41065,train_data/388e6405122541edb351f621012709fe.jpg,0
1422,18113,51992,train_data/436746df401d43a4ac426382c0dc29e4.jpg,1
1423,5290,26087,train_data/1bad0e58c8f94dd28bdb6d9e815e1c99.jpg,0
1424,19822,79322,train_data/06d261e9b476492496e6fdf7ba051064.jpg,1
1425,8198,57807,train_data/06bb59277bd84e3796f302c0a13a660a.jpg,0
1426,14771,38802,train_data/893c73ce811c4e34a3abe4c756946aee.jpg,1
1427,10074,9187,train_data/70c3970e04d64a449022e3cc4afbd0b1.jpg,0
1428,4819,69907,train_data/28e3b562d7bb4dd4bd8098ef59721eef.jpg,0
1429,9209,47166,train_data/df71534ddcfb4163bfcff32eb8f692c6.jpg,1
1430,4768,61723,train_data/7189959ad4f34616833e24f0703b9089.jpg,0
1431,16480,18954,train_data/ae92aed715104e22bd8b60ee6e2ed61d.jpg,1
1432,11037,78636,train_data/401cc9acad5442c9a1ce9ab2b8fe8847.jpg,1
1433,13858,56773,train_data/f587c2cefa29405b880e963bddfaa525.jpg,0
1434,12959,75504,train_data/76427af74faf4c96afa4949741299501.jpg,1
1435,2393,11732,train_data/b45fca5447a548559bd1abdcb3f9e7eb.jpg,1
1436,6248,58687,train_data/bd537b03d1f043d4a8f2f3c0408d021d.jpg,0
1437,19242,71615,train_data/e8988de2d7274d81a50bff983653d556.jpg,0
1438,1911,54961,train_data/ad624efc1efd43438d13aa9d6d2c4045.jpg,0
1439,11480,624,train_data/56ac7895eb69412685746d7bade23105.jpg,1
1440,11904,16162,train_data/6aaf367bce414481b7c92dd1c2215c97.jpg,1
1441,17827,7627,train_data/3dbe0e4526924adc8cee6c8ea25faea0.jpg,0
1442,1604,12503,train_data/210ffd5c98064e4497052d0bd5dd1de5.jpg,0
1443,6266,4656,train_data/e0ab05e89745434285ad3949c271d7df.jpg,1
1444,4194,77791,train_data/7135e5575d7747aba2f1e57b899dcd04.jpg,0
1445,2647,2107,train_data/fcf947a581214dc680c07ab99135cd39.jpg,0
1446,1153,51435,train_data/1274a51a7e694318acc657f42e14a3c1.jpg,0
1447,14013,32012,train_data/bf9fc77084944b9cb491f462e97fee23.jpg,1
1448,7664,16413,train_data/44006f06ad9147d5874bbae2ac65bee5.jpg,0
1449,5632,6009,train_data/4718395c647c4426aa187d9ffcbb6e77.jpg,0
1450,12859,22858,train_data/41c8320fcca349a0a729001dd0830685.jpg,1
1451,16818,78109,train_data/ff1af944d5e141b1a0a533030f896c6f.jpg,0
1452,3143,67233,train_data/3599b2461c544d96a3fbf1d2e9adec30.jpg,0
1453,5863,37514,train_data/72952ceecd0e4fcaaed31b2fec9d5b3f.jpg,1
1454,8883,2351,train_data/967f73e8385745a4b3bdede86d3eee79.jpg,0
1455,6023,31112,train_data/df5a5ff37a9944cca9aa07c0a06ca19c.jpg,1
1456,6532,29624,train_data/808ececd83fb46bf8d4ab1d8912750b5.jpg,1
1457,13359,41570,train_data/ed8f19dc4f27421fb548b2adc1d54ad0.jpg,1
1458,6769,13415,train_data/3331ed2414c44ba2b641aaa6d59380cd.jpg,0
1459,7089,73500,train_data/f26b5073a336420085be9f4075bd90fa.jpg,1
1460,8164,36712,train_data/c06a62abbac44bc29c2547f94992683e.jpg,1
1461,9796,45961,train_data/f1b64774f6104bada4bf638d0188e194.jpg,0
1462,16714,7059,train_data/8232c4b12911424697459318e640dc31.jpg,0
1463,15490,4724,train_data/f3cd1e84c37540e79946f1c8ddc098d1.jpg,1
1464,8131,62283,train_data/5cceb35205cd44b9a1923669cf240955.jpg,0
1465,15555,4420,train_data/fa31785965304584915d942009ce2973.jpg,1
1466,19647,3083,train_data/0b7c3146fd24497fbc2747a662ee648f.jpg,0
1467,19861,39272,train_data/4e3e2c1b19ba49998522a0600131fbef.jpg,1
1468,852,69813,train_data/b5e38876cf9648c78a3f59a269ab4dbc.jpg,0
1469,467,33554,train_data/c2593860dee74407af43fb072b0f2642.jpg,1
1470,4688,2296,train_data/b1a54228fde342f18a216c6c41442450.jpg,1
1471,2796,51892,train_data/a1c99f3ce4ce4e8fb29e91710b28905c.jpg,1
1472,19833,9794,train_data/d13b3be5036f40da990e3f217f33522b.jpg,1
1473,8710,73751,train_data/bfcd2bfd6c6b409488da162f547d1b33.jpg,0
1474,13406,29314,train_data/67441b1ef01b4b25b88da720807be502.jpg,1
1475,8862,55070,train_data/95469cd3468741a49c6edaeeda51a765.jpg,1
1476,12285,64339,train_data/afecdf4ac6094e0683a7a2365a7bba8f.jpg,0
1477,14299,59837,train_data/257b91fc901c4a7d8450c73e30d2fa5d.jpg,0
1478,736,29938,train_data/761a648aaf6944feab8305d5dddd0d1a.jpg,1
1479,13017,59424,train_data/0a76c260150a4899933e74d9633f6e20.jpg,1
1480,16164,47522,train_data/5a6b980ecd4546809fa0c8bbf55e1302.jpg,1
1481,11986,431,train_data/d2729a93d46543928159f4a507a75cd3.jpg,0
1482,13809,17836,train_data/ba9d021855cb4f0e988a7627a1bebb18.jpg,1
1483,3656,36349,train_data/0482d57d333e47978153ec91037c58d5.jpg,0
1484,450,79430,train_data/225c77e9fc1047918eae403c7ddb448e.jpg,1
1485,12829,28177,train_data/add77388b7574c808e4a2ae9cb6e56c6.jpg,0
1486,4328,6253,train_data/683c8f583e0d46ab8ddbaff2fdb3bc0c.jpg,0
1487,13820,48788,train_data/534df377367548c0ba82a25f0c3ceb46.jpg,1
1488,18451,33816,train_data/ad094722f13945e184e3dbad1b26c6c2.jpg,1
1489,15508,38254,train_data/f00639a5ef2f4aeda19c86a383c1dc53.jpg,1
1490,11266,39813,train_data/46e8b36b8f324424a6c6174585045845.jpg,0
1491,13357,66815,train_data/cae7f12652384b5083f9fcae6560b8af.jpg,0
1492,13072,54143,train_data/75467b65a28042b386e6d74e45fd93be.jpg,0
1493,19054,3118,train_data/e175134a022f4b4fb533bfe055529731.jpg,1
1494,12078,3624,train_data/0210c3bb3c944ec4919e06b8799d9d94.jpg,1
1495,7197,65808,train_data/e4e11249fbe5409b9bd2552a7a384f81.jpg,1
1496,1144,48913,train_data/0830e62471a640bf9d0d57fb0c5aecb4.jpg,0
1497,8395,78082,train_data/e625648414864c60958292d48d7ab854.jpg,1
1498,7336,70784,train_data/1872d4695fcc4182bf4f5bd0956bad85.jpg,1
1499,9954,58873,train_data/d1274c7b55c64f3e98fc8ea7d254f93e.jpg,0
1500,2876,25767,train_data/662bf3f0d97b40ca87db77230da6212b.jpg,0
1501,11018,71793,train_data/e1db20220c2c46219a70f64383802611.jpg,0
1502,6173,26658,train_data/1646399daa0049d9919008da17aaa3d3.jpg,1
1503,14734,16686,train_data/31555ebc2f15466fa0d04319d0a20419.jpg,1
1504,18807,72466,train_data/2229bd9a93c04183a50106da3c2b996d.jpg,1
1505,19301,27403,train_data/672cc537e69b4fafb19ac5c57dfd8325.jpg,0
1506,41,36431,train_data/b6676c471306470b9d1dab61e4517184.jpg,0
1507,3269,3300,train_data/94a8801aecd24cf98d984aeb70b9f003.jpg,1
1508,17273,994,train_data/59a981d3fdc645b9a2057126ce7ff185.jpg,1
1509,10666,48727,train_data/9fd029ea500e41fdbda0b854604dcc78.jpg,0
1510,10353,19850,train_data/9949d6c1e5d64647bef4aa88dd17f72f.jpg,1
1511,14086,57760,train_data/b20e98064b8a49cc8163dada2fd0d124.jpg,1
1512,12409,25747,train_data/7e19b80a4f0d43d193f51af3cd3676f2.jpg,0
1513,1530,44607,train_data/db4d90c4cbfe47229214d66476bdb706.jpg,0
1514,2392,72997,train_data/757c4998bd024d6e8cccfdb77db98df9.jpg,0
1515,6211,23602,train_data/6e74d4cf9ffc431b91aef29788d944df.jpg,1
1516,10105,76521,train_data/ec2b6f08d5c64c5fabc5759921ab16e6.jpg,0
1517,1123,37923,train_data/a17cf5db5de1444e83d23cccd21e0080.jpg,0
1518,6561,66780,train_data/177bd8ba9ed149ce9ddea16572db18cb.jpg,1
1519,8909,20940,train_data/2324d0055e9844298498c8d8d2b98b42.jpg,1
1520,10812,57712,train_data/23bd6b3a39db444fa76410347e9a9609.jpg,1
1521,4693,2615,train_data/0d80943bdac54ccfa2d4976b7a744a0f.jpg,0
1522,3912,21856,train_data/1f6d6b72a555404aa5bda6ab8ce1425f.jpg,1
1523,11920,21998,train_data/c45cf7e790554bb88d9a776c687509f1.jpg,1
1524,2616,77242,train_data/7ff053be2bf548dbbdd49b14eee507f9.jpg,1
1525,15412,74088,train_data/32233d0b878b4a3289a55016392228c2.jpg,1
1526,5168,16525,train_data/abe83b58ee75478db0eea09d6cfbd194.jpg,0
1527,1347,54769,train_data/9ba40776fb2e43afa4f8b8f558bf1446.jpg,0
1528,19635,9976,train_data/a160e8c7bbdc4293a41bd4220edec82e.jpg,1
1529,8345,47620,train_data/5247d8c977b6446cb912d882c999270c.jpg,1
1530,14533,46278,train_data/aee97e654cec4827a8795852784e716a.jpg,1
1531,15659,69652,train_data/234200cc63454249b0de0feee41cca6b.jpg,1
1532,12387,24676,train_data/ec0d30abb02f4388a1b0204625a91192.jpg,1
1533,19944,16187,train_data/09dbd8974aef45789fe1d5412eb25212.jpg,0
1534,19462,11165,train_data/5ac3e72f7ce34ac19b153c48d4513bc3.jpg,0
1535,10419,65509,train_data/0a67349320464c9aa38f61ab21da67f0.jpg,0
1536,4843,41966,train_data/f3c1c1b2a18a477db19c20f5bf01bb74.jpg,1
1537,35,19253,train_data/f3865d53608042179481728b37114da0.jpg,0
1538,9048,72752,train_data/60dc4f90439144d2b169798c7ca99f15.jpg,1
1539,15205,75622,train_data/578b49b2252a4d63b3cf6b0b3d3cf19b.jpg,1
1540,14711,74932,train_data/ade06cefec7a4bb8bc096bc6532328ad.jpg,1
1541,18154,69236,train_data/24ec26d84e68454eba1bf0fe32f3a86e.jpg,1
1542,16869,46136,train_data/7b6cf1ea20054fcbbb148864229e3322.jpg,1
1543,4219,44244,train_data/dc8cdce9bd2c49e78c284101a072cc2d.jpg,1
1544,7826,43448,train_data/085f41ff36084042beb663e026de376c.jpg,1
1545,16544,23846,train_data/40bf0e2b32fc4a28b01187b9bf67e91d.jpg,1
1546,2687,77343,train_data/660177d49b5b4b8491c330f51f292a2e.jpg,0
1547,621,26120,train_data/2ab711490bbd45479a6a871147dbf1ff.jpg,1
1548,17636,52401,train_data/7d271807786d431b9dc5416c503c3747.jpg,0
1549,6687,48510,train_data/aa181b70c4364391ac3ada0ec3663df8.jpg,1
1550,323,2259,train_data/4bb29765657049f498e38156a816a306.jpg,0
1551,6760,67975,train_data/3c05ba18981240a28d9b6c07145953d3.jpg,0
1552,16424,42168,train_data/d16acc302e7f4341b83fd36bdf8bb74c.jpg,1
1553,17192,65980,train_data/b1b0dd20c9434d37ae0ed07b1f859d28.jpg,1
1554,13588,38198,train_data/01b7389c91e64673852fb71ebbb1f63c.jpg,1
1555,18604,13110,train_data/91764e1710114b2b99d912011de2c671.jpg,1
1556,18568,74092,train_data/89fed3d2f7e9428cac88a8667b61ca3e.jpg,1
1557,3429,49967,train_data/c51ba391e78a490696352481429ed54c.jpg,0
1558,1227,36271,train_data/b5cd76ab296245b59a367537d6123037.jpg,0
1559,12927,26051,train_data/4c6d394b8561466f8a88bab1c817091d.jpg,0
1560,7703,57579,train_data/0ebcf544c9c34f31abac5e9d5f82118c.jpg,0
1561,1713,50996,train_data/f9f494cda6ef4ccf94a1fa224f3c15a1.jpg,1
1562,3171,23056,train_data/88521b3286614c55b06a20c6591699cf.jpg,1
1563,4794,42537,train_data/7f9264880a9747fba982ff324fcc1dda.jpg,0
1564,7558,50436,train_data/99ddbf9380824e3a9be0fc4a32e74ef8.jpg,1
1565,8203,40360,train_data/23e5c35d8b904509966be4c02200f1e4.jpg,1
1566,17913,31735,train_data/19008821df5a4c45a33304bf76984e22.jpg,0
1567,10051,73513,train_data/fecd91bb37654631803319ff7ef32bb2.jpg,0
1568,7585,23293,train_data/9a5aa0c5d7fa4c0e8bb32e9ac522385e.jpg,0
1569,13903,76378,train_data/02082dbab9de48b9a29c80b1ae8ff542.jpg,1
1570,9398,47421,train_data/bb5e7a44e99342a8815d58d1ed5e0da2.jpg,0
1571,16806,67841,train_data/4b43db7b9eee46c5a7ebee8b6bf90690.jpg,0
1572,13290,67029,train_data/4dda6572a91c4c9dad3279e6b8359ec7.jpg,0
1573,11846,11995,train_data/58a03c90d9824dfb817766325b1a5f05.jpg,0
1574,8309,29993,train_data/98708177d453482692893ded11c717a0.jpg,0
1575,13285,16407,train_data/eed33956c08346a1a764ea50b949b5d6.jpg,0
1576,3470,26514,train_data/18b6991d07c74e85b57505c6c6088ede.jpg,1
1577,18572,75387,train_data/8a5d9445acaa4846a1a4d5ee4ccb7007.jpg,0
1578,17134,76419,train_data/3b198eb1e49742c28d4faef176a90cf9.jpg,0
1579,14944,78353,train_data/5684730291c747f3b13318939cc5cd91.jpg,0
1580,17634,68749,train_data/2e6f461a7c9a4b90a05365b7cae56f6f.jpg,0
1581,10980,52915,train_data/bda41c225fe94432829a10d08191457f.jpg,0
1582,16934,30884,train_data/75e06479e6af432b8844e62a9c5c6a08.jpg,1
1583,1994,77873,train_data/b60c8ab0d11048f1bfee5d7032b885ab.jpg,0
1584,1261,6819,train_data/11dd0e2672014901a9dd15b23d690019.jpg,0
1585,15314,30537,train_data/ebd4544d6f734b43b68c61f070b3bd7e.jpg,0
1586,8900,68594,train_data/269033b713c14890aa0f4dfd6ae57096.jpg,1
1587,2250,41496,train_data/05152b7432674513a3178d9e20769dfb.jpg,1
1588,10621,27070,train_data/5a584b4d5d004ef28b05001333de3497.jpg,1
1589,6385,36184,train_data/7b8f5e3b18c844f29266677ad7d06fe3.jpg,1
1590,2351,10566,train_data/7fb54b85789e4ee0a9a99b9f6eccf665.jpg,1
1591,1905,19468,train_data/e17ffd9981b040acbdb6c1f57e1782be.jpg,1
1592,8918,48537,train_data/9e8ea8048b9f423497e85714ad2484bb.jpg,0
1593,10168,44305,train_data/b09d64bec22d4ccf9d21d87ff0c16ffa.jpg,0
1594,10089,33223,train_data/c8785271f62840b798c9afe7b96df015.jpg,0
1595,7809,63039,train_data/97416ac451ff4d7b8a771debdae4b88c.jpg,0
1596,2334,43609,train_data/baf5943d27034311975cad31a2935090.jpg,0
1597,13637,19164,train_data/d81bbc051c694f5e962c2575b92b15ab.jpg,1
1598,5116,1327,train_data/c5d7801f936746f2b6f7cbbd3e0624d1.jpg,0
1599,12105,25321,train_data/bbfbff3628ee45c8abd7e8bca1221e4d.jpg,0
1600,13062,7743,train_data/377b4747b4db4f32bb29f9e0b10dde29.jpg,0
1601,6740,72967,train_data/a65c9db705a34cd6a10f9ee04db2bc51.jpg,0
1602,17245,18627,train_data/38c9e52844ab4f8b97cbe92aaeeeb456.jpg,0
1603,9820,20613,train_data/c42a2ca5ac824ee08dcbbabb8f1b30fd.jpg,0
1604,13706,63393,train_data/393be9930869472c8c40e795731183d1.jpg,0
1605,7568,75062,train_data/3c2356d7ca1447178e446e655699972c.jpg,1
1606,13741,28851,train_data/9a972bb0afb84359b93214e992897477.jpg,0
1607,4160,61657,train_data/4dad5f12d631467794b7ba714334428b.jpg,0
1608,7918,56515,train_data/9670802147e94422a4c60b799c91e6d6.jpg,0
1609,17821,46777,train_data/220c65821a524e24bd6a02136bf8e6f4.jpg,0
1610,17535,40900,train_data/29654b2927f64e09856a8d6be3509da9.jpg,1
1611,14678,76382,train_data/5765050c87a74873b3022df9e25a7436.jpg,1
1612,11222,65739,train_data/df8a607b9f8f48f1b0c848b298bc0bc1.jpg,0
1613,16425,55818,train_data/8dc3bffc28484364b3ffffe4099b56fd.jpg,1
1614,423,65836,train_data/de855fcb3012448c83e863f34c3a905d.jpg,1
1615,3265,41268,train_data/0134d76452fb4f779788f3673849ecb2.jpg,1
1616,19762,21271,train_data/414403689b2c4dabbabb493a6fe3b85f.jpg,0
1617,12902,50864,train_data/9aaf97143ff04a46840d9b513baa279f.jpg,1
1618,14822,43068,train_data/41a857b1315c459594e4de5e47b9d628.jpg,1
1619,14225,63298,train_data/e47da7d974774f4a8cfd3fefccc97e78.jpg,1
1620,12276,31059,train_data/93d87c741d574287a326b723dc7f0245.jpg,0
1621,9675,63583,train_data/06502adde69b42c19e3182c3015cfaed.jpg,0
1622,17089,78979,train_data/1303e9eaa5f14551878651829a590c2d.jpg,0
1623,11980,31540,train_data/e01b3329a4fc4b29bf4061b7e07914ee.jpg,1
1624,3268,75488,train_data/aaef109725904ab7a0a32765b0da01ad.jpg,1
1625,2794,4573,train_data/308d42381fd048a8bb0bb3dd86a6b250.jpg,0
1626,4991,27842,train_data/bc2389fa68294f29868f84e873a57ae0.jpg,1
1627,31,39512,train_data/98e83203178c4a3f8b9d4ce24d0c8e3f.jpg,1
1628,6562,27545,train_data/53804d96dbb74b778ca02e152b89bc66.jpg,0
1629,8840,66447,train_data/da7ab3b354144c7a9213d84a5dfa597d.jpg,0
1630,1433,13888,train_data/b3ac83f16dda4c61885eaa298562f230.jpg,1
1631,7685,27463,train_data/93b0f0f5f3d54c4586331c8166758324.jpg,0
1632,2279,10825,train_data/beea5fee4a3340e8be6a0d82f3088278.jpg,0
1633,18544,48341,train_data/6d723bfb150045edb4c5a7cc7e4ce3fb.jpg,0
1634,6423,59644,train_data/fe09ced830b544e7bd74a6fdd3158d08.jpg,1
1635,8238,28389,train_data/e8cf86fdb2064635b7e8093cdd0cd58a.jpg,0
1636,647,20347,train_data/4bc2e296eaf74a94b2ab1e89364399ce.jpg,0
1637,3169,62078,train_data/0d9e54363d834ddb8d1d840d8ba2fdbc.jpg,1
1638,10432,54593,train_data/4acc17b5ec9e4ce6aea723cf0681585e.jpg,0
1639,4741,68818,train_data/a89bc4d7a3ea4ca088effbc043257e43.jpg,1
1640,16913,10743,train_data/0c52b3aa44494cb6ac40527caf8198be.jpg,0
1641,14240,17814,train_data/b369a0d6b676426daf6bdf27fde86bec.jpg,1
1642,1321,23207,train_data/17d807ff983d41198ab4501092fc27e8.jpg,0
1643,19345,46937,train_data/398ebf13dd194d219cbfede60bb165f2.jpg,0
1644,17993,33177,train_data/52bc975315ee4d0aadccdfc45f046eb0.jpg,0
1645,5297,12163,train_data/9983caceacfd429dbcb258ee78e02922.jpg,0
1646,15726,21034,train_data/2ebcfcc44d8340d3858c9c53d35946bd.jpg,1
1647,18408,13651,train_data/44a4240af57d4be58f2494e38b4ba835.jpg,0
1648,12244,32393,train_data/c8d1b47bff0948228c5835be77ac43bb.jpg,0
1649,15448,27504,train_data/10e2506ec9fa49f38c5fe9ccaee424a9.jpg,1
1650,3415,24094,train_data/a27df4cc05654f48bacc5dbde3683ab3.jpg,1
1651,17173,51494,train_data/9129dd39dbeb4748bc50055bff3597f7.jpg,1
1652,18055,7767,train_data/95750c0e8a5b4a0fabd27d5bfbba03b2.jpg,0
1653,13320,4397,train_data/e79a3782a9a04f5aade980f608fdca37.jpg,0
1654,19202,76052,train_data/9110d84e48b644809e56ccd4656f2e12.jpg,1
1655,8698,41106,train_data/4c1f26fe6d2c4b718128f25fd7f15dc5.jpg,1
1656,7704,61482,train_data/3ca8dcc0189445ce98b5ac453eabf522.jpg,1
1657,1624,51395,train_data/efd9d70912ee498485cabe62c2a9943e.jpg,0
1658,1429,66545,train_data/11bda969d39e4fd7ab309abc20068a36.jpg,0
1659,9751,28744,train_data/e96c53e3f85345c8ab1bdb142a11fc00.jpg,1
1660,2992,78490,train_data/65d52ea5d47e4fa784176c4c7d4fdcc7.jpg,1
1661,217,44861,train_data/5b4bfef6077a4d318954a2d446dc15f8.jpg,0
1662,12673,33819,train_data/79d6f785252e44ab81cf771dd34279e4.jpg,0
1663,11359,42157,train_data/e13ea5c7f98a43e2a7ae40876d405672.jpg,0
1664,265,33658,train_data/a337adf5d46a4f10bf5c1313ce9e204e.jpg,1
1665,1396,70103,train_data/9d03c1240355451f8e12920815a1e6a8.jpg,0
1666,18084,8227,train_data/118faa2d468947aa8230abacf559bb78.jpg,0
1667,12749,1993,train_data/31ff727e961c4e3a8df52184c424c6b6.jpg,0
1668,3393,72317,train_data/9a716798acf244b4842fcf6e5777a170.jpg,0
1669,12906,53273,train_data/e04f834557054a79ac5c32ca84169eea.jpg,0
1670,15869,829,train_data/011b4184855b44ecbab5b4c3ffa8541c.jpg,0
1671,10351,66561,train_data/f1b7add8e3c047329465a10e4756252e.jpg,0
1672,3798,6399,train_data/adf8052988554adba2c138a45336bb97.jpg,0
1673,14718,44259,train_data/7a7249cacb5847068c10dfd1400ba08b.jpg,0
1674,15298,66146,train_data/561d16ca61d54b978dd738fa68a47cab.jpg,1
1675,9950,48975,train_data/c4b7dbdf47864b49acf47ac35fda9e38.jpg,0
1676,6270,79522,train_data/57dc458a17974673aefe1a4a29e1eaf8.jpg,1
1677,2856,25691,train_data/e97c5764fdbc45b0947a7176b668eff2.jpg,0
1678,6526,27627,train_data/f2e24b884e854c86ab221072cd82fd7e.jpg,0
1679,17139,31577,train_data/f602f810de8b454fbf9868fc27810b20.jpg,0
1680,12791,26566,train_data/ca5b36819fc241eaa229f3841fed9d79.jpg,1
1681,13113,76233,train_data/a81a25c3de9842729ee6d5bf2fc9baf3.jpg,0
1682,9674,37803,train_data/2ebfe52fc6c249198830ea3e4b6ebddb.jpg,0
1683,14099,36971,train_data/74b9c3d197534d0e8cdb1eedb73692b9.jpg,0
1684,8267,26060,train_data/ff0a467c522c40b48620b6ff331f9279.jpg,1
1685,8845,16765,train_data/c2820c5df97e4975a3a75bb047761d80.jpg,0
1686,4338,3022,train_data/bc94b2f6e6ab420c95d890623973606c.jpg,1
1687,17462,26364,train_data/bac3e443337f412b80e7f54b9cc6bc90.jpg,1
1688,6834,35675,train_data/472aa7f9abb3418dbfec629a05fb826f.jpg,0
1689,1632,43490,train_data/1f46a41236784652a334fe4da9ffe2a7.jpg,1
1690,2450,77870,train_data/83bd2108223340818abc56dbe22279cb.jpg,1
1691,2414,49668,train_data/66be703455454136ad4ff910c71ea3e2.jpg,1
1692,7497,47425,train_data/65054ddd57074e6489983d39c61c7511.jpg,0
1693,5186,13325,train_data/e7937cd3d80241e5ab1b281b03768213.jpg,0
1694,17918,29996,train_data/03e16f1144f14e99ac45b570e9e48bf7.jpg,1
1695,8076,11789,train_data/d140813fd6524a52b2e7333bebe8dea3.jpg,0
1696,3633,38086,train_data/9c8fc09900c1429993a432f21065d25b.jpg,1
1697,2117,41998,train_data/e11e7c9415464528bbd730c762055c51.jpg,1
1698,18314,27970,train_data/f96314ebc70441888d1ce92a5b106a02.jpg,1
1699,7584,61689,train_data/e9de59d75c464ce680023e53e2c2eef8.jpg,0
1700,387,17417,train_data/739ffa95d2634b4cbdd3bedbf02044b9.jpg,0
1701,3207,75986,train_data/b225f8cac59d4f3f930803e5cea2d8e6.jpg,1
1702,10631,52455,train_data/a65de70bdf0a40f9bf8c604290e80f8b.jpg,0
1703,4307,2441,train_data/816d677ced0c409d928704706837a164.jpg,0
1704,19452,27894,train_data/807b6946a3f741a29a8cdbb9462fa3b2.jpg,1
1705,1035,55224,train_data/10cd0c7300ac417ea60fae7ba84432f1.jpg,1
1706,17519,6541,train_data/e51ec207a629433286ead06fbd1626ea.jpg,0
1707,6114,53815,train_data/d71e21cf428e4409b00b0f918e5e07d7.jpg,0
1708,11136,22071,train_data/2e3dda40957c46159486aec9587af90f.jpg,0
1709,10249,41313,train_data/85365c70abd94e4a9dd43450830c24f6.jpg,0
1710,10385,11455,train_data/33852b228e8c48c7944886088dd16919.jpg,0
1711,4564,4097,train_data/b3da21df6e524f54ac5546fe022f9d25.jpg,0
1712,19829,37838,train_data/e4a7b1aeda714739a09fe2c60e0508b2.jpg,1
1713,14345,7096,train_data/6654ecf52feb4d5888969e8e44a0022e.jpg,1
1714,1554,25880,train_data/16d2f636add94171a4694dacd8096a0c.jpg,1
1715,1611,43414,train_data/ec7e59e1d3b64b61a040d301d0e7bea7.jpg,1
1716,5532,75649,train_data/fed8cc8a13754929b08d650343afe5ff.jpg,0
1717,1163,75435,train_data/356ecdb0eec5488f8252ca7a64a92f24.jpg,0
1718,2698,64034,train_data/97ad56b729fd4d289ca01ecbb53957d5.jpg,1
1719,8103,57369,train_data/35ea4dd387144424b3f78122e36dea6d.jpg,0
1720,4941,59359,train_data/edcb4beea7774d75907a2187b1729d94.jpg,0
1721,13243,9767,train_data/b872664e64b7480ea227c4c6a12f9f52.jpg,0
1722,12408,67726,train_data/10c78d4de61f48f18e7272174e1ff44f.jpg,1
1723,19450,51147,train_data/e2e8c5e4e54849c084132a301d341698.jpg,0
1724,13559,7064,train_data/f14e40e1d3bf42c3985f76f640681ae4.jpg,1
1725,16688,65946,train_data/ad701aa606f84c75a544c1ccbf6c7b44.jpg,1
1726,2346,63006,train_data/65e7ebcaedd445dea88fef532a89a5f1.jpg,1
1727,16692,75088,train_data/ac076835e93948429337ad6b53583d1c.jpg,1
1728,3509,16136,train_data/bbb7cd8c36284797999c16d4a481566e.jpg,1
1729,2267,5449,train_data/96ce94dcf0114f8983a28b36e557e991.jpg,0
1730,15057,77127,train_data/a7dd1e08b7bf482982a23de5a2d2ffcf.jpg,0
1731,10333,21843,train_data/d02dd3ef533c403089b529bf69774d02.jpg,0
1732,6405,1118,train_data/93b6abf5a9374c6ca002b01144c513ba.jpg,1
1733,8455,49552,train_data/7892cfc9f8cb452fbe1de1d0daadf88e.jpg,1
1734,8025,38689,train_data/aec8de02aacb4066a84cf6379f3ea636.jpg,0
1735,15741,70600,train_data/b85e5d4feb714a9d9668350b1a0bf1ec.jpg,1
1736,17,17293,train_data/68a32f9ac33c4211957c661b7ffa0838.jpg,0
1737,10138,21377,train_data/2d46fa33373e413a939c18492c7dd807.jpg,0
1738,6918,21368,train_data/338df800442a488dad48836b82d65e91.jpg,1
1739,1328,48399,train_data/d35385e8cc1f4164b3f7d5a9cfab8079.jpg,0
1740,1444,31684,train_data/1d22dbd1e8594a80840a02aa5f8bbe26.jpg,1
1741,18202,63065,train_data/4471a0ce8ad64feb8f5cc71c05db8583.jpg,0
1742,15209,1190,train_data/ce470dcab3d14df19679609236bfe343.jpg,1
1743,705,12296,train_data/94c699d6a47b454590362cfc8de00cea.jpg,1
1744,278,49809,train_data/1288eb3dc71b492aa38e0d5a78e5f5d7.jpg,0
1745,10676,55017,train_data/3dae2814d44b4286952849c65d81d096.jpg,0
1746,10715,61948,train_data/3b96917941a146c09101b69b0e874883.jpg,1
1747,10882,61243,train_data/95613af74f564f018ff892d7195762b5.jpg,0
1748,8143,10925,train_data/2c1e2eb95dec4defa94a5637bca6fa0b.jpg,0
1749,3752,50201,train_data/8aa8ff4c3a5f4eb187eac8b4a8cc1cfa.jpg,0
1750,273,78686,train_data/6229b4fa7a5f4c12b4e05b3849511d37.jpg,1
1751,7301,28495,train_data/5884fc77d93a40bd909d6d993bc050ed.jpg,0
1752,3184,21680,train_data/d377bd6d30674803a7bad935c18d3ce2.jpg,1
1753,513,19869,train_data/0f167b5bd36f48c180ffa6ced262b154.jpg,0
1754,3213,58071,train_data/6c8d306b55db49c0958c92f82b5a44c1.jpg,0
1755,9463,48580,train_data/d5f886e864ea461399cab6483d890f99.jpg,1
1756,2554,77884,train_data/fafa1c362b574d609b93952ff4414b98.jpg,1
1757,17691,11821,train_data/e8a69ad7d2ed41a9835fb953991bb184.jpg,0
1758,11429,72106,train_data/e8a84106daea467ea54d6595f15bc787.jpg,1
1759,13988,70824,train_data/90edf9b33a6149648d5eb7c88e0bde20.jpg,1
1760,11188,62439,train_data/279a5004cbf54dc7bb773169c434d1e0.jpg,0
1761,12724,34309,train_data/f2d97a2be2284977a9bd6de1e362583f.jpg,0
1762,9711,61774,train_data/8288705f2fdb4a2a9b911fafe5a54373.jpg,1
1763,17806,40962,train_data/cb9d8ad2f6f44f32b29debe389ec6fcf.jpg,1
1764,18914,75876,train_data/5e41ff9b6073440aa677c91ff9f4afc0.jpg,1
1765,15105,22613,train_data/167092c6fecd470ba3a0cb6c63c95f26.jpg,0
1766,5548,57611,train_data/fe7495cd94b4497684c8f6292ae77f08.jpg,0
1767,6599,45387,train_data/60a7cd16771b47698fd58492b263a9a9.jpg,0
1768,18937,729,train_data/954e8b5b575c45f5a23a7cfabd3e2d58.jpg,0
1769,3059,32482,train_data/5603aba252904e478febdb49e0b326ca.jpg,1
1770,5337,3840,train_data/2bbf4f1e06eb4227977678123619fe18.jpg,1
1771,12534,16332,train_data/252b6c13e38d475aad1af14d2ce253ca.jpg,1
1772,8251,21766,train_data/fd6886e1801c474ea9f23f9d8614b2c8.jpg,1
1773,9542,64329,train_data/14d50787e5694548a5a4539dd91996fb.jpg,0
1774,2909,18623,train_data/c8b5c6f212a14a75963598e4ad55c637.jpg,0
1775,2189,53578,train_data/f22ac89a91194ee8baaba8239e754652.jpg,1
1776,12110,54564,train_data/768f35b7fa0e4ebdbfc9e36b38b74a1f.jpg,1
1777,1427,74190,train_data/9bdfdee5e2c3491e95f784885a3ddbe6.jpg,1
1778,9910,47527,train_data/aeabb091a5264666bf7b2f0267dfeb77.jpg,0
1779,17954,18969,train_data/669cc4d5c5c04d3e8e612bce52c1ea9e.jpg,0
1780,2699,51102,train_data/937f65face5e4b639c6acb4b9524e1eb.jpg,1
1781,15387,56685,train_data/92731716edfc4c088cf0edcf9a4c926d.jpg,0
1782,17946,6429,train_data/8bd5b370b39841de8c7ac7474c118e12.jpg,0
1783,13906,31647,train_data/290b648791c1473dbc38679a60f7c8ff.jpg,0
1784,15672,14528,train_data/2c88bffa52dd4a15afd658bc3ac3cc72.jpg,1
1785,1978,23919,train_data/6b965b9da46540eb8c1b4af156155167.jpg,0
1786,12389,74600,train_data/d7fc1d8122a241a59545a2cf3f014c30.jpg,1
1787,10241,60704,train_data/40a219ebd84b45d9817c5c41f8f8f910.jpg,1
1788,6829,53299,train_data/12ab6db904a64cc9854833daa27cd05c.jpg,0
1789,3572,63693,train_data/706c0ecbf8d04b4986836fa7e83fccc8.jpg,0
1790,11844,17649,train_data/91e84db27c7e4998b0c369105f109ebd.jpg,0
1791,13868,58199,train_data/326756eacc2c4c1880e2e05869fd3bda.jpg,0
1792,8241,72002,train_data/7b7e688ca27745bba376904fcbbce272.jpg,1
1793,5671,37298,train_data/f13bef4aa88a444cae0ff1e00551002b.jpg,1
1794,17712,41852,train_data/6bc3d2ef1e3c4efa921adde339073883.jpg,1
1795,12596,15506,train_data/640521250bb846919b0fad5c289bab2f.jpg,1
1796,14888,35322,train_data/a3254b68a97a487a89f1b57cf14edaf6.jpg,1
1797,5915,66646,train_data/c35b7b2f56ab4009aef75d67a6ebd5ee.jpg,1
1798,5770,27390,train_data/5a450fdcc4a34523aa11be85028b19c7.jpg,1
1799,9905,41177,train_data/9ec53a3b6632400aa1f437191c6933c2.jpg,0
1800,11697,41212,train_data/c16b1d7bfd204087ae42f252c04a65f8.jpg,1
1801,4848,62328,train_data/d482e4e9795c4c4a891a3c6657a87eeb.jpg,1
1802,5304,55573,train_data/31932adfe8584238baaf7f2cea512fec.jpg,0
1803,12826,11124,train_data/dc4c62bc7902481f961b21ab4cceac04.jpg,1
1804,17511,2287,train_data/a18df6fe20bd463c98068a0217595e3c.jpg,0
1805,13939,14634,train_data/3468c02c829c49b7bc39e8aaa61b0116.jpg,1
1806,2041,37138,train_data/8e47815831b945ae97a475fbd8458c7b.jpg,1
1807,1705,48326,train_data/ac725322b62346b591ae7932cd724f2e.jpg,1
1808,10908,43126,train_data/33709ff4edfc407b81868fcd0f09e985.jpg,1
1809,19985,68732,train_data/d4b85655af0544a4bb6a0f39c24eff20.jpg,1
1810,15613,38670,train_data/52ab46a85b8044e9b23d3eb316e7f2de.jpg,1
1811,13348,64237,train_data/b2084e4cab2d42dc836cf7b9bab82c8d.jpg,0
1812,6544,70038,train_data/04895746a5824a2b9e70d18cb839c151.jpg,1
1813,13593,34836,train_data/cdd182c6b6154ec1bd296feb331c02cb.jpg,1
1814,476,20921,train_data/74463549bfe048c7867e263c9597a974.jpg,0
1815,15536,48264,train_data/d8de120825324058a373df9f05d82790.jpg,1
1816,19433,74501,train_data/7332a560343446a1854ea6d4ad295ae7.jpg,0
1817,6306,10720,train_data/b9ce320deced4c89a517e773fc146f71.jpg,1
1818,4590,13631,train_data/9485600b5cdd444da6dc2874bfb9df96.jpg,0
1819,5754,70904,train_data/f1c0fcdef57746eeb84aae294c46b25b.jpg,1
1820,10502,25763,train_data/9cfb88a076c44960b39b0286ebc7cfcc.jpg,0
1821,10289,36650,train_data/177b90fe7e3a4ee19336b40df5ccae1a.jpg,1
1822,13345,74332,train_data/a03797f7e57243d28418841afd5ba274.jpg,1
1823,14393,28282,train_data/8eabbe8ca2c84a30991f96008097a9fc.jpg,1
1824,16594,52932,train_data/28804d182e0d4516b0a00572c839b88f.jpg,1
1825,17037,2558,train_data/52decba41d13461eaaca6286f4797442.jpg,1
1826,16148,54924,train_data/e87425b956d945b2a487d1560e29127d.jpg,1
1827,12954,14354,train_data/614a4f923a5a459ea399b1a0bc7aeb34.jpg,1
1828,11816,7315,train_data/359a1dc850204e6ea805e8f1e827a695.jpg,0
1829,2300,48390,train_data/93bd0602b635463e83a631fe5376967b.jpg,1
1830,3375,20911,train_data/739cf06ffa5a471180c128c01e605415.jpg,0
1831,2814,43900,train_data/f8a21c8cdc0e45f7a32b6cf24458f606.jpg,1
1832,15353,5657,train_data/4d9fc236ecd6480dbb86827b52291381.jpg,0
1833,6725,62924,train_data/4c085fd8bdcc4149ae7070140cd294d8.jpg,1
1834,2199,63388,train_data/edffcb35fb09431c9e569fbab3e48b1b.jpg,1
1835,2467,68927,train_data/11b03abf6231488aac40933c7b3d6254.jpg,0
1836,16258,15587,train_data/f77824479a324ad7a0350d99e6fd263a.jpg,0
1837,5568,53180,train_data/1a2b8e83de59432fb2871ba863b562c8.jpg,1
1838,2879,17890,train_data/8cd9b65f94ef4731b61c0c64b4a618bb.jpg,1
1839,970,53816,train_data/451254a9bd7e4930831b0aea13f89de6.jpg,1
1840,2043,30440,train_data/7b2c34e091e44c95882ded32ac0f8072.jpg,1
1841,5836,51348,train_data/69f69d917f8e494a8e47ed72a01ef2df.jpg,1
1842,12310,8197,train_data/55f5f2a8ea324ea0a8b3f02e6593bc36.jpg,0
1843,5885,44298,train_data/11d07de95eb84801918dbba619b22a50.jpg,1
1844,8530,31079,train_data/194c42268ed145e5b8351ec436658e80.jpg,0
1845,5716,77778,train_data/071d67440417425194d5991b7bb6f731.jpg,1
1846,15000,77382,train_data/e64b0490fcf0493e931e9d70429b6a55.jpg,1
1847,2495,53760,train_data/24de55d8fed94c6a854e85d6dc41d738.jpg,1
1848,5225,39969,train_data/a9a311b88cef456488e2a8be7a41abef.jpg,0
1849,3525,29973,train_data/73bc4aff64394a4caa19704a4140c7cb.jpg,0
1850,6267,33768,train_data/e5810034e31d484790c761e5c69d716b.jpg,1
1851,6352,11652,train_data/8d568baffc0648b28d77edf14415a4cb.jpg,1
1852,6677,19582,train_data/6c43787901c54bd6a942d15357e4bdc7.jpg,1
1853,9380,67389,train_data/9bb4b8d75b11489080d2d647ee57f325.jpg,0
1854,19719,37003,train_data/8426f096296d4126bb24ce08d3746a39.jpg,0
1855,2065,27908,train_data/75392c369aa1422282f46a167205df77.jpg,1
1856,16037,54413,train_data/bfe5ae31d2f445fea2d3cbd216f0bb0a.jpg,0
1857,17629,9058,train_data/2cac51e705da45208d2c671222382b89.jpg,1
1858,9504,33915,train_data/c09575af86b04d8d8859faeb40bdf814.jpg,0
1859,6925,35817,train_data/1cb79c24604441ac98a80f25b3ee6b77.jpg,0
1860,3353,20903,train_data/959a3d0513db4cf2a55a73acc66b7762.jpg,0
1861,13096,68709,train_data/536bd76f3f3943a4bdbf901c78921a35.jpg,0
1862,17430,32877,train_data/c1c768d42a274fe3b27da9c3827b2682.jpg,0
1863,17477,62741,train_data/bc41a3f04cbf488da9d5880a67abc390.jpg,0
1864,10862,40609,train_data/2903513fb9744ef2aea52e9b2597dbd2.jpg,0
1865,4625,61994,train_data/d9aafa7827c04c6f9b397f53dfc2f81e.jpg,1
1866,12934,29835,train_data/ccd39fe243e34cfe8508b33bed4bd32f.jpg,0
1867,4049,32741,train_data/9dbbf6dffb944b4190738ffb1ace547e.jpg,0
1868,733,8529,train_data/971e21157c3f43e8a96cdb09a67be979.jpg,0
1869,14515,20565,train_data/2f5e2ace8fab485c800694e57b45c0e8.jpg,0
1870,2724,42031,train_data/00a96f6dd9f44eb0909e9b656e99955d.jpg,0
1871,2085,5992,train_data/8f3dd4f9bdf04a1b9ea3797528950d51.jpg,1
1872,18248,61162,train_data/317bb6bb2c8f452e9c2f7562e7a8282d.jpg,1
1873,17113,24804,train_data/3fb755cd2d1449ca81e0cb7968475db6.jpg,1
1874,4285,2556,train_data/a09deb6f69ea43f78f35e8fbf1363cdf.jpg,1
1875,4265,46290,train_data/6d95fb8cc4a14b8b9dc15388e45d091a.jpg,1
1876,5363,74828,train_data/ec433d67249547ff92714f85cfe624c0.jpg,1
1877,6978,43417,train_data/7ed4d1230f0a4cbfaffa6e386f5cecd6.jpg,0
1878,13880,74882,train_data/6106a861511b4e9abac4cc85a58e1f31.jpg,1
1879,16411,30012,train_data/729ffc0aa08b46b2ae400bdf2a0d9c43.jpg,1
1880,3263,7737,train_data/90084327c36141568566ff612d443bac.jpg,0
1881,7134,23342,train_data/149dbd24ba024cb08d66593c8fd7927e.jpg,1
1882,11364,42349,train_data/8beebbe5d08d432382ab05f936b2c570.jpg,0
1883,14321,64105,train_data/52ae48eac74d4110b1c57f9daf4c98a7.jpg,0
1884,4149,46547,train_data/f3dced4e08c04f35924e665f7a8e87b7.jpg,0
1885,2783,26569,train_data/5261ed91a93a4542b2b061dab756da55.jpg,0
1886,3529,58551,train_data/389bbdc5ded64b719f7cc62edd85fac1.jpg,0
1887,15079,12757,train_data/2707ac92d1584da9955982ffd701b461.jpg,0
1888,12818,11906,train_data/1f43b1bab2c440ed905f07e8e06747bb.jpg,1
1889,14844,25841,train_data/e89f72bce40e4d669b8ee0e86abf84fb.jpg,0
1890,18282,58078,train_data/a9952d72d1e3433aa826909d05582cf9.jpg,1
1891,17656,49788,train_data/f7bab2063e9040e68e9c85a2e2509e83.jpg,1
1892,16813,42838,train_data/e5a001a0a02946d897af9cb3dd2c2e2c.jpg,1
1893,3230,55376,train_data/13e47e2cd3554088bf4220a0d91e8859.jpg,1
1894,11711,32366,train_data/051951f247784585b9c13d5a5c2ecb23.jpg,1
1895,16249,1162,train_data/301accb7aa234969b3fbc22e79b2bbef.jpg,1
1896,12751,36056,train_data/accd05d8d9f94d368ecd8ce2e583dbb8.jpg,1
1897,8763,13511,train_data/8ed4706f69bc408583f69620b7f16c06.jpg,0
1898,15362,9135,train_data/d6b19878f6bf40dd825442bfa286b086.jpg,0
1899,7796,60832,train_data/b6a18e7168e7404f873d993af5c5d34f.jpg,1
1900,1441,75369,train_data/3567a5a5035e483983c4ce93cee11f56.jpg,0
1901,6279,70951,train_data/8f5474c3c89c4cd18e46dfbee3978f39.jpg,0
1902,16883,69977,train_data/61f0a04e46444424b6f52ca91e4c9863.jpg,0
1903,6556,21145,train_data/c57038cc8b424eceba346da39a7c93c5.jpg,0
1904,15763,73082,train_data/780d5dbe80ca4e378fe3d8c35febeb22.jpg,1
1905,15197,19315,train_data/1f533a3dd477410fbeb5ae909d28f5db.jpg,0
1906,10063,71194,train_data/2e44e478816c44f18e2c27f1fdea4eea.jpg,1
1907,3784,32814,train_data/2ae0855038c34d18a2de5db1c6287d4e.jpg,1
1908,5359,55331,train_data/8bc1067f240e49da8307f3633a2b8ba9.jpg,0
1909,19389,68724,train_data/f1ea7e9b7eb6400ba4fe36aaf147f773.jpg,1
1910,11591,58262,train_data/35029f006e694383a1e7e713dce14905.jpg,1
1911,12594,42641,train_data/6861a62e2a98483e93f60f5ea51ec695.jpg,0
1912,4966,38123,train_data/414fa0398ae547b589f3efd641e87711.jpg,0
1913,4984,76206,train_data/c45bb25c4c594643823c401bd3be3672.jpg,1
1914,2641,6201,train_data/fcd0433298d341889e8b210811d2ac66.jpg,0
1915,6246,40221,train_data/b273b6c85814449297ae388534b5368d.jpg,0
1916,6162,44731,train_data/f75eb493cc8c437d84e22c672661bc64.jpg,0
1917,7908,40908,train_data/222ec0ea1cd04bd4bbaec8f23f872a3c.jpg,1
1918,17124,41464,train_data/8a49bb4a7acf48b180bc3d651d98b6ad.jpg,1
1919,18166,63694,train_data/751e0a19012a494ea67cc74e209f3e9b.jpg,1
1920,6879,6334,train_data/38475d94dbe34bd6b34da85d2ca4d70e.jpg,1
1921,11674,45700,train_data/c9c0c7641d10492abf98ab03ce023023.jpg,1
1922,8588,35998,train_data/5d8874ecc855452eac0d86f798651c3b.jpg,1
1923,19980,4044,train_data/bf3c7fdf199447388eadae419fc61f73.jpg,1
1924,19750,79646,train_data/555db322567d43ce960d300a68a7289e.jpg,1
1925,9541,52673,train_data/1f056f4bc8894f7bbb985800930dd224.jpg,0
1926,6074,63371,train_data/59a6f4eceb0046aebc6df0f25b0f18db.jpg,0
1927,8674,51111,train_data/56667de732d64c8191844c294d412d4d.jpg,0
1928,14977,5369,train_data/f885efe1eac24384a150a0707c2b704a.jpg,0
1929,15861,33239,train_data/36cfa3e268004a9abd58603ee3b8e0af.jpg,0
1930,921,5558,train_data/c98007626f6844a4b3cda22c99a318c9.jpg,1
1931,1086,65465,train_data/a206eff4a149445b8847670944b78b24.jpg,0
1932,16116,50376,train_data/007f8c37d70647fa9bfc77b834d1c543.jpg,1
1933,1838,31341,train_data/bbe6fec5e0fb4fe882787c1bf4fa32e8.jpg,0
1934,8673,33523,train_data/de07bb7eed84492bb73550f11a98829c.jpg,0
1935,7286,29260,train_data/124f967c0c0b4c8f8d3b5a184b17a1dc.jpg,1
1936,10034,52768,train_data/047c025b5c8e4bbb84d8b207aebba81e.jpg,1
1937,977,28027,train_data/7e06406e85bb4668b616ba17acc553be.jpg,0
1938,16379,15976,train_data/ffdaf056e5a946088699eef96f537250.jpg,1
1939,2578,42650,train_data/0e97db684b9444f586d6587e12dc250f.jpg,1
1940,14893,2513,train_data/a2e4556380724ddd8f5ae6c219b1a9a9.jpg,0
1941,2319,42370,train_data/eb59c317b5454a38987d85a2001ffe79.jpg,1
1942,651,25997,train_data/920172c9f94644399584aeed9c0ad729.jpg,0
1943,7181,76313,train_data/e38172f9991448fe84ff8b09a4fbf51a.jpg,0
1944,4445,11778,train_data/998c534ff959487e9d5ac753e15b9d7a.jpg,1
1945,16911,6367,train_data/c6a6fe5f6d4242fe93d6d1474ae628df.jpg,0
1946,1362,18903,train_data/b46b871c1b2a47c4836419be0f2394f5.jpg,0
1947,13014,44265,train_data/c3c8cb8167a449acb16c07ff90cf4d29.jpg,0
1948,19983,18415,train_data/f836dfb70b604d03851692dd5deafef8.jpg,0
1949,15879,14798,train_data/73531d8837e74a22b67adb57a5d1232b.jpg,1
1950,7947,8875,train_data/7e37d3544bb14939b1a237455916068a.jpg,0
1951,16947,69979,train_data/bc5e653109f14d778f578e09ec29dbcd.jpg,0
1952,3461,77940,train_data/c628ea695ee04daab62326d9a78bea82.jpg,1
1953,17305,19243,train_data/63175a030beb4388ba0ddf04c7a779f6.jpg,0
1954,17855,71306,train_data/b2b692e425e44d9288d910d53c3e610f.jpg,1
1955,7753,11010,train_data/235b93a705394781a0a4e77fc459ceaa.jpg,1
1956,16317,37399,train_data/688eba058b1f4c12bca40280e3192b3c.jpg,0
1957,15324,34035,train_data/223060f8d3d7473296eff7b2468142a8.jpg,0
1958,17584,70391,train_data/ec1b8700a6f949368988efa35f71d342.jpg,0
1959,1288,57005,train_data/86538e48fb984ee0ac2e08865d03d5c5.jpg,0
1960,9020,14513,train_data/55515bb1beda44489881eb131be2e9cb.jpg,0
1961,12454,36621,train_data/68a7fae5735d42ed942d880ffc295c52.jpg,0
1962,19402,61969,train_data/a97c3aa84fd94406b1ab1da59c178df9.jpg,0
1963,4449,27373,train_data/be2a58e383214dcc9e6693e37c8a8e45.jpg,0
1964,7729,40250,train_data/602535562b9d41d9b6d343e57acf114e.jpg,1
1965,6087,23316,train_data/dadba725153c4f83a0f7ad01215f2c3c.jpg,1
1966,17862,63222,train_data/3e814c217766466884afbac99863d27a.jpg,1
1967,18881,18666,train_data/84f8c3c2204b4bcfa2046f3c8b8df5a9.jpg,1
1968,8658,32345,train_data/39794b1447b9411e81efcd1d0bc499c1.jpg,0
1969,6084,47633,train_data/b95f117aec124a0fa5504e23fb105c0e.jpg,0
1970,4021,70876,train_data/225260cec86c4c8797fabdd65ef53a49.jpg,1
1971,6535,18602,train_data/7a1f31694f87436dbae2454a3cec4722.jpg,1
1972,16550,55901,train_data/e36583c7389d45048359c97e6717b274.jpg,0
1973,8048,62542,train_data/c38db2a04f0c4907a41842d2981c88d5.jpg,1
1974,12074,50169,train_data/4d696a83d3ce48f8b67ea2e2e3f1303d.jpg,0
1975,327,62434,train_data/6aa2d832701c464093d0116632957a2d.jpg,1
1976,2235,30803,train_data/a242e4a7421f4ec882636b891ee1e5b2.jpg,0
1977,18006,34295,train_data/1e63f5772ffc4a7998a7348d05df27ec.jpg,0
1978,7250,16817,train_data/295640225b5140a489002e6fc930603c.jpg,0
1979,3887,12136,train_data/4b10dcaa5a1348d0be475f3fbb19124f.jpg,1
1980,7199,32148,train_data/3a360ad7e5714c1487440d909febd2fb.jpg,1
1981,1807,53564,train_data/6a9577bb1798401abe3867a988287fc2.jpg,1
1982,13613,59121,train_data/e25914aa416048bf87b9900691e2354a.jpg,0
1983,9999,52701,train_data/03befa3000574f999c63815a78f5a909.jpg,0
1984,5743,66401,train_data/179624c705f345d8894f3d0d9a5a7124.jpg,0
1985,11427,11980,train_data/84168180e3d74adb88f94f0f81358937.jpg,1
1986,6506,74479,train_data/0918791ac5854b4ea1609f7e1d9db9bc.jpg,0
1987,13517,39521,train_data/00460542977d4130b540d13ab2214763.jpg,0
1988,1383,55716,train_data/1f6b8cc529314c609735686770f90fd3.jpg,1
1989,18421,20787,train_data/b296d12f081f4eafa2154222a83e256c.jpg,0
1990,19061,64066,train_data/2ff595dd703241b8a2f36c285c124518.jpg,1
1991,2141,70046,train_data/2bb80d282743461592b8c148e1e04255.jpg,1
1992,16545,70603,train_data/320f1aea0a3a46119a86338b2d0c67ec.jpg,0
1993,11321,2851,train_data/2f6abdff0d064a709ae7ce6ab011402d.jpg,0
1994,14238,11200,train_data/5a100b6cfcdf45379ed12e78ef2ed89a.jpg,1
1995,12599,19620,train_data/f24738c83cc64100aa49650912ad83c6.jpg,1
1996,2740,65591,train_data/0ff64465188f468ea2ced2094703dbbf.jpg,0
1997,1712,52972,train_data/118d0268df244d6cae97d5acbeb7b54e.jpg,1
1998,17996,72239,train_data/cdaac6a2f77b4440be15cce9d53fdc70.jpg,0
1999,16387,49087,train_data/ea3031661514433b8072a0fe5b20b9f7.jpg,0
2000,6433,60439,train_data/41436954c1744aa280a0fe8cfe72b3d4.jpg,0
2001,4600,66124,train_data/33ff41753b6f47b3836a862c3e146efd.jpg,1
2002,10250,58941,train_data/75eb668ba0224fe4afcabf6bc691d01c.jpg,0
2003,15067,58636,train_data/cacc66df5937444d98a7fa8d1767a0c6.jpg,1
2004,15629,27687,train_data/b76a1704ba5d438daf1f34e8d7b151fa.jpg,0
2005,14710,1991,train_data/79301b9f8b1641a9bbbf0871e9b9d6a3.jpg,0
2006,15714,8453,train_data/3e9f9dfd75ad43c293e3b59c0b96799d.jpg,0
2007,4168,7299,train_data/1db73880f7ec4c7bbbc8ffd377b7aedc.jpg,0
2008,169,27310,train_data/659892b143d542798f57fa99c1d96d70.jpg,1
2009,11249,74377,train_data/46f545fa38474fb481ed2e46b3de5026.jpg,0
2010,19121,49360,train_data/4a085be117854eeaae765bf22cd850ee.jpg,1
2011,4618,18219,train_data/2397110718aa4271b5460c2d8f8f5e34.jpg,0
2012,13758,16093,train_data/5a5b4dd6fd8a42c3be59c1d842ab5215.jpg,0
2013,17426,54839,train_data/a2c31a1140064dec9a4a886e933551ff.jpg,0
2014,6490,59652,train_data/c44229ec23984fd0b10e16534436de3e.jpg,1
2015,15936,20433,train_data/8261ba5449474230a5a486d7d2b6ec8b.jpg,0
2016,18738,37507,train_data/a2249d00c5b84443a70e4a502a8287b7.jpg,0
2017,10124,72661,train_data/40eeb4dca6d34139a40c234d690c5060.jpg,0
2018,17466,22051,train_data/f329db238c664889ac9ac5f444d476f7.jpg,0
2019,17479,62733,train_data/80a0974367bb4f47abfb529f92ba2ff4.jpg,0
2020,5922,67570,train_data/e59b57bd34474767944e06670f9e2026.jpg,1
2021,14234,53187,train_data/52c2943283074e53b14eeb04a114b1ca.jpg,0
2022,11286,12883,train_data/5789156a8ede43639e71f80d8ddf59f1.jpg,0
2023,3310,66779,train_data/b283a2695b5f42fd9622be62dcbf17d7.jpg,0
2024,3165,55454,train_data/50a4bbdef89c44c8b49b4d79570f8b52.jpg,1
2025,11758,59710,train_data/fb5b0fa2c3d647b688535643dc126da9.jpg,1
2026,7671,73349,train_data/c799910e5b84472e8ffe06e5192b2425.jpg,0
2027,2781,70372,train_data/77bbc8cd321b4a9ba5c21018f4520183.jpg,1
2028,4417,7029,train_data/ce1f6a78e9cc448ab9d27933783a004c.jpg,0
2029,7317,6059,train_data/a2c6d97af8ca457eb22fc49815b55f05.jpg,0
2030,4816,47629,train_data/337551809dc34ffdbcbba86829fae714.jpg,0
2031,2277,62544,train_data/a8cad53b526d4a3a98180e92964db052.jpg,1
2032,137,75010,train_data/5791bfa06e3643f6b429c982813910da.jpg,1
2033,10182,64730,train_data/e88ccebc9cc34e1286dbf313bce1e691.jpg,1
2034,3481,4990,train_data/ce737e76d3df469894ffdd4f21f936a3.jpg,1
2035,12745,20474,train_data/0a8dc9b7aa9f48bd94c540fb3353d14d.jpg,1
2036,6846,9023,train_data/b17247a1d702428c86b39a025aae9fca.jpg,0
2037,4189,53640,train_data/cffca883357947208ec8bb949ac51723.jpg,1
2038,5883,44375,train_data/2bef012efffb4ce28811fdbf4ced6d66.jpg,0
2039,18931,33016,train_data/26c1c79f503c4797b40d1d5bd25081ba.jpg,1
2040,9737,42116,train_data/613b85eeba8541a7a62ae5cf74120714.jpg,1
2041,3704,37737,train_data/685615696cc446af8fd21a9dee9d3c60.jpg,0
2042,14784,32409,train_data/effeafcadaaa4e01967451cb0271c3fd.jpg,0
2043,12029,4784,train_data/dab606b8894a4cfebc3b5a7567ed1abc.jpg,1
2044,2748,13308,train_data/d11f5bfe54164bd0997aec3d3e15155b.jpg,1
2045,5391,10590,train_data/9cb26c2bc56a47feb2c4a07a32163949.jpg,1
2046,4197,61540,train_data/36cf3279db8a40e5ba98f92def870f56.jpg,1
2047,2988,1180,train_data/16d6fca1f2fc454ea85ff1d447c0bf6f.jpg,1
2048,13496,77730,train_data/a45ccc107e4440b6825559facb35d9c4.jpg,1
2049,10826,70733,train_data/d7899183e7fa4a11af4625e00171f52c.jpg,0
2050,16846,29479,train_data/5c802895152343f6b27e54e1ced464a8.jpg,0
2051,19268,11234,train_data/8cab9a341430467db1409817354b4ca1.jpg,1
2052,19208,68898,train_data/4a92569b143242e89960a00836e3f5be.jpg,1
2053,17223,73022,train_data/1b821710dca0427aa3590c00d5abaf2d.jpg,1
2054,15865,76393,train_data/3f805183d3c246e7a9a09fc9d40d1dea.jpg,0
2055,18897,54390,train_data/ad61d0494b7f42759e9ee8b676d816dc.jpg,1
2056,1397,9932,train_data/71311b7b0deb4eb4903de0dbf5ea3b36.jpg,1
2057,13152,45325,train_data/6c994f700b5f4ff4ad139e131d8226b8.jpg,0
2058,11132,6289,train_data/e6edb1e517f94a37adf181fe5a20cd93.jpg,0
2059,4461,75762,train_data/7c1d5a191044478c95a1655b5273fbde.jpg,1
2060,2930,47211,train_data/e58496c7f3584aa387d33775e422fd74.jpg,0
2061,19777,47433,train_data/ffaf5700d3a04fe2af5c7692e98d6008.jpg,0
2062,14467,9351,train_data/127f6691701e4006a38e0c020ed3d6ec.jpg,0
2063,12076,18844,train_data/a17bfba9929b4c15b0bfd480b615dad6.jpg,1
2064,9109,73908,train_data/316e4b5944f64995bf347c3df4636a5f.jpg,1
2065,12400,13019,train_data/971f5920a7df4ae3bb1bc3af4b40aaf4.jpg,0
2066,16630,54770,train_data/1369a7451080480387739d9667331e52.jpg,1
2067,14804,23085,train_data/9f4d3511dc524bee92acb91cdeb3ec9e.jpg,0
2068,9731,16866,train_data/4f12ab22c46e4634a0fcba05c577f10e.jpg,1
2069,18693,34931,train_data/778fd19b419b4e1c9ead5bed28f89e26.jpg,0
2070,9430,5785,train_data/74041b01552544c9b77f954da5bca535.jpg,0
2071,11373,50260,train_data/39d001ac94264ac0afef4666998b7887.jpg,1
2072,16493,52913,train_data/495d8116c3914b2f94338440fa68de34.jpg,0
2073,2301,25925,train_data/6554eba3e29b4a98bd0ff7f962cb9fc6.jpg,0
2074,12216,51505,train_data/0e8c6036da964417ade64e0dba1f0e3c.jpg,0
2075,11203,4845,train_data/0e5ac4bd619c49268d1ecf4ce622e49e.jpg,0
2076,8561,72700,train_data/81b0cb3216ea4ed9bfaa28acbc4b7d17.jpg,1
2077,16266,17471,train_data/93a8b364387d4cc7ab9b2cf207b67eb1.jpg,0
2078,15247,31808,train_data/d3b6d7640d1f4328801da865ad859eaa.jpg,1
2079,14508,31487,train_data/0e064cdce97b4c0cbf9330625c39f56b.jpg,0
2080,19682,43071,train_data/6bbe3dd877c14168b565e514d9587caa.jpg,0
2081,4639,42492,train_data/bb605e7c43874ddf8af7d555e67f6f92.jpg,1
2082,6584,46979,train_data/5b25e50f46464a79935461e45abf1c7d.jpg,0
2083,6741,35729,train_data/0705bb1b1ba6474d98203034350c3ef3.jpg,0
2084,7177,66831,train_data/215e732a5e86471b9ee7ce59ee612770.jpg,0
2085,16611,69427,train_data/40ce060c6ec34c82bc3582bc35793e72.jpg,0
2086,5763,36537,train_data/a095feacbd79458298c0197fb58f0f54.jpg,0
2087,3848,18053,train_data/96ab5ee85a4b47468ebdaac424cba091.jpg,0
2088,12106,54072,train_data/ef0a5f4831c94b49a8ebed3ebc8d1597.jpg,1
2089,10830,61469,train_data/9608498d07dc442691f291708a0389ef.jpg,0
2090,714,64422,train_data/7a287408a5644680b1ecb64e07d1c478.jpg,1
2091,5224,76549,train_data/15262201aea14c7391962753d3d4248b.jpg,0
2092,4548,51832,train_data/e5adac8c078340bb8e93eb31b73a52ce.jpg,1
2093,12520,55832,train_data/6c4cd253f1d84fa883b5339f4a13fa2d.jpg,1
2094,14128,1038,train_data/5be6bc66fd1f47289ae0f2134dbf966e.jpg,1
2095,8958,1671,train_data/dd620eef09ae43e1ae38b763fc1ddf54.jpg,0
2096,4345,79051,train_data/c9b83a03899f4d7c9d71c5c98a9bbc51.jpg,0
2097,6662,356,train_data/c45affef1c3d48a5ad0f97e106c19c52.jpg,1
2098,6015,16280,train_data/91f495451da04140bff9eb9c8d990810.jpg,1
2099,6,74470,train_data/b57a2044c0294be78f28ea9eac43476e.jpg,1
2100,2898,73142,train_data/eb596469794d4f23b9b1982de200cec6.jpg,1
2101,12384,28101,train_data/2d31239083c544aea0cf3bba2a41b727.jpg,0
2102,14446,15812,train_data/db679255caa745d0a872f1ee9ad67f85.jpg,1
2103,5975,996,train_data/aed5cb0ff4b14827b647fd1acbb53179.jpg,1
2104,18158,10276,train_data/b28f1502d5004d3b8233be18729d8b57.jpg,1
2105,5468,23017,train_data/8711c7a1097f4724bb2230b0db6af8ef.jpg,0
2106,8685,24775,train_data/e2c17c0e3a5e403190690418346807ff.jpg,0
2107,13347,73283,train_data/5c01830eb228442597633fecae94e776.jpg,0
2108,7667,46513,train_data/94ac95a415e14998b24b55c1a5d827e0.jpg,0
2109,14772,38401,train_data/b35355b63d52489d9091507ec6a78cfc.jpg,0
2110,19002,73923,train_data/b16bc7eebd5b45d791acd468c0228c76.jpg,0
2111,13083,9543,train_data/6c3b5bfb9f504147b9c36b3b05be1a26.jpg,0
2112,14592,8465,train_data/77e94e5230f7483ab88b90a5c98a0011.jpg,0
2113,14672,34781,train_data/15ab45c443ab4e62a70c4a65e9d1b389.jpg,0
2114,6503,62275,train_data/66e8314667b24d6fa3da852d784aeb26.jpg,0
2115,1023,34820,train_data/fcb0783e3a3045b4823b347f8334227e.jpg,1
2116,10407,50202,train_data/b02cd9474587481486266d60e369a5b9.jpg,1
2117,15466,64465,train_data/99450cd2aff54bd49cbf42df0a9987ee.jpg,0
2118,4667,18502,train_data/16cfdd8eab39471c83ad3321004bc869.jpg,1
2119,10352,26700,train_data/c102b1282e5f4ffa9a30989c6c5faf25.jpg,1
2120,7639,41354,train_data/d4860c8b63f24679a56610935eb4839a.jpg,1
2121,18820,70061,train_data/2a15bc9d8f134b52b9e3fe6ba3c84788.jpg,0
2122,13821,31326,train_data/0be7f2a770a1457bae8a10066664715a.jpg,1
2123,6388,6366,train_data/c7e0505bfcf349a88bfbd9be0a791d1d.jpg,1
2124,10489,42131,train_data/21a1d99195774aecbd2f6216044fecb3.jpg,0
2125,5348,42360,train_data/695a069de83645d4b8bbd01883f1fd2e.jpg,1
2126,10505,67497,train_data/a41f6d4b884e47c2b836327901a0d38d.jpg,0
2127,11162,35114,train_data/7220940635b04895a43a76ed587ba574.jpg,1
2128,11361,31505,train_data/3eaeea623abc49c8af1abb1d8f984590.jpg,0
2129,8748,25361,train_data/fc67ab3876d5425bbb03c6829059d181.jpg,0
2130,12439,38356,train_data/27c109f7594e4ccaaad0ffad398ccbe1.jpg,1
2131,17798,69098,train_data/eea0e3e1e5eb41489d64d80bb303aabf.jpg,1
2132,10613,48573,train_data/aa36550b278e471e9e9ef0402786521e.jpg,0
2133,2111,26391,train_data/0b2dc12c3fe84487818ccaaa9ef97524.jpg,0
2134,2743,27710,train_data/ef93ba06a73042f5a342094bae3b7391.jpg,1
2135,13551,70833,train_data/3d5a60ef68444879ad5f41fd05f44a9d.jpg,0
2136,2981,37715,train_data/7f73fd63da004afab8832f7e9895b68e.jpg,0
2137,11343,66979,train_data/56fcff2026b9497ba754a7806a0e807d.jpg,0
2138,4930,25211,train_data/3cc674804f354072822c5f8a06d28b9a.jpg,0
2139,4783,74660,train_data/d581cc45d3b94c08ac67b14427118c2c.jpg,1
2140,12064,32901,train_data/afbbd9eed7d642aaaf1791fe815ec625.jpg,0
2141,15347,76627,train_data/cea8eeb04ea54ff5a7d66307854de367.jpg,0
2142,558,2132,train_data/3b6404892c934406adbaeb126038ab04.jpg,1
2143,14046,68139,train_data/f3290be7c20b4e2d83b94a4bb22e8972.jpg,0
2144,4807,34431,train_data/648dae4fb5a749d48e28138f49c5e568.jpg,0
2145,5564,57722,train_data/add00ff1afed43bd87de77723d69b109.jpg,1
2146,10689,15944,train_data/d5745b6b2cd74f21b5f608bfbcb678da.jpg,1
2147,5992,42037,train_data/3e26d77f725d4a799e915782e39191e4.jpg,0
2148,4104,8700,train_data/bab52d55e1e3414b85794ab4025aae60.jpg,1
2149,10579,73619,train_data/9ed65b028c764606b0b5fbe67e329974.jpg,0
2150,16496,47321,train_data/899dfc27c873482da8f73a5616812800.jpg,0
2151,19710,33030,train_data/b993fc4240b649f98c9c5d37862e6e12.jpg,1
2152,7672,29051,train_data/adf3d016c6364130a2a4d5ea91f53a03.jpg,0
2153,6602,13314,train_data/afe3d2828f1e4e768442b3c1147b307d.jpg,1
2154,15115,37324,train_data/a999e0f59e674afc92f1a86b92762833.jpg,1
2155,19254,2784,train_data/5477ed51613849e097c9d33be2d68f29.jpg,1
2156,12382,44360,train_data/ea1791ebb70f475a8fbe58f880bd1d16.jpg,1
2157,10216,9075,train_data/87ed32209a014c89b6ada30889261556.jpg,0
2158,11121,79769,train_data/282d5538fa8c4ff3b6a6c42e412c59d6.jpg,0
2159,8628,28550,train_data/acea79f1c4bd489991ca029374bcad25.jpg,1
2160,2247,30264,train_data/43a3a7b559eb4eaab878d83ef0363534.jpg,1
2161,9384,27611,train_data/6fed39820bd64ee39245077ae5793e5d.jpg,0
2162,12648,22153,train_data/157d56ce98ca4cae8770831252e5fe9b.jpg,0
2163,2315,40287,train_data/f0500326355343f787286ac267b9b169.jpg,0
2164,17729,40368,train_data/b34b7cd21e834a78bf2ee7d54f6eae1b.jpg,1
2165,7201,51816,train_data/1c53fdd11c7347c3b8ba3c49ad4d95a2.jpg,1
2166,19075,46523,train_data/ffb1b4f64f3441a7821f7f9c6089396d.jpg,0
2167,4755,20777,train_data/fb033e1677fd48f086c1f4d0bbc5df5b.jpg,0
2168,4333,78695,train_data/5655760c6cbd4112aef13fc6189f7bca.jpg,0
2169,2195,35768,train_data/8cccf4412a2c4ca88eda40a3fcf424eb.jpg,1
2170,14635,16164,train_data/8ba62f5e642f44589778a7cd15d8ffaf.jpg,1
2171,19596,17478,train_data/8f1c66d1bd9343d487f73c253cbd8b62.jpg,1
2172,12785,2409,train_data/e6fc472bd8074d71bec756f5b00592f5.jpg,0
2173,6779,58263,train_data/49557ef272904035aefa654ba2872f3e.jpg,0
2174,7515,29148,train_data/d8170fe8a7184c34a79e8ce3c3ec4b3d.jpg,1
2175,18019,45791,train_data/34a39782efaf468281e88766f0ba1a5c.jpg,0
2176,1869,53531,train_data/ee6925481525462bb39bb1ecdbbca3b7.jpg,0
2177,6309,43672,train_data/e0adaf961e7748f6b9eea42f94db0087.jpg,1
2178,9245,39084,train_data/5ea99cc22d9549ce887c144deedaae3b.jpg,1
2179,12440,5329,train_data/c10cf3b0cee14b8582f9b4295d05be26.jpg,0
2180,5128,69963,train_data/16598e675e9341e2bfac6edbec467279.jpg,0
2181,17619,71584,train_data/62d16036e68e4c3bba21a2c91939c076.jpg,1
2182,8141,31032,train_data/db60b3f6669846d2bfa74eab4d1311e7.jpg,1
2183,1199,37758,train_data/a13fdd32fb1c4045843cf4fb21e0d62b.jpg,1
2184,16197,76582,train_data/00f16a9062b9407599306bb65da9e8d3.jpg,1
2185,2519,38216,train_data/8424b62d708b40afb0322f036f5c283f.jpg,1
2186,10220,19141,train_data/757da39b73b44f7b8b63b36f40ebfbdd.jpg,0
2187,14611,4790,train_data/ae88c589f63344b0827a4e7db01c1b53.jpg,1
2188,715,66735,train_data/88a634ba14b6475da34e840f766e4b8f.jpg,0
2189,11277,69866,train_data/c35c258fa96d494293ca93ed3e119603.jpg,1
2190,18488,37162,train_data/5ab9e29346274b3d877599e8a3251a0e.jpg,1
2191,3277,47549,train_data/dadbcc08e09749318441962eba0a7276.jpg,0
2192,9899,47005,train_data/57785986d1e54271a342c5697027bedc.jpg,0
2193,7047,39517,train_data/0a6306ab7c3e495fa5b08451f67a8197.jpg,0
2194,361,19886,train_data/c30060cfe2264ed9b49f0526c3d44895.jpg,1
2195,15834,16245,train_data/c2ff4846089d445c8fabdc6f2e719841.jpg,0
2196,7744,21935,train_data/50e0c9d5e22b468981d26f62543d50af.jpg,0
2197,10330,52033,train_data/0003538364d44952924d83980771e5b7.jpg,0
2198,12277,76302,train_data/9fb04797db114056a57d1144d3f6b0dc.jpg,1
2199,10906,16372,train_data/153eeb9a2fb549edb3cde58a38c066c3.jpg,1
2200,10567,60387,train_data/232a6d12116c49188e8c76e3d39d01f2.jpg,0
2201,17381,35967,train_data/a6e0edb8966447729291ab98e19cf3dc.jpg,0
2202,18952,63903,train_data/ecd42c3057324fe6b288119bd97f87c8.jpg,0
2203,10547,65958,train_data/9e759325ef3b41f98422b682d1151c8e.jpg,1
2204,10217,41801,train_data/142f7f7b58da4b1189dc13b4a10ef4bc.jpg,0
2205,7484,70770,train_data/71029e4f815f4ca981de8de7ae5669bf.jpg,1
2206,12694,76886,train_data/ecb32a3f30664cbea91dc762ed64b1b8.jpg,1
2207,7003,43234,train_data/0bf9d9e79e7a4dca99e51e4bab698e58.jpg,1
2208,1157,22057,train_data/0fca73b59b9a4205bb4a945d2ee277de.jpg,0
2209,11263,52280,train_data/dbf781ff70344fb797086bdcd21c366b.jpg,1
2210,15665,34525,train_data/955efc055f2844f0981bb44d3af7297b.jpg,0
2211,460,57661,train_data/84a2720850b94ac1b955bb680ce5769f.jpg,0
2212,17086,40468,train_data/0b0cd2596a5c422a8971dae77e4e91e4.jpg,1
2213,9568,50543,train_data/663ad305fef348ab82d16a7a44bece77.jpg,0
2214,7473,31467,train_data/4826293e5a404488add399d5e886f605.jpg,0
2215,291,54997,train_data/ef467ac5bd89464bb69dba57aa0f65a5.jpg,0
2216,5908,6936,train_data/9fb6cbe472724edcb0d147028a74a845.jpg,1
2217,10856,41013,train_data/e0d34887a62a4b638f8b6c22f8bcd2d9.jpg,0
2218,8616,4801,train_data/b257e82e2fae4a66aa9b40fb5ce44b14.jpg,0
2219,13952,71970,train_data/5ee6b98e4fc0497eb71e328874165492.jpg,1
2220,19586,66357,train_data/a32a6f746a8f4033beebf7cea1c502b3.jpg,0
2221,8618,78921,train_data/f029108f1e5e4738b12049df2b302946.jpg,0
2222,15454,18513,train_data/5d6f4b8e9cc74af89a759454ae819b51.jpg,0
2223,8773,38195,train_data/4a6eb03389724bccb64e31b84afa1e49.jpg,0
2224,9396,61319,train_data/c16d3b08d69f40548f21b3faa131c884.jpg,0
2225,4918,48942,train_data/e3f5d38d657441458f72c2d8c2027f4c.jpg,1
2226,9531,29841,train_data/51e578b4a20a4708b7990c6840e03a39.jpg,0
2227,4178,52096,train_data/3ceabcba57ee43d2b24c0e7d5af2bdca.jpg,1
2228,14245,62388,train_data/09cc1142fb4f470982736e2822cb0d9d.jpg,1
2229,18471,61930,train_data/1de905f635e34c0f99e220f611bf1b9a.jpg,1
2230,12428,51429,train_data/9e505a148b854bd1bf0b013dd2d7a916.jpg,0
2231,15320,46338,train_data/cd062d2a79f446aca69be738ec6f4010.jpg,1
2232,8306,25447,train_data/c74d9786f22847e09bb61da04ba6b534.jpg,0
2233,17564,30826,train_data/bbf975453dc643dd9b443a9bd28dcda6.jpg,1
2234,6126,78460,train_data/5f67115157dd46e4ad73723240c0362b.jpg,1
2235,11961,58752,train_data/6eaf0f2f0d39405fbb3a5ecca6b56743.jpg,1
2236,19703,13006,train_data/d054b6b588b747ddbe7de3e7b0b22082.jpg,1
2237,10548,63877,train_data/dc896dc94d124be68ed690fc85018aaf.jpg,0
2238,4936,64374,train_data/e8b25cd856464edb825b3c8da3bb5881.jpg,1
2239,15759,44958,train_data/0dd40c960fc5415283a90f7a03963509.jpg,1
2240,4058,76697,train_data/03d24e2dbba3410c88bc70e6bf9351fb.jpg,0
2241,10753,61504,train_data/941a62c47e624b1fa563d21a1849d5b3.jpg,1
2242,19387,50638,train_data/b2e69d58e9f9488ab673573e8400f2c3.jpg,1
2243,14535,71049,train_data/dcbc41d8b83c4c5db290729957608fde.jpg,0
2244,7627,79477,train_data/5a357195881f4f468d1f8879b2549d87.jpg,0
2245,230,55369,train_data/bbaa96c574aa4205b88ebb0a4d7cfcbc.jpg,0
2246,8537,29170,train_data/be7f1915c64b4e5db4d98f2966adb8f3.jpg,1
2247,2545,50410,train_data/cec37a2ce78c4c3a956fd958a6d5eb61.jpg,1
2248,9614,57460,train_data/87ca231c70954423b7e93d53def2de9b.jpg,1
2249,9707,45523,train_data/80673326eb524b0b8ea9537d4de3e644.jpg,0
2250,10730,48480,train_data/7b5ac45b87a34df1a2f54b90170af286.jpg,1
2251,9500,56128,train_data/359446d880394246bd2a132317722ec1.jpg,1
2252,16098,17617,train_data/e9b0bd4d0a454589a6e25352d1afc5e1.jpg,0
2253,17405,50793,train_data/da114bae665146929d9ce79fba7b2944.jpg,0
2254,13231,67218,train_data/4409ce0b8fb748b8843011677e9232fa.jpg,1
2255,9887,9022,train_data/4daf563ef40545eb99a1501c6bdd55ed.jpg,1
2256,17750,34000,train_data/2c9272cd9bb24a0c860b9cb69959faa5.jpg,1
2257,13811,72366,train_data/9ea04715a5704313adf6cd16945d5fef.jpg,1
2258,18359,26319,train_data/f33b8e707c0b4363b7e9496599da9aae.jpg,0
2259,5034,8760,train_data/ab5d6d487b9748c785b05d68adf825fe.jpg,1
2260,17698,5563,train_data/76549e28dbde439192890b1c3c904dc8.jpg,0
2261,7932,47110,train_data/2f6cd5586754485e839bf7644b8bd590.jpg,1
2262,2797,31868,train_data/3c6c3a26fdc64894907f49ab730bad4c.jpg,1
2263,7814,34355,train_data/802f968bb85841ef9d0ba38c606edaaf.jpg,0
2264,4045,43745,train_data/fee4338f5759449f9ee758320b5b8f18.jpg,0
2265,13599,34223,train_data/6430e0ea8eb54141986a8d97eb847a4c.jpg,0
2266,16178,69239,train_data/1a8359ec8d5c4d2fa5cb0b24dcdd6411.jpg,0
2267,10448,40016,train_data/35904a40e906401fad2e995c47ce8138.jpg,1
2268,9039,6666,train_data/33bae3def35a4b0a8cba6a6817d1e890.jpg,1
2269,15003,65287,train_data/36b1a9f9b88348a6b47f213dda3d99a8.jpg,0
2270,7449,50744,train_data/1ad3c5a4b8f64798b72c35490d188c02.jpg,1
2271,18312,67672,train_data/264e86f6048b4b9c82808c631002ea7a.jpg,1
2272,7682,7162,train_data/c27a504365c0405c806e93daf21f9258.jpg,1
2273,10133,17742,train_data/fce050cf99e94e4b8c367a9991ae888f.jpg,1
2274,5183,41797,train_data/01b3b206da774bcd8bedab4d41e25540.jpg,0
2275,7695,74615,train_data/e53d133d913842388dc54bc1d5cdd298.jpg,0
2276,12320,49161,train_data/dd61803465294894ac84663b02c8a050.jpg,0
2277,3298,60228,train_data/1af4c97358694c77b3c5e02e966a7368.jpg,1
2278,15809,60477,train_data/15ef419cd52344a4977e3f1087f8a0d9.jpg,0
2279,17643,7359,train_data/6a46008b296146b1a87b7365101f5c3e.jpg,0
2280,10052,8874,train_data/e8f96692813d475bba2f3929cbee84d7.jpg,1
2281,4496,28680,train_data/bc2fbfb1fc08423bafa7c7728ee5fced.jpg,1
2282,9740,72471,train_data/79cf882b43cd484bad10c07be48a554f.jpg,0
2283,14380,71280,train_data/29fbb170453c42d5a6102c95e889fc8e.jpg,1
2284,5742,32034,train_data/1b486107221a48de97fe6fd6ca30a78d.jpg,1
2285,2752,33549,train_data/67937a0e248a4a72a28017ce5a188462.jpg,0
2286,10936,56301,train_data/800f36fd57124dcd847e90ee66f95e5a.jpg,0
2287,3474,27040,train_data/ea257ee546fd485180bd0860a27ae152.jpg,1
2288,12787,40474,train_data/68344e5baa2f478bb35964ace8859bb7.jpg,1
2289,17186,61522,train_data/77f7fcc1cf104fc3bc228bd943991cfb.jpg,1
2290,18398,26476,train_data/bc45526e3ba04cd5af15d8f8e601b5c5.jpg,1
2291,18149,58365,train_data/ec28a239a8a149b381eb70776ccf9a47.jpg,0
2292,8295,46242,train_data/3223bf99e28542a481d17ef0ec85994c.jpg,1
2293,19412,43742,train_data/b9eaa4a873e4403f91d48a3984081752.jpg,1
2294,9362,48165,train_data/9f85d496604d4d3fac584224bdc1ed07.jpg,0
2295,12004,78509,train_data/d9b0d5fa4a434eb7b4158583c106456d.jpg,0
2296,2605,30151,train_data/5d5b11c8700d45bbba34448911466b5f.jpg,0
2297,11526,18885,train_data/b8fa2c165a2044a1bd9b83ab18705623.jpg,0
2298,1957,23754,train_data/9a6c3ddd06f547d8a8eb060b1552bb9b.jpg,1
2299,487,29582,train_data/65b48e0b256a416ebfb9827c398ec270.jpg,1
2300,17881,4104,train_data/d208218e01d94941975b4836388d4d20.jpg,1
2301,6119,66813,train_data/53ed56d71e8b406ebd5e3faf73fbf604.jpg,0
2302,11942,35336,train_data/51bef6d01e35444aab7cb2c360e45bbf.jpg,1
2303,2730,62836,train_data/583d2c9443784101bbef93560f08daea.jpg,1
2304,18380,65885,train_data/72263308105645629cf7fbb36d47175f.jpg,0
2305,16641,32159,train_data/1f8fab4ba5c64a06b0a3a2f7e8165957.jpg,0
2306,13595,32974,train_data/4a1f4eb06a604b47aafbc9f818818906.jpg,1
2307,12774,40393,train_data/0d8f9150b3e74a5a889b724bd834b093.jpg,0
2308,12976,74907,train_data/4904a159a6e2467c9e21641551aa9dbe.jpg,0
2309,16214,60300,train_data/30bc20e811cb40f8b3fe47324aea3046.jpg,1
2310,7463,61018,train_data/b847951c3afc471b9f2ed79fbcaef706.jpg,1
2311,6006,64097,train_data/add06b8a12464a8fb26f2fa92553d720.jpg,0
2312,7555,50554,train_data/52eb50f0e6c7421db61637c141142f35.jpg,1
2313,10943,61784,train_data/83c5e4871df74c2c8492860e208c14c9.jpg,1
2314,14275,38804,train_data/f1e27b07ba1840c9bb552f3fbc17fde3.jpg,1
2315,14583,10630,train_data/02c276b47cb843aaab4e3e4f285478b9.jpg,1
2316,1020,20803,train_data/eafb78198aeb479fa17c7c067461d69d.jpg,0
2317,13604,1916,train_data/113c8f5e330d4fc19678c48117a29798.jpg,1
2318,5954,36128,train_data/fb032a14206e416b8e27a2d147bfb706.jpg,1
2319,14619,14811,train_data/e660118805f34ad2b8edf121b9654f8a.jpg,0
2320,14395,65853,train_data/cd379c0a40e549bda83080da0f7f42dc.jpg,0
2321,15966,60590,train_data/eb6855846712489e998a48943ba1dac0.jpg,1
2322,17004,73208,train_data/4bae1e4769fc43109c63c92a2e14f2f7.jpg,1
2323,8336,27658,train_data/e9dfd4e438914254b393ef595eeee198.jpg,1
2324,7541,25974,train_data/1ad828de83fd47e4a3c3ab7837e74df0.jpg,1
2325,16861,40422,train_data/c1cb451818f74e34b4453328c212ec8a.jpg,1
2326,15322,51014,train_data/794b81290d87478f8d1c57fee0305938.jpg,1
2327,6586,33651,train_data/327811701431420f9018da8e1596091a.jpg,0
2328,134,69262,train_data/bf68ed5f07764bd19f41188dfdceb80e.jpg,1
2329,11885,62252,train_data/643f5e535ce54332b3e57ff0ed66fa11.jpg,1
2330,9149,12608,train_data/dda1a3f75e8b4d33b5bbea0ac69632e3.jpg,1
2331,15337,67424,train_data/2b7060ccf5dd43048804f822680bc6c4.jpg,1
2332,13681,13943,train_data/666198d527774c07a3044cd26fa48479.jpg,0
2333,8443,4639,train_data/2b2f66e0a67246a6b2686559122217d6.jpg,0
2334,16432,53523,train_data/8cf9181747e64fdeaf9caec8f8ee03d3.jpg,0
2335,14875,33976,train_data/1a3806f326a0481582733ebff9378eee.jpg,1
2336,6228,60129,train_data/3c8614edb6b24fb69bbff9ff4a4f7a2d.jpg,0
2337,15168,22910,train_data/dad84f8330924cfb982017edb1fed996.jpg,1
2338,4352,712,train_data/9580b08db5414271a17af7aca5d26b85.jpg,1
2339,8481,10216,train_data/505e3ea46ad74665b03014b09d26c840.jpg,1
2340,9236,16694,train_data/9e770c177d2840c39fc99d63e8ae130b.jpg,1
2341,7247,45526,train_data/ae679ee7f28543ac859eeb2999e39726.jpg,1
2342,5489,43615,train_data/b8df2bfac3844ddda59f78b3e0cd61d9.jpg,0
2343,485,24948,train_data/c9b028e188474475bc1c991c06c95bad.jpg,1
2344,5376,11757,train_data/1fc62400ca454fb492179f252f84fc78.jpg,0
2345,967,54241,train_data/8b5de1b47dfc47739d5631c9a7fe73cf.jpg,0
2346,18640,17271,train_data/c4a64ccd48344976a6187a1161cbe9b8.jpg,0
2347,5483,18758,train_data/3ee88883ad0c4ee6aa41bc881750f1a9.jpg,1
2348,9440,19308,train_data/a1595f39f43a4638b941c2ea6be88c44.jpg,1
2349,5343,60564,train_data/c046cf69507e4d1e932a19aa46352abf.jpg,1
2350,7321,22819,train_data/93ddd1e279974f829dc971466f829d74.jpg,0
2351,14603,45563,train_data/30951e930a494af2a5bc2db5d1a77f73.jpg,0
2352,2225,77121,train_data/5247b11202da4056a9d14b93af73917d.jpg,0
2353,8687,5114,train_data/b6e45ab942264da2b31aef1de981ac36.jpg,1
2354,4788,1736,train_data/da49e7f5467d4330aabd4581dcc9f48c.jpg,1
2355,13892,4543,train_data/10000168914a4f829753000c3d6bd3d8.jpg,0
2356,19904,25413,train_data/5dfd930f6612436fa96a8ff8559d639c.jpg,0
2357,13169,1449,train_data/99a42012eb164577b231774504c30d2f.jpg,0
2358,13302,51173,train_data/5ba7b6b7d37e40b88c702410328c48b1.jpg,0
2359,13912,5803,train_data/6d5cba40ea2446b2b3e9fbc4e043a4e2.jpg,0
2360,7220,71945,train_data/1fba6f12e35042e990f48935de8fb2c2.jpg,0
2361,8377,26861,train_data/6d9f70a91fc64395a13b47d54ba5632f.jpg,0
2362,12442,78102,train_data/25da17363add446a98b8e7c96a1ebf36.jpg,1
2363,8404,1795,train_data/7dd7e2b78f2f4e1ea6096f021f28432a.jpg,0
2364,6258,56636,train_data/6e1441cd41e94d8d80b9d89ab8a6b04b.jpg,1
2365,3947,3189,train_data/7d4bc6092afa42698c81b8df49611c11.jpg,0
2366,11623,14792,train_data/604ddbad48cd4337996796ce0308361d.jpg,1
2367,19140,56932,train_data/3cd337d389994242ae41cd7e432c4406.jpg,1
2368,10301,39864,train_data/8cb4cc5981f044198476b8f51aa53c6c.jpg,1
2369,17442,77959,train_data/0888fac8180d47419b09c0ce4964ba73.jpg,0
2370,2826,4871,train_data/23e00cb258e3432bb37c19c42fb11467.jpg,0
2371,3472,73566,train_data/c3f81cd1cb14402289a3cf74c1bae591.jpg,1
2372,6880,26688,train_data/084cd785b3c84943b04fa75c1fa4de32.jpg,1
2373,9334,55960,train_data/1fee6805f13e477198527bb4c540c4bb.jpg,1
2374,12059,625,train_data/07d37a5ff4984d9da51e68ca90770b05.jpg,0
2375,8114,24566,train_data/e8298a6b34f74c8a9d240f3b059706e4.jpg,1
2376,11358,48476,train_data/9ad2eea412314a808bc8ae258d867420.jpg,1
2377,3703,50683,train_data/12aba509e29e499bb466e45fffb5a42c.jpg,0
2378,601,63923,train_data/73b4472367184f419686d370e1da3f2d.jpg,0
2379,18232,59404,train_data/19573bd439824c58a2f7a11603ade60e.jpg,1
2380,18296,2317,train_data/ca754500cfd34089b84e1cdab1ef56a2.jpg,0
2381,16229,13724,train_data/dc020f3a75a14bd2bf880b8700e7a9a8.jpg,1
2382,2935,68074,train_data/9d9f9c053d9741ba9ced98625ac40e53.jpg,1
2383,10004,49059,train_data/ee4946eeee6043039a04d05047453fb2.jpg,0
2384,15462,56130,train_data/fadc198da2db45cab1baf18ad3a748b1.jpg,1
2385,2167,14305,train_data/5254fca8fd604a509fc9d198a5125233.jpg,0
2386,9445,15071,train_data/3bd8517230d1457bb647b9f095f0d588.jpg,0
2387,18781,73565,train_data/233d73ed10c541c3b4412e4c7cb2357e.jpg,0
2388,17818,40147,train_data/0e0d2f1b387f4861ab7741ecd543abb2.jpg,0
2389,18543,35444,train_data/ae09cc0dc4414aee9127eea74075a415.jpg,1
2390,17797,4593,train_data/4de4f6da7b994f5b8a846aa12e074c14.jpg,0
2391,18866,56464,train_data/47f28c335a5e400dafa05fe642def0cd.jpg,1
2392,7958,42102,train_data/54ee6c64b99f471a961261542c195e9d.jpg,1
2393,4743,39642,train_data/77fab25f4f384c70a4edc4e44dcd6632.jpg,1
2394,741,8181,train_data/c4175ae1697e4b0d8f581831d7084f45.jpg,0
2395,411,10399,train_data/af3caa2b88524f25917feed255c27e17.jpg,0
2396,5071,74566,train_data/92349f8b10594ec6add2902fbc0fc786.jpg,1
2397,16682,58087,train_data/b6140c4c83ae4c4484c749568ee3b70e.jpg,0
2398,18925,51100,train_data/be75f176307c4326ba2d053406650d19.jpg,1
2399,18907,11542,train_data/06b55bfe55f449e7bb7385c5fe6f3fc4.jpg,1
2400,12014,24958,train_data/751c9e69522d4c81b5c31f093ab7ebb4.jpg,1
2401,2622,38340,train_data/2b2d58b007264709806233dda1a14908.jpg,1
2402,15467,21011,train_data/6329ea0840e2413788cd10fcb492b11e.jpg,0
2403,17722,78647,train_data/7b3327d88667438db9792a4db83c6f52.jpg,0
2404,2075,14552,train_data/9e9f5a79b0394d868228ede581d3fb3a.jpg,1
2405,11225,24458,train_data/2523831876f949be928c565dafd3117f.jpg,1
2406,17661,72809,train_data/5271f79aecc0486fb2b27480b9711555.jpg,0
2407,15392,38572,train_data/a1b2220ddd154ceaba58ce3641e723fb.jpg,1
2408,2534,73892,train_data/fc448f9fc8934a2eb65ec3e56343dbbc.jpg,1
2409,12968,71811,train_data/47232dc62f32438eaab9c41f7b3d6996.jpg,0
2410,17876,58265,train_data/95f0a9dc65034097bf3a4d1086f859cb.jpg,0
2411,4556,57157,train_data/24c7ad8151ed4145a2158bca76906fd5.jpg,0
2412,11482,65204,train_data/91b3ba1ed7234da2befc209ef25555a8.jpg,1
2413,286,69562,train_data/98c626ea190143fea677e090b70e7cbb.jpg,1
2414,1323,60150,train_data/45431cc4060b4e4589d243c781135679.jpg,1
2415,8944,51189,train_data/141968d31d2640e7be3bb5ea0ee694b7.jpg,0
2416,13052,73408,train_data/415ca33b83a04ea1b830d54d84888b31.jpg,1
2417,3649,34705,train_data/49ac9358563042efb0c841fdb858cdb6.jpg,0
2418,72,53358,train_data/6cdda1a481e3454e9b46a991df11f068.jpg,1
2419,11868,59365,train_data/efacaeb2d673478b8aee801e37317643.jpg,0
2420,410,16695,train_data/52101e5c55624762a37e1a3590cdd4cc.jpg,0
2421,11677,3753,train_data/9e16cfbf5c8d4b8e82176087bd283365.jpg,0
2422,8018,72846,train_data/0bb94a74ab0f487cb9421c9aacd042c4.jpg,1
2423,17423,31839,train_data/8a8913711ed2442c9cb53ad112e37587.jpg,0
2424,17287,64917,train_data/cec933c40ab44b93b15a260b8a57ab51.jpg,0
2425,12577,68245,train_data/2a83ec7b6a284357a75bf8195e605b2c.jpg,0
2426,19868,61827,train_data/94b2644998734394ad23a512983c06c7.jpg,0
2427,4894,53151,train_data/93f87521fdd6449d8243161b14b8d973.jpg,0
2428,10262,18672,train_data/3058bd6def50496a8f3939c34caced9d.jpg,1
2429,5306,26211,train_data/2f5fadb3a9a84257b5caeae89275af2c.jpg,0
2430,8660,1990,train_data/c04b10f0da0244c2aa6f701afd663153.jpg,1
2431,19539,4780,train_data/b084100124ce4fcdaa8f288784a454d2.jpg,1
2432,5219,49519,train_data/d4192f658dd24ce490bff2a8093799d6.jpg,0
2433,19303,67919,train_data/c3371539b8a1421aaff66d7d650d4300.jpg,0
2434,3978,63412,train_data/1e2f34e4fafb4db9bb565b691d6ec16a.jpg,1
2435,12630,30853,train_data/dc7fbb7d7fa545b49a8db065ecbf7a4c.jpg,0
2436,8619,53296,train_data/46e1574995ae433c95f1e150ae5844ca.jpg,1
2437,13691,40210,train_data/dcded26d2ad4413797391d1e58bad055.jpg,1
2438,6105,42714,train_data/2bf622a5d1a1436a93fb148bf059e249.jpg,1
2439,2298,30137,train_data/588aaf772d764926a02b6b3d8a5f5c09.jpg,0
2440,7178,15471,train_data/127bb6f008e447388a88ab74a21ac91a.jpg,0
2441,6756,38293,train_data/4cac2d79967243c9b4f58a177576021a.jpg,0
2442,18185,58820,train_data/2aafbd0468a24a83994c962a89ae8eb9.jpg,1
2443,5587,3350,train_data/50a1571bbac043e6b5ab5a9f547b1959.jpg,1
2444,19031,49324,train_data/49829cd98ba24ab6b260488ba9eb00c2.jpg,1
2445,9525,32915,train_data/ad324ebd400b4657b66b613b5d91239c.jpg,0
2446,4779,33793,train_data/ec99555e0cf94341a2fb64e3e0c34d2d.jpg,0
2447,17481,67478,train_data/ef20a3d48c974f9cb6a2446f31e7dbcb.jpg,1
2448,18799,49496,train_data/21795ed0aac741c6b2914e1942e269fb.jpg,1
2449,1071,64107,train_data/689041d156fb49099ce3acec470d8ea4.jpg,0
2450,6714,8341,train_data/840def7ae312498cadb9e11808d409f1.jpg,0
2451,5848,40165,train_data/66087552674a4d50a07f8f625abeb428.jpg,0
2452,13665,54950,train_data/998ab8f1f5a04b7aaa77e528e3efcf2a.jpg,1
2453,14951,8256,train_data/c00861b02fa94a56ac59cdf6e6aca9ac.jpg,1
2454,3964,72724,train_data/40ff6ebadb2c4a898369b0670531b9d7.jpg,1
2455,8487,60043,train_data/3dbc48cf99a04b689fb313dcc54080b0.jpg,0
2456,4742,46692,train_data/536ed65924cf4a88876aa9ed9f3a7fa4.jpg,1
2457,15207,39458,train_data/9b7508b62fc04b9f9e7815d422099da7.jpg,1
2458,12555,70176,train_data/b0912af92e104dcca0d1d0963f817bb3.jpg,1
2459,7222,44145,train_data/559f35804db7475d8a273d572a9d16e7.jpg,0
2460,10999,24473,train_data/769ba5fad82e4d9eba0f1c2c7dab3d4f.jpg,0
2461,6402,38841,train_data/c1fd80afb63c4f0da47a8f6e8dd1cde3.jpg,0
2462,14077,69273,train_data/e5270627681e43e192b8059de76a5106.jpg,0
2463,2549,22223,train_data/96f68b926fe541429eee962a13c8375f.jpg,0
2464,6876,40456,train_data/70612f89e4ac43b9879f6836604a0bf4.jpg,1
2465,15791,16426,train_data/c091432b051c4b87910651718f81e32d.jpg,1
2466,11524,2617,train_data/621093ff601b4b0a94a2af6e77ec9f73.jpg,0
2467,12471,6079,train_data/4756bc6f6f1543ee8231757443e04dce.jpg,0
2468,16191,9750,train_data/4878da16e2cd46ea842ee6f25e5ff4ac.jpg,1
2469,1731,59295,train_data/a6f0f1297c414e2899ce0e39c9031b9b.jpg,0
2470,7457,70200,train_data/0ffef1a4228e4667bf5bea99542be3b7.jpg,1
2471,7026,13143,train_data/5ece5665ba2846c7beadb61a546c132c.jpg,0
2472,697,7949,train_data/c5c891bf590c43a0abeb2ccb2e7bb2e7.jpg,0
2473,1005,20864,train_data/3729b9666a9e43619bc64e11bd7e427b.jpg,1
2474,11498,75665,train_data/ea4b5ee3faa54e878ff7d5ee195f11d0.jpg,0
2475,8037,65286,train_data/d996e65339484a6dbeafb42e2c4cc63f.jpg,1
2476,13003,27715,train_data/eba3ad98c1d141c3ba3237de5d54f9d6.jpg,0
2477,19758,34891,train_data/11ad9ed9443a472a8a3a9b84c5b44b61.jpg,0
2478,4981,33035,train_data/85616d2219b348dab86a0a64adc5de9b.jpg,0
2479,5418,65173,train_data/88db20849b9d44f0bd5f2bad41660d71.jpg,0
2480,13800,62764,train_data/bf78e9978547495e9f15051c67853614.jpg,1
2481,1029,79301,train_data/d4451d632aa54de4870c0ea53d7676e4.jpg,0
2482,10026,45190,train_data/827e300de3854a22a357ff3c74e7d52e.jpg,1
2483,15451,26217,train_data/25e8956515fb4d67b620b6383049079b.jpg,0
2484,8485,17781,train_data/b58eb8bfdb4949bd8a113c0e786ad5f6.jpg,0
2485,9201,6894,train_data/f804adb32e1043adbf2068969d77cdf7.jpg,1
2486,10444,74797,train_data/c2c8be5814c54f6e8e5b153cb4b17c68.jpg,0
2487,18643,59290,train_data/e0cde8a7bee84f2aa0d09412a64cffdf.jpg,1
2488,5005,31020,train_data/37324d80dc7c421da8c97d6acc51bc09.jpg,1
2489,4226,78359,train_data/c33e5035a39f4ee3bea5327b8dc1aec8.jpg,0
2490,3352,72850,train_data/ab9dfdbb32c54985a8779fd83df1bcb5.jpg,1
2491,7408,69635,train_data/4c15e66e4eb14d22bc3e7824227c1964.jpg,0
2492,14769,63045,train_data/1adfd99dce18427aa71c9da2f064a04d.jpg,0
2493,6077,25129,train_data/ad52b4b943af486599f177df1fe987c8.jpg,0
2494,13726,13717,train_data/164a3199c746496093959e617429a080.jpg,0
2495,2101,63747,train_data/66ee6e9c07564d3ea1c3cb3d490de66e.jpg,0
2496,12340,78263,train_data/76abbda6a79e49708155ce4e9494ea19.jpg,0
2497,101,20818,train_data/19a1a8844ecf4bc9a108d51f5e00393f.jpg,1
2498,9161,47503,train_data/06743b5f396d46e98b532ee4741f8e68.jpg,0
2499,3753,61552,train_data/dc1c2ddb45c544b3b190f2a2e5a5043d.jpg,1
2500,11794,15130,train_data/4930524398ae40d08947c58afac2bced.jpg,1
2501,18512,59078,train_data/73ea83238e5b4c6d87ff89129bbd3bb8.jpg,1
2502,3502,13946,train_data/f718832a722745bcb050c80852ed3e6e.jpg,1
2503,11701,50584,train_data/4f945c137ab84567bf488570a1600541.jpg,1
2504,17523,11816,train_data/afc96df1c04b4693ae856f4c9f50aad7.jpg,1
2505,12231,46186,train_data/162a0ac2f89a46568a6b4c117f24c5ec.jpg,1
2506,4034,47967,train_data/9e0adcd049784f0f93111bf57e7b4e4f.jpg,0
2507,1664,64190,train_data/ceea531593ea4b969054bbe3d5a8d010.jpg,1
2508,3545,43166,train_data/20d7dc2cf2154cc49a7a02101396cd3f.jpg,1
2509,12918,56592,train_data/b5a23e826ff94700862e6d2f630fae61.jpg,1
2510,1476,56312,train_data/8e39419bf69a4adeb80dce149006a522.jpg,1
2511,11432,1087,train_data/839f3a0e38d84c5393d4f027d5033b72.jpg,0
2512,2602,23626,train_data/528229dbc20942e993b230b59eb839f2.jpg,1
2513,16926,6048,train_data/5d8cfbdc011640c38382a4e92f8e9dd3.jpg,1
2514,635,29003,train_data/b5f5178668ea41c69145eeb0d86b47bf.jpg,0
2515,817,40135,train_data/faa58ccb52ce417a85db733f500b07ba.jpg,0
2516,8785,24456,train_data/92c0c020c4b348fc9002556d21997c44.jpg,1
2517,5547,30021,train_data/650c1aeeb5d94883af71189c64e3744e.jpg,0
2518,19410,52341,train_data/1457f93cd4bb400eab5e247a8b2f880e.jpg,0
2519,18027,71404,train_data/9e08b00e621f4715955072b6506b7adf.jpg,1
2520,12066,21870,train_data/6c94933f24644ea0b1c8728f3d2b82f6.jpg,1
2521,18780,35001,train_data/0b17d27a95534c2e8ab5c154e9dece30.jpg,0
2522,11784,50985,train_data/8c6a025457d14c659dc2edbe578f2bef.jpg,0
2523,707,11967,train_data/d17b04262e9446d7a6bcb6c4861c0f88.jpg,0
2524,7873,48065,train_data/7b622b188f6340919fc095d365160cf3.jpg,0
2525,9147,37801,train_data/6b3e90a926ea488f951a850b70f5e832.jpg,0
2526,14504,6084,train_data/c3989328c9af46e7a64742c84716ccfe.jpg,1
2527,2766,9030,train_data/709be21fc8504acdabefe7a281ecf628.jpg,1
2528,724,39,train_data/f3e6483c3b2e40cdbd38ee2b1cd0960a.jpg,0
2529,13483,24991,train_data/18bff10672ed453683e250a1593ca9ef.jpg,0
2530,2859,17370,train_data/0c83c2ffbd684653b434c1a57b771ccd.jpg,1
2531,836,32724,train_data/2f94fff092b64455a70ac69b7829326d.jpg,1
2532,9691,28938,train_data/d679d760ebcf4ac9b179267968724b81.jpg,1
2533,14461,46004,train_data/f5d2b033cb8d4e70befa45bf0ca02406.jpg,1
2534,5453,54723,train_data/51ab29bdfaff489593967f5b69a443b3.jpg,0
2535,15551,54456,train_data/6122ef77fa20454d8ce72df3ee907f28.jpg,1
2536,6328,23141,train_data/142baf62258b4289b717998a5e51823e.jpg,0
2537,15348,27416,train_data/ebf2a89b33424f358200a9b7577521f3.jpg,1
2538,11259,18518,train_data/5ecff7a9aa76423bb2618ee535250ef5.jpg,1
2539,11943,79297,train_data/176903babef34b7c9727f9b10cbd0789.jpg,0
2540,2760,3711,train_data/660af805d76d4414ab43aa9ec5b21657.jpg,0
2541,5512,48761,train_data/8947387bbcf1483a9f77c3ea6a10fccb.jpg,0
2542,7613,66116,train_data/372e40194ce74c80998e7f9792a05e64.jpg,1
2543,16685,24716,train_data/47edbd68779a4a45bc049b4970906b1b.jpg,1
2544,1158,5757,train_data/aa92d17e556b4b5d9ab17d0abf3aa6ed.jpg,0
2545,18479,62674,train_data/6199dbc2ebbb4b64ad269dd9454cc0a4.jpg,1
2546,8350,65630,train_data/64b3b37e6cb64dab94e73372b8584bec.jpg,1
2547,17561,64954,train_data/cc412dcbe36f4685a033f1a3342935b8.jpg,1
2548,9634,26590,train_data/8d807b2cfb284fd1ba09585df85b53c8.jpg,1
2549,8846,54111,train_data/bf9ff74e9d804617a721d847f97258a8.jpg,0
2550,123,73844,train_data/6c0245bb5e01441eb6f8d50bf6cc0389.jpg,1
2551,1247,17877,train_data/2ce0b328235742c2bf8f3ae2b37bce6a.jpg,0
2552,820,52042,train_data/aea947979f1e47b98c2f96844ddc9659.jpg,1
2553,16074,58102,train_data/d5ad776b95264697ae435051cc963367.jpg,1
2554,6478,30616,train_data/c9f8b5f69370409d8d01315f4752e0f0.jpg,1
2555,16577,2152,train_data/6b363eb90b3e45c98f60240cdcfa51e2.jpg,1
2556,17495,30970,train_data/9c33d28e764e4a31a81c7d822063f368.jpg,1
2557,13148,12186,train_data/149c2216797e411cba425f6fe735733d.jpg,1
2558,10624,56512,train_data/41032aed3efe4238bff0a139970c25fb.jpg,1
2559,14271,23859,train_data/cc26765e4c914a59adf9c0189eb4111e.jpg,0
2560,9605,23355,train_data/cbbc0dd8df544a558b641fbbfa47572a.jpg,0
2561,11194,31694,train_data/a842d7b38211406a8c9091c83ce04397.jpg,1
2562,15669,35636,train_data/40b82c3a29734840829dd99416c45f61.jpg,1
2563,6977,6946,train_data/d52d25a81845494d9af3580474991901.jpg,1
2564,10166,70025,train_data/8cbf56aec0bc480588a52175987b11f0.jpg,0
2565,3739,32501,train_data/ec0f9df7021c4ab4becc93cb2b463f05.jpg,0
2566,6218,20518,train_data/2f29a10b52ec49338f501b2e3a0611c4.jpg,1
2567,6896,76891,train_data/af878acd64c5478b89cffb06bb688e38.jpg,0
2568,11823,40946,train_data/994ff16d0ebb490289ee26aa564c4bf7.jpg,1
2569,19588,52202,train_data/f1eedd9e9f184e51987006fa05550a0c.jpg,1
2570,12683,6793,train_data/9040ad7252ab47cbaa179ab7626514a1.jpg,0
2571,6631,66052,train_data/8662925a0fe047cd9831ad2220328aa2.jpg,1
2572,15685,57646,train_data/d338ad14ca9f4a2ebca140a327aaac71.jpg,1
2573,9326,55548,train_data/983601320ea7403ba2791cb9c6a5e5fe.jpg,1
2574,963,10035,train_data/945fc023f8a4412a9b45daf5d21b12f0.jpg,0
2575,9863,48553,train_data/9628455bc24b4aa38b4bef2ac78e714e.jpg,0
2576,1959,48414,train_data/ee4be043d4134f14b01f7cbd49725ef0.jpg,1
2577,12974,43740,train_data/07e983b5fa144296bfecb40be56221d2.jpg,1
2578,15559,29275,train_data/acf8aa9c5d464749b87eccc0132404ff.jpg,0
2579,16447,33237,train_data/e8edcfc41094415dbae190157d6030cf.jpg,0
2580,9690,57057,train_data/ac113bf38a5645eea4a1f31b92557532.jpg,0
2581,15204,45590,train_data/ce257ffa389b4c57aba3351d286a1095.jpg,1
2582,7121,63977,train_data/d7b4aff3f14d41c8b57e5ee98ba492f7.jpg,0
2583,5381,36856,train_data/e2b15761faf4493f982e50d3843110a3.jpg,1
2584,12870,55557,train_data/7916c23ced824513894a234134e67e32.jpg,0
2585,930,6811,train_data/7322c629337748d7ae1591300b6026ba.jpg,0
2586,11216,45928,train_data/c4858f21f0a941e0a426ab65f4514a88.jpg,1
2587,9453,79689,train_data/5551eb36f3a34f08929fcdecb3570bb0.jpg,0
2588,16455,28726,train_data/1d1a40efebea4228bbe6fa1299ccdb8c.jpg,1
2589,8887,16706,train_data/635844065e2c4c8680e1f2d120f2938b.jpg,1
2590,19381,59712,train_data/c05485efb85c4170a4ff4005a68a3d2f.jpg,1
2591,2152,3585,train_data/fed5540441f64d849acf01b49475166e.jpg,0
2592,3449,24237,train_data/a7c84a0c6fdc425cab03cfbc1d52ae8e.jpg,0
2593,4186,22731,train_data/16c4be4dc77141ff8d95ef174799db6f.jpg,0
2594,927,78498,train_data/b0ef8c2ad68048ca85ff7eb7924d3104.jpg,1
2595,10512,7890,train_data/5d5882fda145443588f3b32590597937.jpg,1
2596,4896,3725,train_data/b6bd2926fb0e4e8eb1b6bc50b79d9d21.jpg,0
2597,6549,330,train_data/f63502b9f3cf47ada0430e924c563b2a.jpg,1
2598,17440,4855,train_data/ed81e5e0aa104debac46a50308ef97d3.jpg,0
2599,2864,47677,train_data/57bd56fa4659491e9897d9470c327431.jpg,0
2600,3931,15869,train_data/5105f4e42b1d41a583f69d8e42dedf06.jpg,0
2601,12877,66812,train_data/6711393b1c78458495b2350cfae6e1c2.jpg,1
2602,8341,60144,train_data/68b66b6d8fc84ce2946aebbb8b5ed77f.jpg,1
2603,11853,75402,train_data/bfaf588ff5134e9fb9f24b2b959b32f7.jpg,1
2604,2677,50014,train_data/6b991302d2ab4e409eed60a4bd39e6a8.jpg,1
2605,14528,22569,train_data/d8ed04aef54b4d0fa5990ac7ac7db311.jpg,0
2606,11257,47869,train_data/627abf41e21d454290ee2742a6a3fbff.jpg,0
2607,5226,77929,train_data/00beb145d35949be847edf14612d70ed.jpg,0
2608,16099,45973,train_data/828bfebd8df54ff69090a21bde412029.jpg,0
2609,8453,24522,train_data/9b0e5373f4ac44bb8a6c18738e235ce7.jpg,1
2610,2932,48681,train_data/fd68b05ca6c4436d89a01c9f534d4b2e.jpg,0
2611,19384,55607,train_data/29daa7eeac0045da9b38d3cf4b05d368.jpg,0
2612,19235,66902,train_data/7fc6c38b6bbe46afaea84b9a5835c079.jpg,1
2613,15080,76477,train_data/2f89c7c905e3467f8eafecadd4346d98.jpg,0
2614,8814,59866,train_data/83970488159940b0843858681f8320a4.jpg,1
2615,11443,30551,train_data/b75c33ca6bbb4554b4e764b459fe384c.jpg,0
2616,7948,78893,train_data/3e391c4fdd6f40b5af48e82327ed8afd.jpg,0
2617,18267,32796,train_data/7efba932765f452482fb2ab3de32e82c.jpg,1
2618,4770,69520,train_data/0a4107de375d43039dbef75b5f8f98a4.jpg,1
2619,15814,75779,train_data/aaab03bb59ce4e919a7651d5f71daeaf.jpg,0
2620,8823,42198,train_data/4a9f22ed3738462583a290606f529d47.jpg,1
2621,14133,78488,train_data/a730e51a108e44318be89aed5ccb36d7.jpg,1
2622,7800,38786,train_data/339250b0516743cf8bef7ec8ac6d8d56.jpg,1
2623,16533,3536,train_data/bd6321daec58428da432d073067c1289.jpg,1
2624,17576,70693,train_data/ae56787efe6044f194a286c363b92482.jpg,0
2625,7782,59089,train_data/8cd8e024097e4aa394abf029e6f214fc.jpg,0
2626,13068,75635,train_data/445d185dda9e4f3684a507d27718a15f.jpg,0
2627,15312,30422,train_data/7d82384b54c847128fd7b7a58527a8d5.jpg,1
2628,18469,9207,train_data/a3a93454a3654fe39ac2c2faf87741ee.jpg,0
2629,19743,33296,train_data/02393d2689614c8eb015f4d56ea0dc1f.jpg,1
2630,15521,16461,train_data/3d591d3168184f67ab4ea81dcde70589.jpg,0
2631,10018,39011,train_data/8ce0ec7104034e00a4cb7b429c5f9009.jpg,0
2632,11696,9178,train_data/43651226fa094085b06e835cb4cd7d0c.jpg,1
2633,4337,2060,train_data/1d4d84291dd8447c9eaa4cafe03bd156.jpg,1
2634,11782,53284,train_data/c151b1b472cf4a88b066b5a6c5c246ed.jpg,1
2635,3857,31759,train_data/9e122f89e8e940a094ff4f0e3bb8a156.jpg,0
2636,4771,69317,train_data/9c6edbaeaf634288b06c7e6071ef4ce1.jpg,0
2637,11206,5333,train_data/63f50fded7604bc785f2d6233a6a3e5f.jpg,0
2638,19581,50702,train_data/43b40d9410214cd9b707183d3b7a8478.jpg,1
2639,18522,60433,train_data/94746a1078e14b7ab9e6906ae3c58a9d.jpg,0
2640,13942,6543,train_data/a9d4fb1f93094acface2c271f7505eeb.jpg,0
2641,6613,60025,train_data/c83a39a0f369415fbbda9ee6b5662f11.jpg,0
2642,15415,69974,train_data/cbb5fe64cd5f4533923f303651be743a.jpg,1
2643,10513,46428,train_data/6f25ec3ff69d4e659ecf1b9038e6bd30.jpg,1
2644,6399,70771,train_data/efa659c5f468404ca4bdc11637dff42a.jpg,0
2645,12008,32650,train_data/83ec020ef6e042d2b6edf7485c8f87c8.jpg,1
2646,4484,14967,train_data/138e5f9b99284ac6b0a0a4df6fd17dc7.jpg,0
2647,6076,8138,train_data/fc65306bb5b04078a261653f02269889.jpg,1
2648,7513,504,train_data/35a8ddab0a3442aa9c469f534a293954.jpg,1
2649,5350,41564,train_data/70ecc924d9c04def86978bcbd567ed90.jpg,1
2650,14088,67677,train_data/0aadaebea62949ab9966e00055f21ae7.jpg,0
2651,7150,77471,train_data/5d91c1c5b55d4b99a57818c6bb85496c.jpg,0
2652,1557,54574,train_data/7b36c69e34524d508d6f648b21f3441e.jpg,1
2653,3488,16638,train_data/828da45888364e339dd30bfca361e5c1.jpg,1
2654,8161,50431,train_data/296776852ac049b392e8cb4297321bd4.jpg,0
2655,4738,67098,train_data/631f9f94724d4698b9372d41a173bb6f.jpg,1
2656,19709,69289,train_data/7cdd2a6d100a4b9b87e415720ae3f99d.jpg,0
2657,19071,60127,train_data/5fa8fa1385844916a7fa566bbc050a31.jpg,0
2658,8083,74496,train_data/2e8dc42e06984a9cac5de6e934d35cce.jpg,1
2659,3921,58189,train_data/3071b853b8cd4d4bb45e4a4d348071bd.jpg,0
2660,12892,9843,train_data/5138d40c011947b78c95a9587c2d33d8.jpg,0
2661,8651,47841,train_data/51e90b84ef2f4407aa416599ab8ef7e0.jpg,0
2662,2714,47344,train_data/2ad8b9e4078b4af48af9641ba8477905.jpg,1
2663,13514,64924,train_data/2f1f2449a15048a381aae8cb10f00cf9.jpg,1
2664,14745,66926,train_data/1351ce892868495d80363a1f29a2e929.jpg,1
2665,15406,15726,train_data/64ca9549258a476ca4bd43465d8f3a08.jpg,1
2666,13771,66873,train_data/605aaaca2a4c42fea6c5a5816aeff010.jpg,0
2667,15065,59276,train_data/05fe117b8c9b439d84fd251d1d6538ff.jpg,1
2668,17763,23498,train_data/0fcbeb43f8c848feb965d623d32df374.jpg,1
2669,6206,22124,train_data/2989fe191aaf4056b6ff5e4ff5eb26ce.jpg,1
2670,13289,24334,train_data/43f995a5ffca43cf9d71f3e8de260486.jpg,1
2671,8375,62394,train_data/6f5cc70901794bc1af2bc00f9fec1a49.jpg,1
2672,7434,25908,train_data/66da492c14344bf8af655879c6ab0746.jpg,1
2673,15611,77552,train_data/34a5f8d503fe4fcabe892bd2a89df211.jpg,1
2674,16810,4374,train_data/ad540c3fe82b4c0ba1c0b7c3adf20c86.jpg,1
2675,13150,22220,train_data/99ac33d576424fbeb173f26582038800.jpg,1
2676,1697,59073,train_data/3c47bbc5146e47b4a836e6f50a431c78.jpg,0
2677,18970,33718,train_data/d7f88c6955294545b7367a2f4f4894a8.jpg,1
2678,18400,41995,train_data/605dab2f3f074ca08f02fc8ed86b5899.jpg,0
2679,15262,10772,train_data/dca2a37893d14aaa9d02346e9fc0918b.jpg,1
2680,8028,15267,train_data/865b84df847549e19dc08983d148fc28.jpg,0
2681,15680,70065,train_data/dc2da14e79e8473e867b8c65454ebe8d.jpg,0
2682,18690,18234,train_data/93a818e4fee44a70a96afe750d2c4c1a.jpg,1
2683,1066,55233,train_data/c73ab5afa1b847dd91f861a2effd353a.jpg,0
2684,12299,30483,train_data/df0c4db04de7428798704d6187289e9d.jpg,0
2685,7049,76433,train_data/77ed005480184c3c9c6b7fd7740a594f.jpg,0
2686,14679,35458,train_data/589a447e56f34e6693624d243a41469e.jpg,1
2687,13863,55977,train_data/fb780b9b0910430bb426e49fe99d375a.jpg,0
2688,9442,13205,train_data/9811479caf8e49e0bd36da9ed6468f87.jpg,0
2689,735,49553,train_data/f70e81047a694a8fb016205c85430812.jpg,0
2690,2439,11978,train_data/eb0e244f3e6e49daac2a0b8397f81c60.jpg,1
2691,19049,8231,train_data/f7d494f317ec4f0796a2d47307c23223.jpg,0
2692,2498,9150,train_data/09cde6cd63184d1fb363d17f7fdcbda7.jpg,1
2693,11743,51791,train_data/54e6af2209594b5c83af8c3f39653494.jpg,0
2694,12092,8865,train_data/17a930f16adf43a6a641eaa82fe5585a.jpg,0
2695,2136,29053,train_data/170c7290827d496b8f2027efeefa92d8.jpg,0
2696,1698,52505,train_data/e972547a602b4d0bbd6558f914fbf6cb.jpg,0
2697,12315,56245,train_data/87f74b4ef887450e9f162258e8412407.jpg,0
2698,16359,41154,train_data/baef56b63b7e4a7e9bc41b459af60038.jpg,1
2699,2039,78181,train_data/65796c55327f4bd6b1bbd1c616552c69.jpg,0
2700,9450,30722,train_data/ebb4bb7499984849b92e6f4aa39e2bdf.jpg,1
2701,2360,23530,train_data/0c037c43d2cc47189930a8528926d722.jpg,1
2702,12256,77643,train_data/82217b8cfebf4e1f84b2c60d48c60550.jpg,0
2703,3794,77171,train_data/4006ecdf325342bab9e95b1288697a62.jpg,0
2704,18641,46446,train_data/a46f99f246ef404e8aef5206ee064484.jpg,1
2705,11013,9634,train_data/9930ed6c078e4abe8da4437fd59ee0b1.jpg,1
2706,6346,67276,train_data/15d6e374b25c45279eb3925707a4d6ab.jpg,1
2707,10549,32516,train_data/0ad3769cc4d24a10a2b5a78f7988917d.jpg,1
2708,6323,11118,train_data/51bf2918b4464d5b92f035541635919d.jpg,1
2709,12302,57806,train_data/7b14ca7615c241e4a30666dcf22c1461.jpg,1
2710,7861,15943,train_data/d38610cfeb534cd69509bf48a615b777.jpg,0
2711,6473,9724,train_data/edd9feeb003e41cf8b3c89176cf7a0fd.jpg,1
2712,12088,19161,train_data/4ec8ba0fb8f14b24845bfb213246489b.jpg,0
2713,19801,47126,train_data/406f09006eb542a99388c8fd794993e7.jpg,1
2714,4028,33029,train_data/6508ea18b9c2437db7abe23211f50487.jpg,0
2715,16597,36865,train_data/9b52b4145dc74712b83ba45b48f8b3a3.jpg,0
2716,1219,28076,train_data/7c3ad532c8d840d1b37a37589576bf35.jpg,1
2717,15984,49935,train_data/c895affa140e479eafd963f377eb11ba.jpg,0
2718,18802,66568,train_data/05f636a507d042458c7a843c9b690ddc.jpg,1
2719,11451,52575,train_data/be1262f3b3c0434e886ea6571bbce2d9.jpg,0
2720,17172,40638,train_data/8ae2c088913647b7850b4b811384836b.jpg,1
2721,17702,77426,train_data/73eafcbcf91c4c0bb43469a68e1e165c.jpg,1
2722,12375,73388,train_data/f963d34ac43d4ca9bf7ac22d1fe8817a.jpg,1
2723,3519,6702,train_data/2586e11a419f44b6b8458658b9232388.jpg,1
2724,16553,60808,train_data/94e083ab94804b6da0cd00f67f20d134.jpg,1
2725,18054,36689,train_data/a7e3a5f23cbb412fb44ef711abaa007f.jpg,0
2726,13202,38882,train_data/c1b48539874e47549e748ef856b9aa2a.jpg,1
2727,6108,3348,train_data/bcfa9403f37443dd984c6e08c6fbd399.jpg,1
2728,14055,52863,train_data/52372613571943c7a70edeeb78d40c1d.jpg,0
2729,19842,268,train_data/ee73d712820b4bed9ae84f7b5043e454.jpg,1
2730,7662,46991,train_data/cc4f9136a3cd47fc9f3a0a84b4e3fceb.jpg,0
2731,14764,76103,train_data/448c43fa08a44324a078fb2ee4f77b73.jpg,0
2732,17617,3153,train_data/1ab2905b1aea4a65876240157766490d.jpg,0
2733,15628,51729,train_data/e9bdbe708574476395186170f3cb0524.jpg,0
2734,2046,55469,train_data/a38308116ef44e4c9d36550eb4879d9e.jpg,0
2735,5031,39068,train_data/f361f34e32fa4e92aad06449ba302dd6.jpg,1
2736,12339,63077,train_data/18f4874c36e04c05a7ceb38adcebabab.jpg,0
2737,9004,70220,train_data/439eb9ca7577471393af967561bb86e8.jpg,1
2738,19905,74896,train_data/5c7b8308bb0b4194ad917d664cb64933.jpg,1
2739,9696,72173,train_data/bc0d33fabc174579b49c580eefbb96f6.jpg,0
2740,12011,30160,train_data/6d941ee596944ba79514ac2e38e490f4.jpg,1
2741,17725,79893,train_data/e27482513eb342bf9d5590cd5ff23488.jpg,0
2742,3425,36686,train_data/9af9482397fb4d7ab9502a184d7439ad.jpg,1
2743,16119,76776,train_data/3d0b88ed9dbc4712b023acb86d8f712e.jpg,1
2744,14994,36511,train_data/19003bde00e2453caffa5d2dc2cdf3e2.jpg,0
2745,7132,14296,train_data/f9bf3c3851614e7f837617d083bde7df.jpg,1
2746,12762,78876,train_data/c6feaca54b454739b1a2c82a72a70744.jpg,1
2747,12124,59468,train_data/0373b16025474669a8e32e710b5f80a2.jpg,1
2748,14450,23175,train_data/f86534b1ebfd49ab8497ae22c5522ed2.jpg,0
2749,9251,61990,train_data/5b64754a69a94231bbcb684921d76da7.jpg,1
2750,5817,4081,train_data/d6dd8870a057449ca161b3f3c1a7c228.jpg,0
2751,5345,57323,train_data/72c90570179d44d3a0888dfe35bb16f4.jpg,0
2752,11753,38175,train_data/b2799392123f411a97428bebe815a276.jpg,0
2753,7276,28059,train_data/2857fc43aaf44b55828cc22e28d17dfb.jpg,0
2754,14812,45857,train_data/d422a5429a554305930044bfa2c790e6.jpg,0
2755,11551,50147,train_data/ca741ecda08e4905b0a979bde1033f43.jpg,0
2756,8393,49535,train_data/fd0193c1ae3d43bd9bd989ee7087b79d.jpg,0
2757,18771,78309,train_data/6b965713d4a94ad197ca151e42a7051c.jpg,0
2758,19902,32939,train_data/e20853856aae4440aa9db66defcf44a0.jpg,0
2759,7360,33322,train_data/8a2e6f7d97794a6da64c26359ce12bb8.jpg,1
2760,1026,64156,train_data/323085d129de4feaac6cb1db2594d196.jpg,1
2761,7654,46362,train_data/cebd1b57683640dd98be0fde67c03132.jpg,1
2762,3570,70632,train_data/de188b8f422840f7a8a451705f28e1c1.jpg,1
2763,19880,28583,train_data/60a1d7b598254661b1ff7d69f66c1bf0.jpg,0
2764,14441,20571,train_data/cb5909c380a344a38e0f0d911600d7d4.jpg,0
2765,5527,43683,train_data/8dccf08703204a5a9973791b2d3c2a8f.jpg,0
2766,8206,8688,train_data/13eda54d9136459b88064ae3337d0619.jpg,1
2767,3984,39175,train_data/07a2a887aa964c9dbecb723198996164.jpg,0
2768,6627,53880,train_data/52a2ed3500c54d4eb49d5a198106f254.jpg,1
2769,17760,53636,train_data/57c4310a85f8475a98e02eb42ae5a9e0.jpg,1
2770,13402,1734,train_data/8f9cc0765c104815b14bee63189445a0.jpg,1
2771,13439,3437,train_data/cb267f256c564f0dacb9a4e4b9904671.jpg,0
2772,10859,6763,train_data/65e1aa994d28447183bc04abd794063b.jpg,0
2773,6424,67777,train_data/f72e15e3192448c2ba80151bdb509642.jpg,0
2774,18028,76602,train_data/bfc280fc659741cca7e01d86c5d07679.jpg,1
2775,19755,29382,train_data/1ed53e722d0040188f6603b5e66967ea.jpg,1
2776,18009,78902,train_data/eb8138e49dc6441981c008517eb253c5.jpg,1
2777,9745,12635,train_data/60c3d2befc444ece90f1a0e47e0965da.jpg,0
2778,16440,326,train_data/106a797a648e41f7891afcf89c132575.jpg,1
2779,19006,20499,train_data/92a5f0966a9143319a95550920e913e2.jpg,0
2780,3595,18496,train_data/1117c11bc8504dfea07e9c87e7537b10.jpg,1
2781,18432,74239,train_data/c33dd1f6711142d6955387be2c5af874.jpg,0
2782,15378,20314,train_data/dc8a7e785ece4a09bab925b653f6206b.jpg,1
2783,631,47053,train_data/367af02fc65b45a18e51e011f15bd687.jpg,0
2784,5764,49343,train_data/3e42b24fc44641768fcd5f4444536c2f.jpg,0
2785,4767,52696,train_data/04ee5df0d21c4599b9bfbcb5eede995c.jpg,1
2786,1119,55102,train_data/d096f183d9234020b3b80ed5dc9a359d.jpg,1
2787,2290,18806,train_data/0eb952c314da4007bdca9d5886390dc3.jpg,1
2788,7241,51424,train_data/63ff458fc5b145ce83679e797755c748.jpg,1
2789,17169,20356,train_data/512fa8033be04b1f9f164a2a2520f8fb.jpg,1
2790,3211,69320,train_data/ff401e80cc2e4c6dab2c8b89db1d28d1.jpg,1
2791,12346,5172,train_data/995aa858108a4492bf23b69456c17cb6.jpg,1
2792,2184,20683,train_data/42228393a7674242aca19e2d2f42a629.jpg,0
2793,13229,69155,train_data/62d1f380550d4206a2a4c604c634b85b.jpg,0
2794,2830,79320,train_data/b74215878b504ae8aff1aff87cda8a78.jpg,1
2795,12401,55150,train_data/8a352640726e4cf88440eab2084eedb9.jpg,1
2796,12025,57481,train_data/992280d14863420abc708821c2306726.jpg,0
2797,274,19414,train_data/82e8d481b3c54441b1f87e88337c72b1.jpg,1
2798,3846,3620,train_data/20c5bb31cdbd4c21a6e6c6795aa3f628.jpg,1
2799,18606,68218,train_data/f4e7d48c0162491fba37954a53bb8ebb.jpg,1
2800,1804,68631,train_data/a42ffb53afb1414ca2b5a82e5a89402c.jpg,0
2801,9100,7679,train_data/695e6982486b4b31991076490daedb1d.jpg,0
2802,17720,37526,train_data/1830254c53784be8a59b504559b27ae3.jpg,1
2803,15798,55042,train_data/2f1da41df4124d89ae5371f1a9153ff9.jpg,1
2804,17555,30878,train_data/1fee74c2a4a74f619799e685ee04babd.jpg,1
2805,18921,43659,train_data/9da82ee1f1984efaa72f89167bd61b0c.jpg,0
2806,15409,54029,train_data/c7ea212f842840c19145a9ea0a289b3a.jpg,0
2807,8132,24221,train_data/96472fdc5cff48c3ba4eb252410ecf7c.jpg,0
2808,11808,43360,train_data/0262a1a2d1ea48c18f83e19b8cc8e210.jpg,1
2809,1776,10137,train_data/3b04501f697449f8b0ecf3538fac312f.jpg,0
2810,14612,40442,train_data/9f5e18bab12e4c28abe8ffeb11dc5148.jpg,1
2811,12042,68794,train_data/52fc23444e1e4012b49cb7b64f0930a3.jpg,1
2812,2701,6000,train_data/5cfbcdd7e7f5483ebe13df0345b8a367.jpg,1
2813,18195,77703,train_data/fcd9e75ff65f4c6688909d55149cba58.jpg,0
2814,6545,16160,train_data/591ed367a0814386bce77f49228d83b6.jpg,1
2815,9701,76612,train_data/437631ef9c884f5eadd4d8ec48aaece9.jpg,1
2816,15677,31167,train_data/9096e4ce8203473bb40e589932703052.jpg,0
2817,15973,35028,train_data/bfdc59e971b6413e9679abb2532306ca.jpg,1
2818,285,3789,train_data/6e1e26d1c23d4e08b7e486d71f2551a8.jpg,0
2819,3341,44410,train_data/906547c68c8e4c3eae5dc686725d6c22.jpg,1
2820,8962,70753,train_data/a5d7504c21e8499ca17ef0024f00ee47.jpg,0
2821,15964,50289,train_data/1026af3534b542d683a7fdfbcb94a536.jpg,0
2822,7176,49529,train_data/571575415f2646b58b7609f4506f4607.jpg,0
2823,14290,9791,train_data/b68d9dbbe8d843879a9064a2a33b4981.jpg,0
2824,16183,40587,train_data/e790d7543864437b98e349eff6ec5a4f.jpg,0
2825,15153,29809,train_data/98394aa73ad44168a90c8323a13062bb.jpg,0
2826,549,49096,train_data/38b2281c0a20417bbcb90ad4b45bdf9a.jpg,1
2827,15144,70229,train_data/aba16517cd9640da8933e3d7bb409127.jpg,0
2828,9720,22411,train_data/9c7c9f73a10a4f51bb473ff76038d701.jpg,0
2829,17033,40917,train_data/79e7d6232a77425791b4137c99c2af7e.jpg,0
2830,15082,10343,train_data/00af1c3227b345f6981e2f94b456320b.jpg,0
2831,18068,68337,train_data/868f9c2a9beb451caf38a01d521dbf41.jpg,0
2832,18326,7607,train_data/8c136fd6a5514d6bbf6d212628f976bb.jpg,0
2833,5900,33476,train_data/c15bc32f3efe4b4fb44d2c3b0601592f.jpg,1
2834,3011,16369,train_data/ae996b429f744aea988c9d1f57c7856a.jpg,0
2835,19907,35979,train_data/3222a5f6163a4e82b93ef29febe67375.jpg,0
2836,10993,7863,train_data/f752c7d3bcd6469f8261bd171007e6f1.jpg,0
2837,13977,1761,train_data/bb520ba751e5478eaa213a8dce7b1fd9.jpg,0
2838,11223,19593,train_data/c8e221a173354c28b57fcbf4baa31be5.jpg,0
2839,7231,75636,train_data/989afd9138ba47ab9b0e80bd87a73a58.jpg,1
2840,7159,28701,train_data/e24594351a844253b79293b383aade7b.jpg,0
2841,5940,26575,train_data/a5b2fa31c57e4df5a185d6a4c82d2d98.jpg,0
2842,2067,75771,train_data/fa818db7e08649dbbf1ffc83678475d0.jpg,0
2843,13814,62251,train_data/d6d0119b0a08499b821e184debce7f8e.jpg,0
2844,14641,19759,train_data/9a2515f3953e4a8ca8a9bca11b32d27b.jpg,0
2845,14265,26237,train_data/14f5f4b60c0043099861885a4cbbc85f.jpg,0
2846,9451,28083,train_data/56aee83117f64dee9a643fd99c5820fc.jpg,0
2847,6216,54420,train_data/c1fa8ae927514e62b80b89b723df4c5a.jpg,1
2848,8925,4072,train_data/e996d87455c845628a5bc4a22fb699e1.jpg,1
2849,8351,61053,train_data/d3aaa3a2d968490c9b17f4115e91b59e.jpg,0
2850,12597,10874,train_data/531b2e2af3554a60818e88c0510039d6.jpg,1
2851,11346,8332,train_data/b085fc97b69e452f9d76c73b4f26abd1.jpg,1
2852,12644,13396,train_data/fbdde870c16f4b8e9ce219047ccf203a.jpg,1
2853,10117,49199,train_data/702df25baa4345d5a089af884a4992ed.jpg,0
2854,19621,19980,train_data/94b0ac15be6244a6ae4276d73e04939d.jpg,1
2855,1358,42393,train_data/fd624af5d9f74808b67b069be0db601f.jpg,0
2856,13244,28659,train_data/28c8a9526c084ba2a3a9d81d1ef13b1b.jpg,0
2857,17221,74196,train_data/6802dde64b7c499ca5c5587e85657725.jpg,1
2858,6224,65844,train_data/33330bea6d274612b877c0cea67c96fa.jpg,1
2859,19320,49894,train_data/1fcbebdee6ee49f6b6ce5559e8fa2b1a.jpg,1
2860,2255,8454,train_data/ff8e514b12c3455fb667b2e8a59cece9.jpg,1
2861,3489,5047,train_data/bc4276f0a55444ed8046fd1ecad3c666.jpg,0
2862,10392,64477,train_data/12f03bbc380d468f90c3056d80bb4229.jpg,0
2863,18765,8889,train_data/5007b08d00ad457db930642b9d613b00.jpg,0
2864,6624,36946,train_data/dff38066eaa64d72b3ab847edf8e159d.jpg,1
2865,11235,75585,train_data/5a1ed4661e78456d9872b243bbc1a7ba.jpg,0
2866,18988,59272,train_data/34776a5f78244d5bb2124e0eb3277375.jpg,1
2867,17374,17278,train_data/14f29f81d47d447c9159b7eece267f82.jpg,1
2868,10614,7258,train_data/eff549c588704d90a352461f3df5aa74.jpg,1
2869,16118,24768,train_data/0c8a7113d55946dfbef2758f36404130.jpg,1
2870,15097,51221,train_data/ae8dd8f844e04465acb738576931e390.jpg,0
2871,7911,67776,train_data/5763401ed9b04a8d8690448f43dc39fe.jpg,1
2872,8538,50968,train_data/cd76fc2f4a1946bea26f48f24a7a001c.jpg,1
2873,8262,76263,train_data/73e791fb65814ad59312a3e849a62c6a.jpg,0
2874,15590,2740,train_data/e5330ff566524007a2efc9f85e54a894.jpg,1
2875,13530,36526,train_data/5c3acfb217644f25b8cbf38c691e6448.jpg,1
2876,5638,64746,train_data/986b9c0812194e0998003bec3db37494.jpg,1
2877,10599,45956,train_data/438a4c05f1094f0ca4332b4c321ac26e.jpg,1
2878,14440,48774,train_data/67987b291b45482082675ed506414858.jpg,1
2879,4032,63916,train_data/3d7ee71bc44643479232d502c9cd9b3c.jpg,1
2880,4983,72638,train_data/b7dc05e2141247ec91f51b92451fa02d.jpg,1
2881,4309,63812,train_data/28fafe4465b74f24be131435c1e373fd.jpg,1
2882,49,72246,train_data/4dc59b74fb7e4574a25489371ee2440a.jpg,1
2883,9478,70193,train_data/ee78867f53ea445ea4a7e417dacaff1c.jpg,0
2884,19849,8668,train_data/cb8be80a84054072a616ab7dda13e75c.jpg,1
2885,11632,24906,train_data/f657f9ac38e94b44a744cda17127d548.jpg,1
2886,5927,30188,train_data/084a0a9a4d0846658f7337acf0f76010.jpg,1
2887,10036,16612,train_data/7892ff3a8fc1436fb29aa5099d98b32a.jpg,1
2888,5385,76864,train_data/42d8d6a1b6a5414a84e783341aa95d22.jpg,1
2889,9452,444,train_data/546f31270f3c49719b0785f38b0a75b9.jpg,1
2890,1303,77890,train_data/da6126d0a6b34067adb64d44ea9954c6.jpg,1
2891,18974,12290,train_data/51d0944dc74041ab8fb86b9779d87acb.jpg,1
2892,9801,57529,train_data/92a1b24ac92f4b5ba07f1aafba34a33a.jpg,0
2893,16166,13202,train_data/9803983af7f94dc784e78d8215b88cf3.jpg,1
2894,12169,3701,train_data/1cb7694cb4bd43d98d1b29c1baf9bc84.jpg,0
2895,16399,30459,train_data/ddbdfcf72f50411eb388031a070ea863.jpg,0
2896,12417,77095,train_data/5d0080f86804452383a478c6c782b59e.jpg,0
2897,13185,77738,train_data/505296e220684d3fa6dd6e5d16a4d8f8.jpg,1
2898,16200,47770,train_data/b9f64a35fda640d2aa754af0150c5b63.jpg,1
2899,3860,32603,train_data/b4f5b4829eb14df488f39c8a093afa48.jpg,0
2900,426,30174,train_data/b1da892968724a5e90e34e96f040f67c.jpg,1
2901,12823,28331,train_data/9458dff76f354e1e96a2f8aa3b617182.jpg,0
2902,5144,64657,train_data/69948812d8794407a9a43c8a13b2883d.jpg,0
2903,6095,12514,train_data/949581e6d9b845bb99a3be4f7c04c17b.jpg,1
2904,18750,71069,train_data/3fab362e306d40cd8e748b7ec737f878.jpg,0
2905,5199,40145,train_data/bd29f43f62c847f3bdc9fed8d673cd2a.jpg,0
2906,8045,44289,train_data/f4660a3422b54a629bb15415f2204b1b.jpg,0
2907,13309,10823,train_data/65375308644b41ca9d9f7d70ce5e84ba.jpg,0
2908,8056,49940,train_data/ddff56ab84c5407bae16c406f1ba39d8.jpg,1
2909,18661,60932,train_data/d0defe147ada472a9fd092469c26cd38.jpg,1
2910,10898,72333,train_data/713810732bca448b8b79b9da64f49138.jpg,0
2911,13497,49045,train_data/ed1b707aead342ff83d66fdd8ebdaa50.jpg,0
2912,10620,71599,train_data/51582464c89a44229460e1d733743a92.jpg,0
2913,17349,43196,train_data/191bc2a0ed074e029a71c0ae7891ea5b.jpg,1
2914,6389,59882,train_data/3c9d8bb36c8443398e9298cdd8ec0f49.jpg,1
2915,3941,21064,train_data/a826f1747b7c4941a7698e0b52cad28c.jpg,1
2916,17835,44964,train_data/c6c4034b8e3e43ebb6bc4067f105387a.jpg,1
2917,11415,65274,train_data/5dfe680cfe0f40daa1e80ecc1d4db864.jpg,1
2918,14747,62301,train_data/df6d283385494e6a8e51ef904ccc5ddc.jpg,0
2919,13502,34943,train_data/3b605a99eb6142ab98a3fbe7da4ea345.jpg,0
2920,54,46490,train_data/59cf62d9841d42dbae8bc63283856731.jpg,1
2921,4448,75869,train_data/0c50fda672ce41bab7e3eb50754dfe14.jpg,0
2922,13315,50633,train_data/168b367c70b241278278c75d74d4dc4f.jpg,0
2923,4286,17655,train_data/fb548eb8d1644bbb827b0dc03407651c.jpg,0
2924,14935,32321,train_data/2a1fd621193f41f6856137838c5e1512.jpg,0
2925,401,32367,train_data/40f17956b31c4f72a933332b5c6b6671.jpg,0
2926,4978,23870,train_data/ac674f1439aa4c4989f3f51527113c8c.jpg,1
2927,15437,14663,train_data/18ffcfaa390a4dd79dc54d7f2c27ed28.jpg,0
2928,4371,68745,train_data/9d729de726ba45c5a721c9da438e559f.jpg,0
2929,10845,53572,train_data/81918ef3ebab4c1689885e61cb697807.jpg,1
2930,10867,71142,train_data/bc545ad3257f4f94b8db3c43fe87838f.jpg,1
2931,17786,38926,train_data/6a3d1f9cf0bb45ba84cae367a498c89f.jpg,1
2932,4097,7723,train_data/93b2afa715c6474d8a975235c9853fc4.jpg,0
2933,3486,57015,train_data/b410e3c4377e4c4298487edcd17f6bf1.jpg,0
2934,7161,37629,train_data/7096121abb0b4ffeaf37bdd1854bafc3.jpg,0
2935,18584,34448,train_data/8dc84228e4b44219b7563e143d96ec99.jpg,1
2936,9988,50676,train_data/b07281340cad4a528459de8387d21d8d.jpg,1
2937,1722,57586,train_data/2afd8ac003824dfd8916d4825a6f02c8.jpg,1
2938,9097,64502,train_data/db29a3762b9741968a15207dba26d157.jpg,1
2939,664,17594,train_data/0f34624b4e6f49ed8f78fea6345e11c1.jpg,1
2940,16485,69191,train_data/665af5bc459e42c391bba27d61c0e9d4.jpg,0
2941,12830,58994,train_data/37dec204de6c4cb6953de5004210a959.jpg,1
2942,14898,11362,train_data/1dac6ab33f7641adab344a7e0b16fba1.jpg,1
2943,7506,67393,train_data/1f93cb0f886e4684a4258b853010572b.jpg,0
2944,14532,21070,train_data/e55b01eb765d445f8942a666bdb6feb4.jpg,1
2945,11019,1928,train_data/23c7cc89b5eb40379cc8eba9c81ac569.jpg,1
2946,18351,28344,train_data/d480fef260db4ea798be18ee2234662a.jpg,1
2947,11062,71114,train_data/cbd7ed463a844f1e961ecf562ee4b566.jpg,1
2948,4739,55523,train_data/6881df701110473a86e28776aea3367b.jpg,0
2949,8213,456,train_data/b3bf8a5bbc544f6f9f3cfbdf70145d72.jpg,1
2950,19022,10465,train_data/a7d48ec2f66b4276b929ea676d5b18e8.jpg,0
2951,8156,8334,train_data/90cb0cbe253d41fabe3853e767aaf869.jpg,1
2952,9234,36457,train_data/17eb7f38527041088a4476596c20cb4c.jpg,0
2953,19600,41857,train_data/10497e095c3a4fe4b773ba7194b841e4.jpg,0
2954,14384,47815,train_data/f456f48af8524c9491008217481a18d4.jpg,0
2955,4101,64335,train_data/4f06c478dc3f41e7bf06504defc326d1.jpg,0
2956,12618,36657,train_data/fd89669c17664b959fdaa25b4b2907c8.jpg,0
2957,18950,5987,train_data/2fc143b33761411b8fb88a2dd12a11f2.jpg,0
2958,4291,79874,train_data/eb05c52de549402494e4c7ca23bf5d06.jpg,1
2959,14722,35534,train_data/13b6ddff2eff418c95a87509a82a6293.jpg,1
2960,18263,53340,train_data/1576c08eef30438198a9bcef8eea617c.jpg,1
2961,608,62729,train_data/56bd76bcfa314cb38f0e2caa5af097c2.jpg,0
2962,4691,27630,train_data/c6ea7f06c33d486680666110a4df24f8.jpg,1
2963,9658,61759,train_data/563fbda48cd44699ae3518728ab53111.jpg,0
2964,19,71346,train_data/250cbcd1c1b04e1180a37c7e8ecb7cb7.jpg,1
2965,16091,59380,train_data/18e823220a7e4813890c814f39bd1a55.jpg,1
2966,16632,11019,train_data/2229c38c220848b0b2609583645929d8.jpg,0
2967,16954,61366,train_data/7211011333d549b9933971a769910c08.jpg,1
2968,16864,59576,train_data/a6345d2cb2074bd186e556be53f888b2.jpg,1
2969,10795,55140,train_data/9f4e4922a7a54a5e955647f56753aacf.jpg,1
2970,19176,5367,train_data/77b311a01bd849138809a28b4cae40f7.jpg,0
2971,3035,68639,train_data/0b38dad4171348758dd94016ab64b654.jpg,0
2972,18115,321,train_data/161b6a845ca74701977de49b8ea38e64.jpg,0
2973,2487,67382,train_data/2c4ef0d1ce9846af9c366084ac38964b.jpg,1
2974,18142,38854,train_data/eb5fee97790a46ac8f72f54761c3239f.jpg,1
2975,15569,56996,train_data/b89921b403754ec5b480e717dd175dd3.jpg,1
2976,3965,42432,train_data/86a3142b3472458da753a37207426ec1.jpg,1
2977,13063,25243,train_data/8160fdbbb9114716afc14fe2889032b5.jpg,0
2978,9844,9134,train_data/8c4cc43711e24a149b3b2578a42ab076.jpg,1
2979,3901,47390,train_data/b4f893152a74490682de1b7eda65a8d5.jpg,1
2980,17621,12081,train_data/dd98d860b4cf4217b3466c07d03271be.jpg,0
2981,15146,45351,train_data/23b452b332a64c2f8f27ac566267956d.jpg,0
2982,19526,58852,train_data/689fa3a56806489588d9db17acdbb94a.jpg,1
2983,15184,63663,train_data/70196dc908684e67a61c7d7c0714ef4a.jpg,0
2984,12147,11293,train_data/00defa95df1d4f86be6da834e48fdfa8.jpg,0
2985,4977,4346,train_data/4d1a2680a8cc4fecbf4db5144249efab.jpg,1
2986,14795,66534,train_data/3b4db4f5893d41b0be25dd7b9d0f0645.jpg,1
2987,13282,77380,train_data/c14d1419344f4ad8b83694f272d2ebfd.jpg,1
2988,17389,40807,train_data/0abbf6d802cb48d99288835f991f96cd.jpg,0
2989,16753,45216,train_data/fea2ec7a0793471b9aa6bd9f0b9f1640.jpg,1
2990,4258,77469,train_data/7b6b753dff8148faba71d2017c099924.jpg,0
2991,2958,17554,train_data/1d7bac12c77f41ca9b559d43131c0452.jpg,1
2992,17006,57766,train_data/eb83ef0220864d319eb257ac3a6b3cc8.jpg,1
2993,6225,36501,train_data/23944490e81b431eb918d2344bb4709f.jpg,0
2994,6178,30499,train_data/991a5c601a7b4775afdbe07b8c59747c.jpg,0
2995,10574,36254,train_data/0b12b2c07dd54595948f1fed19edf140.jpg,1
2996,12739,19527,train_data/29b0e552edbb44b8b4fbd9c0c1c8dad9.jpg,0
2997,8423,12139,train_data/a938ac67154d43ad85919c16b55472ae.jpg,0
2998,15989,62422,train_data/d7f36246382248788f6ac371fbca714e.jpg,1
2999,9366,4160,train_data/20e48265d9b74489b92bfc07bf47e1f5.jpg,1
3000,5549,32273,train_data/8132c1a4ed584007ae9c58b061312358.jpg,0
3001,12402,11759,train_data/853075c016f14ea6aa0d020e418a04fc.jpg,0
3002,19063,37182,train_data/5948f9d390cc4f7e8e916cdf57c3e3c2.jpg,1
3003,3287,43784,train_data/20ea826e886f40758fa34570fa951f07.jpg,1
3004,19696,32485,train_data/9a07006cca2b48c38811c34c9e61871d.jpg,0
3005,1983,75852,train_data/a251a9629ab741cb96a2d9adb569f46a.jpg,1
3006,7191,14420,train_data/783bf49668a04c908a2b29b957d9dc5a.jpg,1
3007,18433,28584,train_data/ad64173faf0440d2b6db0e3cecf556e8.jpg,1
3008,14617,47181,train_data/f70dfca089694df6b98dddb8b672879e.jpg,0
3009,19819,68413,train_data/dc9e19b6f70443f9b8828c430de79adb.jpg,0
3010,17705,898,train_data/fcf38fe48364473f9fb21c59e226f4b7.jpg,1
3011,10316,19863,train_data/f765f27c856f437c89aa530126ca1261.jpg,0
3012,7772,71463,train_data/fa542cbe047a453583a3fed571f6979b.jpg,0
3013,657,38094,train_data/64777440e76f4e85b532bd98def316a5.jpg,1
3014,9178,7323,train_data/bb2e7eb4be7c4cadb0f3af66ad6c95be.jpg,0
3015,751,25173,train_data/59a36047a28e4845a4a7825ed04ff7dd.jpg,0
3016,2081,3304,train_data/135b726dc3324346ab0b74f1f9090de5.jpg,1
3017,12202,42405,train_data/fc41e0e938b14468a548bc3d4339e856.jpg,0
3018,6045,68479,train_data/83b66e1af2a345ac83cecc646cb3119b.jpg,0
3019,12456,4095,train_data/382244893fa14ff28987cd25b9d58920.jpg,0
3020,13021,43703,train_data/54cbd32db3df46fb87424f51085f8d93.jpg,0
3021,843,6606,train_data/b6887c9c5eed4aa79802be66fcd7944b.jpg,1
3022,18613,68029,train_data/7ba81edbf5564260a00076f0e5647ddb.jpg,0
3023,9300,23832,train_data/69612736c6504c3a91c11690db220bc6.jpg,1
3024,16459,2508,train_data/a7e7fcfb8f7a4a1ba9456a612ff89bb3.jpg,1
3025,19004,45557,train_data/d08ba10ccd6e4060a0a7a3bc405027c1.jpg,0
3026,11311,45193,train_data/e4f20b8f84314cfb9b01aa2ac162359e.jpg,0
3027,18252,22959,train_data/c5b2dd06bb4a4c2b81c4cc3849d83f32.jpg,0
3028,5099,43143,train_data/2cb859a4e6c0404eb41c5ccf1ea77196.jpg,0
3029,3498,16467,train_data/ca77f2afea6142beb19a3cd433787065.jpg,0
3030,18539,56742,train_data/96e6cd7aab8e41dc8a2785c4a7a79fd5.jpg,1
3031,6325,67878,train_data/7f236899aa6c441db7798f99b00f6ecf.jpg,1
3032,553,35261,train_data/ed8948f82b174477bdb43f9b6e3009fe.jpg,0
3033,13592,78381,train_data/e925c4ce78ee43bbaa559026319aa1e4.jpg,0
3034,4463,76854,train_data/6bfc61f76d49470cbb9430090723a15c.jpg,1
3035,8474,51351,train_data/0bb10f4f8a594acb86a76ab4dcf1efd6.jpg,0
3036,3686,18029,train_data/486aa9bea4e24021ae4394789eed8cc4.jpg,0
3037,15785,73411,train_data/ad4ac256222d400cb0bf6c932b201938.jpg,0
3038,576,70594,train_data/eb5d3f95094e406eb6dddbf504146b06.jpg,1
3039,3528,56852,train_data/a2e49ce1a2d248bcbd9852e504e81402.jpg,1
3040,11786,72463,train_data/1d3aafff3b01434fbe503dfccaf0975d.jpg,0
3041,14768,14486,train_data/15712e99caaf4379930e049c949c742e.jpg,1
3042,47,67486,train_data/89208b2b93d64cffa7c2a6b0680d555b.jpg,1
3043,10705,8191,train_data/73cffd5037074878bd2c5ad2ae450938.jpg,0
3044,13170,27647,train_data/eb3621df46ad437fbbdd51ba8881e321.jpg,0
3045,8542,57214,train_data/e95a6afac4eb4f2fbb86ca106bf68814.jpg,1
3046,15281,45994,train_data/039c16a32d46444cac583daf0e7b327b.jpg,1
3047,18660,19688,train_data/0ac78cdbb1e548ffa8b1fec5ee8d95e9.jpg,1
3048,13717,52180,train_data/0165c338248d4448b6059d21c8a4b997.jpg,1
3049,1215,29440,train_data/41b4d9a35bfc4486ac1413782fd4c5ea.jpg,1
3050,15602,67376,train_data/1c4b4fa148434c93a3ef62912fb64679.jpg,1
3051,1944,65620,train_data/b0907839bc864256ab75c9f823d85900.jpg,1
3052,17889,49712,train_data/d186c0c2a594486498c03f995f645c9d.jpg,1
3053,1450,59323,train_data/616da3a152e842e6ad0a9a1302f55eca.jpg,0
3054,16737,46820,train_data/74c15954a4364729bbae4f9c95f61159.jpg,1
3055,10928,31266,train_data/6afd4a81b2ed49979ef57b09f9470b60.jpg,1
3056,16667,10214,train_data/92df096425a0426280553d4b986820b4.jpg,1
3057,5035,68167,train_data/32ba888d1b7f4e4fa727aadf8cc75098.jpg,0
3058,2403,5660,train_data/87754d45ec1643d2bd812681082abc87.jpg,1
3059,10650,26462,train_data/78668758acc7402abedf4abf61862859.jpg,1
3060,7417,21336,train_data/e93545cd280640c996d8414ecdf79562.jpg,1
3061,10422,38252,train_data/bcf9079c50a84d93a3c0f78f2ddbb6e3.jpg,1
3062,9864,36910,train_data/1f13c68619a7457d8d4c82d70949e000.jpg,1
3063,19455,13723,train_data/3596fe74540c477ebb94c7fe3e77d710.jpg,0
3064,19276,18716,train_data/93205fc24c954d70a276afaecc3f2ff7.jpg,1
3065,12712,15124,train_data/fdd1d8b392bf40ba99f91fb944330a58.jpg,1
3066,2168,5832,train_data/417099292ddb4c1f9a478c7386464af7.jpg,1
3067,14070,33940,train_data/0ef53540275e402e823f3de41ee93117.jpg,1
3068,4166,5118,train_data/3aff54ec7fce4224afcb661088082ad0.jpg,1
3069,19233,33229,train_data/d57e9e12831a47a0a12cdcb26f6d71a4.jpg,0
3070,16707,61864,train_data/a40b8ed1389c45b28512cf3ac831c98f.jpg,1
3071,16084,44603,train_data/cbda4d882961432caafd942f95b1db65.jpg,0
3072,17744,19175,train_data/b8fd6b1695634ea386a4e2ebd6e0862b.jpg,0
3073,15595,38144,train_data/e151798fe47f44d18e841064a7443519.jpg,1
3074,19876,35199,train_data/7e5b7974d1a44410afb54bf6b540f996.jpg,0
3075,19963,12619,train_data/5e2691b1255c4a88b42ef44ac1cbae84.jpg,0
3076,1213,69095,train_data/8935a21578af43dc9058c21302a988dc.jpg,0
3077,14777,67805,train_data/00cb3afe9074413a972046c31677fad5.jpg,0
3078,18774,4900,train_data/c2f0487c086a49a7b9275c1fd44e171b.jpg,1
3079,6188,62242,train_data/76b84d9e576c454ba304bc9e2a8d3b07.jpg,1
3080,18456,32028,train_data/3a7fc710fdf4403db33421b5a714fed2.jpg,1
3081,18350,14238,train_data/fac551b58cd847338077c87b32eedc9f.jpg,1
3082,5446,54298,train_data/fcff37a817fd4f148f012e6a9e79db92.jpg,1
3083,19197,36239,train_data/a8e31a6e67224a66847db8436ed7475f.jpg,0
3084,9623,2903,train_data/d7a221bd428244f8949b7799fcc10416.jpg,0
3085,11212,50291,train_data/29d229fd45b4490b9d948068373471fe.jpg,0
3086,14260,17012,train_data/06282df3e4c7425cbd9e78acc890c9a9.jpg,1
3087,744,63415,train_data/9cfb0ab096224375a1f78025bc7579fd.jpg,0
3088,11719,45495,train_data/47a94c53c2b74ab591c0c0f6f9783245.jpg,0
3089,14465,50394,train_data/40be151221174911baa75208ea89cb2b.jpg,1
3090,15738,22401,train_data/fcc2538c11264207b7a355babcb7b57a.jpg,0
3091,3975,64759,train_data/b7cffd61e95c4e9cac4e8aecab9eb5be.jpg,0
3092,18124,78051,train_data/50fd6fbcccfc46bd807597c254a29e5f.jpg,0
3093,15959,57308,train_data/71925b29b43641e087bccb8deacdb5da.jpg,1
3094,4436,48946,train_data/47a676c945794b428c38eadadae1c814.jpg,1
3095,11983,21679,train_data/031ef606c5144ea28df617350096794a.jpg,0
3096,12631,9309,train_data/fc5cec6724fc409781f02b423a59c61f.jpg,0
3097,6735,5345,train_data/9531eff253154835948174e0dee52cf4.jpg,0
3098,16176,2546,train_data/2a408f030d55423e9f142bba686a0081.jpg,1
3099,729,25764,train_data/b03dd298361f46c29f9bb5b693bb9c8e.jpg,1
3100,12769,66121,train_data/55f45902ae184e9a84727bd5e1cc689d.jpg,0
3101,1640,60510,train_data/3554e48cc4c943ea858c200faf0e3137.jpg,1
3102,16602,43366,train_data/779ad0a00d4e4a40b5663d546a01b299.jpg,1
3103,9939,66137,train_data/6fc6d72a00914775939903c07c3d83d9.jpg,0
3104,12572,18905,train_data/2f8d5e3be5464ae1969e2cccc53c36b4.jpg,0
3105,542,56705,train_data/3acec7fc001247ea9185bd189abe4a1a.jpg,0
3106,8586,50009,train_data/4fac234ddbeb4b1ba975e85c2c14965b.jpg,0
3107,13101,48323,train_data/99c36bfa877e42c9bf65d72b522bc5da.jpg,0
3108,6072,39252,train_data/80286901be704261a50e92799f934f32.jpg,1
3109,146,73801,train_data/0285edb15aae4a79b8982cc857f0147b.jpg,0
3110,3142,22324,train_data/8510fce69d3f460d9e9b4d8456f8548e.jpg,1
3111,14765,69039,train_data/3f7c02406f2a40b7a9e8d6f418068a98.jpg,0
3112,241,4124,train_data/bcd0dafbcc484731898705abeae98d1f.jpg,1
3113,10001,14154,train_data/cc0f77df23084917875964a89de5a69f.jpg,1
3114,17596,37513,train_data/e23caa7aca0f4cd6909d653a799ee3f4.jpg,0
3115,8094,66495,train_data/c86a41656d1e464f918e59d8ceb25920.jpg,0
3116,9579,41067,train_data/94fa5a0cb991438797ec2eb1b0ef4bcb.jpg,0
3117,10285,24620,train_data/fd2ce3b9a1914751b884c0942b093a05.jpg,1
3118,1952,71056,train_data/5a97b6b7ab684f4da76fd0890dedd2a8.jpg,1
3119,18150,18081,train_data/d06c6399893e4b1eb5e3f24e109a225d.jpg,0
3120,18325,17121,train_data/64bdb0601e314cd19865c5302239a9a4.jpg,0
3121,1594,68605,train_data/0d6262c24d314ac8a381be26839529e2.jpg,0
3122,10084,65894,train_data/2d827a603d2c448e84736236705913ad.jpg,1
3123,3993,58668,train_data/f40d8b2ad57d46b29c0254385b89d96b.jpg,1
3124,14651,17134,train_data/c7d84b8951294fbea2f10b26d495936d.jpg,1
3125,15189,65865,train_data/4c368c9bb42e4955b3e1cccb5275e855.jpg,0
3126,19122,72141,train_data/3b1d1627233d42be90fb6f2a72f3ef28.jpg,0
3127,19354,45881,train_data/825781f1188847dfa6cf5ead71987d90.jpg,0
3128,6888,955,train_data/563cee216b054278aa92997a9101d994.jpg,0
3129,3971,29889,train_data/321fb44041424e9d890fdb8036d8c97f.jpg,0
3130,18851,22668,train_data/2a6fa087c22744c4a62887e79062278c.jpg,1
3131,2078,50240,train_data/c950068fd4d74b7587cc5ade6508588a.jpg,1
3132,8670,31234,train_data/597a14d269264688b1fd788c622d06fd.jpg,1
3133,11896,36608,train_data/48788aa95a794c1ab80ef70e11d4f262.jpg,1
3134,11147,3130,train_data/26cc012b4c724e44b3bbdca5985ace7c.jpg,1
3135,3222,62279,train_data/0e1dc35aaa8d4635ac4bcee715d19f83.jpg,0
3136,18779,24012,train_data/1066e3a518a247f1a44c0df1bc7bea66.jpg,1
3137,0,50578,train_data/19b29cb2dd6c45a69999e1e3608b0982.jpg,1
3138,12565,5862,train_data/cac8e421b9454413b45a01688951e4f8.jpg,1
3139,14080,70230,train_data/01efc536e36b4f0a81c0c853276a9934.jpg,1
3140,12876,3732,train_data/a2a96bd87fe44fd685960e1f4f7a2714.jpg,1
3141,15026,69931,train_data/422ecce9b300406a8b8a51d1d3c3f663.jpg,0
3142,2144,24973,train_data/7d61a28c86544baf848ae5e4f5685acb.jpg,0
3143,14195,47193,train_data/b3445063a27a4b688bd428936e2b1ec4.jpg,0
3144,7578,2776,train_data/2316846af71548d6bd21f436b86a6d60.jpg,1
3145,9358,69720,train_data/c9606dc49f4e4f8e9f29ed4a8c074cbe.jpg,1
3146,14374,49843,train_data/8f5fe89ea86648fa890fe683d34d9d9f.jpg,0
3147,2066,20716,train_data/7d7db815fe0242abb5631b6a55122ae2.jpg,1
3148,7293,64078,train_data/37aa422d2a384e9db937517ef59b5f43.jpg,1
3149,8149,69266,train_data/9293421eb269494b890d0e91d24fd67e.jpg,1
3150,4852,13701,train_data/74babacaacea4fae861ef619ac78d2de.jpg,0
3151,2271,40219,train_data/0349032697db468fbcf7255d27675af5.jpg,0
3152,14942,26383,train_data/256a060c205e481687a9ebdc4e750d97.jpg,0
3153,18021,8456,train_data/7897720d779041d89fdd801174ecded6.jpg,1
3154,3256,25303,train_data/a1f7cb47125f4ebc8494b55d52d66205.jpg,0
3155,18756,39256,train_data/3faef6721ea94817a466f3ea46325329.jpg,1
3156,13541,1031,train_data/e551062d70a744a5ae253f202e5593d5.jpg,0
3157,19655,49010,train_data/3ac14fe85035411a932a12809ae76869.jpg,1
3158,8722,22906,train_data/916d28d4e97e41209750190bfa233d8c.jpg,1
3159,17397,30953,train_data/53d2adb3df3941218e0328303a2b9555.jpg,0
3160,10272,13446,train_data/3f76d5cdacf548898a6094a709842905.jpg,1
3161,7510,2542,train_data/28a9a5af0cef42fb9bb4cbb2f9b55cd1.jpg,1
3162,4074,55310,train_data/c732052db65046799ee8794ddb93819f.jpg,1
3163,14204,51681,train_data/ca6319f3af294f149240f13140c5a795.jpg,0
3164,16423,71877,train_data/9305637d6452483783dc867bde30dc5d.jpg,0
3165,7268,41194,train_data/c9b10514fea445afaa500420193e4886.jpg,1
3166,10779,66431,train_data/eeab477a60fe486c9d40385420beae8f.jpg,0
3167,18337,59298,train_data/b8596f630e3643d08b7159ea483996f5.jpg,1
3168,6647,17298,train_data/1b94d771d24b42009a34a0ffa3b8b864.jpg,1
3169,7583,3173,train_data/00184133eb7b4f058c974af14f7d1804.jpg,0
3170,9058,12825,train_data/6629cbf703c3424da8db9ec05886b461.jpg,0
3171,10982,79790,train_data/ff0c2eb27373476cae58314843b6ee51.jpg,1
3172,4072,10848,train_data/946171156d584b43b396ee5e9c3021d1.jpg,1
3173,7330,79136,train_data/70a28477c0b046558b7ef391bc597908.jpg,1
3174,10342,57219,train_data/f3348d0fcf454ded8346e2776ce6fce4.jpg,0
3175,11893,15664,train_data/37c38b88274b492085cf646ef1f3ee36.jpg,1
3176,8774,13821,train_data/82a5a7558f3f4db99bd147f5c455a511.jpg,0
3177,5083,40684,train_data/0bc2bca46051440cb3b047437e5e8813.jpg,1
3178,3617,42755,train_data/47b3c241cdb14d24bdbb6b7880542f43.jpg,0
3179,17474,25013,train_data/a4dd959c4a3c4b679e840048a1678b26.jpg,0
3180,16431,4028,train_data/d016e099a15442c79304cecbad663efb.jpg,1
3181,5653,62568,train_data/b98de381fd884ed8add1aa254d85ab53.jpg,1
3182,4489,46140,train_data/22bddd49521f4821a21fff8bbfa9d18b.jpg,1
3183,9827,42177,train_data/dd14194923144a6183ca1429b70875a8.jpg,0
3184,9792,31791,train_data/daf93d5b1bca43b0b3fc877d3a6a136f.jpg,0
3185,11036,16648,train_data/06bbcbbd4dae43c28809df8c4db2e524.jpg,1
3186,4269,19561,train_data/0cc6f5f861ab44c58f00d2bb334daf6a.jpg,0
3187,15758,50788,train_data/22d20764bdce457abe5b2a388d613b50.jpg,1
3188,6052,43836,train_data/322e72de273148419fceb0e1c5d8e58e.jpg,1
3189,7284,78652,train_data/4cec000135e6439d9c066dd9512ebecd.jpg,1
3190,15395,9172,train_data/c61b8d4afacd4d91a93e5ddb950e87db.jpg,1
3191,13751,29077,train_data/cd0ed9d9234f4d1fafc73023a2cafd9c.jpg,0
3192,1175,71432,train_data/e6a38a51b44e4756972d26d262a7cf1e.jpg,1
3193,3585,48214,train_data/fecf8dd967434425a68ae65a8a43517d.jpg,1
3194,4475,20418,train_data/7a88e07268d943398b85cee7ced9d95e.jpg,1
3195,17319,1623,train_data/a907cc7e401f4d8197db6822d19043bb.jpg,0
3196,19824,42554,train_data/b3bd8614e7c64e69a2381aaa1b525339.jpg,1
3197,4874,27517,train_data/e27674c6813644c99f94a6479671ddfd.jpg,0
3198,4822,61263,train_data/3508cc8885344dcebb759699bd86758b.jpg,0
3199,12222,67576,train_data/f01122d0376e4b5ba5b87afb802e1a43.jpg,1
3200,9331,20041,train_data/1af31bab6a8b4150931f1cbe8a365535.jpg,0
3201,10543,74036,train_data/c34fbc1177db4e96bf532a0535853ba6.jpg,1
3202,13012,2579,train_data/505e830fabb440778705fcd33059945b.jpg,0
3203,16645,15207,train_data/246cad05c30849aaa30540e26db85cdc.jpg,0
3204,14057,43354,train_data/58732220c8fc4bee868552aa111e067e.jpg,1
3205,12204,68308,train_data/f52a043fdf254844b416352e0d48cbde.jpg,1
3206,8966,57027,train_data/886b4f3568b0469094bc361514b667ea.jpg,0
3207,8364,78908,train_data/4533a98f9d3b4f4aa1a427d694878dbd.jpg,1
3208,3366,3799,train_data/ed063e5304af4a999b7962110c10024f.jpg,0
3209,12815,71455,train_data/92ea4539a1ec4c9785139c944e3b879c.jpg,0
3210,9416,70297,train_data/d8198c105a33433bb30883a64e3850be.jpg,0
3211,7745,58682,train_data/9cc7a98767b240d4a013e78fcbcfc1d6.jpg,1
3212,3242,25737,train_data/3ba50747de194516839749a5e61b1393.jpg,0
3213,9347,20904,train_data/54a1f677820549c2915267d0d812079e.jpg,1
3214,1166,52305,train_data/7110dc83f5fa45bf81f946edae63dd83.jpg,0
3215,7615,65932,train_data/ae64e9cb468d455c91a26193899c6800.jpg,1
3216,17441,40378,train_data/ea86745e27ae43709a180512dccb23aa.jpg,1
3217,3843,22273,train_data/eadfd450498846f589e64873b7e17a8a.jpg,0
3218,13925,50825,train_data/78fd8fb7d7cf4468831f51f9a491298b.jpg,0
3219,5018,2499,train_data/3718574145244c14a6678cfa491a11a6.jpg,0
3220,13208,73053,train_data/c036cac291794389b953f2a9ad4acca9.jpg,0
3221,17399,780,train_data/208889d298ae4a46808077320f2077b8.jpg,1
3222,1783,45736,train_data/f8c585e9678c4d19854e6cbec7056f0c.jpg,1
3223,1413,9804,train_data/dfcd9d9e23604170b49486fd7aed40c9.jpg,1
3224,1130,32570,train_data/9a826a9ac6cd481e8860b25742034515.jpg,1
3225,10865,25128,train_data/503da9697a104b1880bbe0afd57e5afe.jpg,1
3226,8621,16355,train_data/a58e47f0c5a442e2a8072cb1e75ccffc.jpg,0
3227,16892,9222,train_data/0f9336a02fba497ba4e8b4b7b90c5a94.jpg,1
3228,18192,2856,train_data/ecf8d87a7a95499d94e7bf6ec4f2f450.jpg,1
3229,18511,71838,train_data/b45e0ae7b94940ab9e495fce076c40c3.jpg,1
3230,17591,48006,train_data/fcb76d14e4ff4bedaa2490a4e4b58fa1.jpg,1
3231,17805,46949,train_data/ee1b10b84a1048c0b552d99d552a9434.jpg,0
3232,13533,5001,train_data/501568def23e48ffb7e1bdf0f091f679.jpg,0
3233,5117,46953,train_data/ae5bf2f5a24e4ecf9bb24d5062ebacc9.jpg,0
3234,4520,40039,train_data/0975c3f67e084e69a89fe1430f316cf1.jpg,0
3235,18483,49158,train_data/e8e01b099ba341dba5b7898311afe9d1.jpg,1
3236,13916,26818,train_data/987318babd2b418597d7e7d0a8b430f0.jpg,1
3237,4745,35473,train_data/1b559e9b7ad84451acaf4d48999f5a68.jpg,0
3238,7852,43393,train_data/8c25aed358364689940f0846d8746b85.jpg,0
3239,18372,44896,train_data/e5a66371260f4df9b267a40c5c524ff4.jpg,1
3240,7508,33393,train_data/856852a340be4ba28f31dfc2fbad00a4.jpg,0
3241,3635,10527,train_data/2d1a64a6ac054bf0ad11b36b385e8492.jpg,0
3242,14076,19524,train_data/f69a11ef192341e9925e4d2db4a892bb.jpg,1
3243,10027,64671,train_data/03a0a14513d2458b94def1beb11a24ef.jpg,0
3244,14856,52746,train_data/5863c2d3f9734e9b85554ef1e308569b.jpg,1
3245,10978,74119,train_data/e01bcf7e55994eac811dedf671265a6c.jpg,0
3246,11887,22827,train_data/8ffc06b04ec44331a48c81b2a157e431.jpg,0
3247,12524,58379,train_data/d6d26011a56047ec962a130864064e6c.jpg,0
3248,19479,26129,train_data/7208f4fbe95640b2813815ad45d9ac4b.jpg,0
3249,8692,31800,train_data/2476c92549b7452ca5bf2f92afad1f68.jpg,1
3250,17001,938,train_data/cdb4c59ef2634dd098b9d9f5089dcd40.jpg,1
3251,4921,6108,train_data/6eea57999c3c4146a051b0ea65c0ef16.jpg,1
3252,7792,20138,train_data/1a9f66cabd9542f0b50237e5c024f5af.jpg,1
3253,5274,66645,train_data/fc7a86e55c234aeaaf3e36929f536a62.jpg,0
3254,10140,49487,train_data/5b62956b672a4f9e9ee4e2896e7106b1.jpg,0
3255,11982,28500,train_data/06de3dbd756640568c4f722d2634ff49.jpg,1
3256,4391,50297,train_data/a6aace0e6f104febb21e30823156afca.jpg,0
3257,18757,55260,train_data/6642682b05cc46d9bdf7371b1d3f23e9.jpg,1
3258,3643,76823,train_data/064b298fcfeb4fff89ccd19c0f541382.jpg,0
3259,15359,9977,train_data/6c901c6dadae4183bc42744a2aebe215.jpg,0
3260,16770,52532,train_data/2773066d3f2f40e8ac5139e8ea1faf89.jpg,1
3261,18621,10612,train_data/fbccfc9bd61444979c2e459bc9bcad63.jpg,1
3262,15440,69864,train_data/db4313b553fc45998cc092d0fa970538.jpg,1
3263,14878,39904,train_data/469bb445b2504031b2a25706a307c728.jpg,1
3264,9125,49235,train_data/38f969c334034b1b84083275de482ce5.jpg,0
3265,13137,57047,train_data/dfd8b2d72ffd4d63ab81ded95c273b19.jpg,0
3266,8470,70324,train_data/a3bb65168e88498487a35f0a32085fd0.jpg,1
3267,14826,52473,train_data/54bb863cf5ed4a16ad67e4d930f3ae23.jpg,0
3268,15216,61220,train_data/fa7d51f386a04f7d81e8970363fa53c3.jpg,1
3269,5865,37454,train_data/bcd533e21b9e4a05a46dcebc70adc869.jpg,1
3270,18182,46194,train_data/f8f61eb4ad574d378cb66ad55bcbd50c.jpg,1
3271,3482,14544,train_data/801cb34cca9941a89d437dd6a11931fa.jpg,1
3272,14835,849,train_data/61d3cf75b78644a3a541204d6e48e8e0.jpg,0
3273,19615,26815,train_data/f8eb615fd9a042b398467099cca63988.jpg,0
3274,5963,41935,train_data/c48711667d444ac8af20984532d62c4c.jpg,0
3275,15174,1592,train_data/dfdc04b88b054235b37c1789d8c05356.jpg,1
3276,17472,42506,train_data/8f9ce2d6b30243808aed4a7d53654d2e.jpg,1
3277,8473,76859,train_data/69a267c99f4b4460a4ad9bc36220a63a.jpg,0
3278,6729,46964,train_data/d1abb9069a7f4026aa2bd2ca81d587bf.jpg,1
3279,17992,66362,train_data/cfe7f47478cb4b5582e2cf755bc36e0e.jpg,1
3280,7203,4896,train_data/8120f29a7a6049b5bcade542c2148c68.jpg,1
3281,483,79631,train_data/2bbb403d42a1472aaee125aa34539478.jpg,0
3282,9051,66607,train_data/da1dc9ba0ee64f08907c89e1aca2b74c.jpg,0
3283,1315,64636,train_data/13c721f4a91849f38d2ebfd71669c78c.jpg,1
3284,3015,45527,train_data/612901a9fbfb40f08b7a3099e9e95975.jpg,0
3285,13423,73376,train_data/752c4d16087e420ab71cf0d6d5c4584d.jpg,1
3286,18563,17342,train_data/ce398a0cbc6944ecb9bcfa9e6247374f.jpg,1
3287,7486,35834,train_data/4d85e98d098b4f9084070e9fb005526a.jpg,1
3288,8182,41856,train_data/06f2de0d5d594a1e85cecea826f2a910.jpg,1
3289,19627,61640,train_data/2c54493c6bbe4960893a071a00f524fd.jpg,1
3290,13042,76172,train_data/26c8a8a3279c4c71b9d6d33b04d5c952.jpg,1
3291,17815,77559,train_data/f5ed13d119ba4b47b0a962a0756973a4.jpg,0
3292,18663,44639,train_data/8d2d07850cca4863aba7ab9465596af0.jpg,0
3293,6329,58447,train_data/dcdbca0d84bc4a1181ed7398a7262ea4.jpg,0
3294,2485,72511,train_data/7f8977b14d04489cba5ee7499196a9fd.jpg,0
3295,18042,12189,train_data/4f481f45074544d68dc9294eb21a672f.jpg,0
3296,9240,5090,train_data/b6b62c2e303a46b39a59fd1cf04a72ae.jpg,1
3297,12506,11045,train_data/6d5f603c582c4fe2b3f9e1d7a6e45c15.jpg,0
3298,13842,52211,train_data/606257ddd29844a1bf5db7782c9746eb.jpg,0
3299,907,30071,train_data/deec505730ed44558d9fe0bf5c3a3bbd.jpg,0
3300,1576,1519,train_data/724cfbe320cd48d983abccd5f0a61cce.jpg,0
3301,12616,27756,train_data/8b813824082f4a03bd74752adcc30a65.jpg,1
3302,8574,8621,train_data/e5cbe5c6c2c343e984bb1619394fcc27.jpg,0
3303,5859,44318,train_data/0cec0464b7744539a3892925c5c7ef98.jpg,1
3304,1339,8378,train_data/6ace86a8bb61427b814311b7ed505a1d.jpg,1
3305,15805,10917,train_data/c62fd9a58cea49558d5fe92ad3357ae5.jpg,0
3306,14700,14445,train_data/ae456846f3234096b0dfbb205a73201d.jpg,0
3307,8675,32765,train_data/fcb3dc60513f422196bf1dd75b53d964.jpg,0
3308,17023,2905,train_data/09ad38f3eebe4af39cc3b8354e1d1bb4.jpg,0
3309,16247,22304,train_data/823abe76285147aeb1ca606329ee3480.jpg,1
3310,14091,41888,train_data/ac5d85cb05c946e981fefc26d4653346.jpg,1
3311,4699,21771,train_data/88b7535aa6bc42d1a173bd95bdfa5c3a.jpg,0
3312,1989,32015,train_data/84e04cd4ad684ace9d72ef1ffe416e07.jpg,0
3313,5658,79519,train_data/6e824b46f2a8420c94be0d279072738d.jpg,0
3314,11702,31738,train_data/3d77d45f82cc48c0b8f40c332272c9ad.jpg,1
3315,17232,41208,train_data/8559d232e80c4bb9951087b901c1a63e.jpg,1
3316,8730,14364,train_data/d1326abc84a647ecbd1dc0db7746ce35.jpg,1
3317,19266,23338,train_data/bdf63e762e8347af8d790b0df036035b.jpg,1
3318,4540,70670,train_data/eda0cd82c1a04e4c99760c8fc6fefdef.jpg,1
3319,15583,36611,train_data/597acacff46c4f2eb7fd68e63f4ac61c.jpg,0
3320,6070,65639,train_data/7884c13bb0cc4fb994b601c32291ea99.jpg,0
3321,11073,56197,train_data/ef1c285dafeb477fbc3f6ff1cdfa9979.jpg,0
3322,121,23913,train_data/76b853036d9d46c59bc7a94ad892a1d0.jpg,0
3323,2609,27936,train_data/36aefedd5c1e4badaad446a677296d33.jpg,1
3324,14827,28713,train_data/c4220980d377413eb150db74d3548611.jpg,0
3325,19154,25208,train_data/e729f7f8f9e34c2e950bc20eb251930f.jpg,1
3326,16744,30184,train_data/4e3634b46ebe4c3dad23a8bd21c5f9a6.jpg,1
3327,17757,18337,train_data/d829aa33fdc7496bb42e64ccc0cc0cec.jpg,0
3328,3511,42574,train_data/6721eb6ccf3648039ef6af039b18b23e.jpg,1
3329,10984,36033,train_data/6e8c7134a68c4a269619da6369bce3bb.jpg,0
3330,953,36011,train_data/0b6bd8b08bb44ae8bfb2fd59d15e9a69.jpg,0
3331,18052,19764,train_data/3ac08779994d4d6d9f546c2cf532c004.jpg,1
3332,12374,40646,train_data/8cb222cd0567449db8a8febd12ed0a04.jpg,1
3333,9708,26792,train_data/a0b8dc8c315f46548a673570b9d13545.jpg,1
3334,10159,67554,train_data/a2727f9c4abc4d9ab83a68de80055701.jpg,1
3335,15477,42862,train_data/9f0fb873096d41f9bf4a04c11e1403d7.jpg,1
3336,14518,29518,train_data/df39db40b14e4d02851575dcb7cfc1b5.jpg,1
3337,12691,44747,train_data/81ffcc79f6354e3bae81b17870ad64ca.jpg,0
3338,10311,64466,train_data/e72705bfde6741588f46ce165c752c2e.jpg,1
3339,10236,28689,train_data/113d1c1e019d4a27ab2b43de274297f2.jpg,0
3340,2540,51597,train_data/47b1bb72ba60436f9830f96234dfb171.jpg,0
3341,5059,31904,train_data/4912e66a616c4dc68fc8ee212292b9e0.jpg,1
3342,1270,54278,train_data/8c060a00772648d4bb0f7da2925e8896.jpg,1
3343,18549,52260,train_data/622e02797d204893862f738fe5dc3dc5.jpg,1
3344,17552,40045,train_data/409ee8a504674baeb43acc53337750e4.jpg,0
3345,1691,79556,train_data/fe740565d7274452bf3785e45804fa33.jpg,1
3346,5667,702,train_data/cda2cd9a777d40daa4b6175bcefb71d4.jpg,1
3347,17336,74542,train_data/3f6a6447e23f40f79fa3f30003b26a5b.jpg,1
3348,10727,69571,train_data/d986e189054f4313aa0231d4c1d6754e.jpg,0
3349,2727,70470,train_data/32bf18860f4e4c4f9de543a203ae32ce.jpg,1
3350,10827,74687,train_data/566555bfd0c942b2870cf9a4801cd107.jpg,0
3351,16417,10611,train_data/b2938aa3926f478bb8b4fb40c62ae90b.jpg,0
3352,18216,27925,train_data/dea4a9f50b1a42b5b3431f605942ee0a.jpg,0
3353,7488,68930,train_data/09e8d812a1c3463ea1b6f3f629b694bd.jpg,1
3354,7563,73212,train_data/08e44afddba94496a4f58ddb5528f0bb.jpg,1
3355,2974,76067,train_data/c59145f3236043dd9ab3fcc09f5600e8.jpg,0
3356,7138,7545,train_data/de12741ca64d4b738daa68fb5326a135.jpg,0
3357,7110,28616,train_data/7da19f4e6682430487784d97d6818238.jpg,1
3358,17174,56394,train_data/de64b7b745e545bd910bf7c7a2992f14.jpg,1
3359,2045,72628,train_data/5797321b1b2b47f484a2b1088052d046.jpg,1
3360,4279,43521,train_data/1698f6c7da574a6f98aee301ffff92e7.jpg,0
3361,18773,1174,train_data/5dc6c044130246c38a03c10620f5b497.jpg,1
3362,9640,48240,train_data/013a35fb6d9e4acf8e7211ba8706a1ff.jpg,1
3363,4010,7117,train_data/7044079eb5854f278fed1c18b613a43c.jpg,0
3364,2736,57644,train_data/a5e31f9a6674427bab02b7779857d134.jpg,1
3365,17572,33470,train_data/ca52aaa803604fc6a03d1d5929987510.jpg,1
3366,1208,63354,train_data/8d5e04c8d79e43f8a18e6cab950ad600.jpg,1
3367,11127,58543,train_data/d3a31747303d41a7989774af93a7c94a.jpg,0
3368,8317,34564,train_data/8796e9a1fb884590bda7c29a489db64b.jpg,1
3369,13164,43471,train_data/295257a3d57f45f4b683bba7aa14ace5.jpg,0
3370,12307,59938,train_data/38d34b26338e4262ad572ca226daf3bd.jpg,1
3371,10113,57975,train_data/7c8baac9c9464d66b0903a543e152998.jpg,0
3372,6885,8952,train_data/c991ece16f454304a326c79741e32ed1.jpg,1
3373,15488,59291,train_data/8224b047a6a740c9a23c3f746b5762e4.jpg,0
3374,7944,25670,train_data/263833e530eb4c05a8c8cf47ea437153.jpg,1
3375,1090,24684,train_data/196aa55b2faa44e487e0e0b502ef2a16.jpg,1
3376,3120,57004,train_data/1597724e133648da9e751117d9aeffd8.jpg,1
3377,14405,37225,train_data/e89788b9064c47d09a9390166acaedbc.jpg,0
3378,10466,56720,train_data/79f1aaddd3f248feb320b6ea83d66ed6.jpg,1
3379,13789,45354,train_data/19c4eee8087f4cb1b70272d683afa94e.jpg,1
3380,1533,62614,train_data/8ffbce8e13434badb608b99bd750cd46.jpg,1
3381,4472,629,train_data/aefcd500bf2f42398c7104f85f437868.jpg,0
3382,1411,47209,train_data/5426a39508fe488283eaedcb922c9e08.jpg,0
3383,9976,56342,train_data/757582a66f8c44a0ba28384eff1c7b85.jpg,1
3384,4724,47360,train_data/861d845340694c22a7fb1405b51947e1.jpg,1
3385,3200,17559,train_data/8c020803ff3547c8b89d5dfe63de39c1.jpg,0
3386,11911,57985,train_data/9171915925834fa4ab92cfe7fb99212f.jpg,0
3387,2614,31493,train_data/3bc42910438742278d36aec4b0f58a3b.jpg,0
3388,9808,51122,train_data/4ecfa258da174094b1a540fe3d02a22f.jpg,1
3389,8223,28212,train_data/dba8fe7feec84bf88a5eb82917539542.jpg,1
3390,2546,30525,train_data/0e4ed47a0ac14fec8b4e3c072c016ecd.jpg,0
3391,13484,73677,train_data/a6982b049f4f4fe08ab25b71287c97f1.jpg,0
3392,18878,56590,train_data/0222a07393894d35aa78885bfcc715aa.jpg,1
3393,4577,74840,train_data/48287c8460e84b12baf9b660f233b33a.jpg,1
3394,9144,70403,train_data/e803c04e3fe7488fb0a13dabe33df152.jpg,0
3395,2664,1139,train_data/cb42bcc904c24fc0aa91309b905ec1c5.jpg,0
3396,14284,9239,train_data/e1b457b5f9f04afc8561a236940cb409.jpg,0
3397,8930,19473,train_data/c824308148964c468b8da4ef44a204ce.jpg,0
3398,10043,12909,train_data/688455d95f574decb8c54e7ba6ca90fc.jpg,0
3399,1457,54317,train_data/4a4ad17527ff478dab430d43e15a0d45.jpg,0
3400,15232,27790,train_data/52d48663f85343ffbfdb0fdc66181128.jpg,1
3401,3682,62343,train_data/6911cc801b9d47f0b40fd5e1fca709c8.jpg,0
3402,8318,57798,train_data/90a8f8c84f7c4e4d9f37f99c0829a086.jpg,1
3403,11264,73732,train_data/19b864d144dd4a0a82e0e9c9a991bf33.jpg,1
3404,10888,57325,train_data/eb16e0b22fa24155a2a2a550d24ff55d.jpg,0
3405,19403,13734,train_data/368b0bbac648443ca71f88b2239f12e4.jpg,1
3406,19591,21436,train_data/fb1b1531b93143f5a3d39d83c53b3d9e.jpg,1
3407,13600,13519,train_data/afc223cb264c4f82abd08de609515cd1.jpg,0
3408,14469,64807,train_data/4e7738218a6345e4a23dd0f2f0c5a199.jpg,0
3409,10413,15397,train_data/8ba79a1a2514442ea6b9c04809c9a903.jpg,0
3410,19518,77196,train_data/b6305bc3c133462b9f79af4363575d8f.jpg,1
3411,3886,40223,train_data/e8e4f96df862406d84e08331b710c0a9.jpg,0
3412,2950,72040,train_data/e74ed86567164bdd902154c0f60f1bb4.jpg,1
3413,5746,21847,train_data/3efcbe7ae6094330901114de5fe560bf.jpg,0
3414,1393,63322,train_data/55ba450ad9064e60be5daa0f38acf566.jpg,1
3415,5100,79447,train_data/d62eaf7f61af491dba4b62d25db234f8.jpg,0
3416,19664,63557,train_data/d035c63d4f2d4151a47826e69a17a95c.jpg,0
3417,13801,54196,train_data/c2680b8898bd44569f657d14d96d0ce4.jpg,1
3418,11736,76704,train_data/837068b4c35b49419538a166bd23fa49.jpg,1
3419,10498,4057,train_data/f75fa211ddc84384977c8ded7c2e1ba0.jpg,0
3420,3014,36532,train_data/10709f14acc0449d805c04093fe4503f.jpg,1
3421,3623,56610,train_data/c01f571f5fda4201a4742857fca6865c.jpg,1
3422,16622,21678,train_data/3904e43b9fbe4d56b0f2e912fb7a44ad.jpg,1
3423,12262,62406,train_data/40f1f0de6da743dfa0891e25e5a3070e.jpg,1
3424,4351,226,train_data/8f9dfdcaa5e944b4a5348785a2ebe99b.jpg,1
3425,4375,59277,train_data/5727bfed37634988a36af4d17f04aa23.jpg,0
3426,12128,36141,train_data/57f8f3696a0d42e990992aab493da038.jpg,0
3427,13043,22729,train_data/8614886b76ea4eb3bf254a19091125a1.jpg,0
3428,15888,75045,train_data/ee74e7aab94a4f179faf3595cbf1b476.jpg,0
3429,10228,2394,train_data/b738458e2eb743c3ad5990ed54a25d00.jpg,1
3430,1767,37541,train_data/24e546125a594b918eb7848b82e89d0a.jpg,0
3431,7879,13671,train_data/4543a0710999409d95ae94096951e2a0.jpg,0
3432,16132,36332,train_data/5e9aa1af3f06456fbc11eb97df66f0b5.jpg,1
3433,9191,54369,train_data/6bcab62d5a4f4accb6036eb861eec951.jpg,0
3434,10610,72008,train_data/9f133582b0ea4b10a97427d35846b2a6.jpg,1
3435,10434,13797,train_data/309183d90de4443786986fd1556bc870.jpg,0
3436,13198,14076,train_data/f41b629982cf49b29b8cc6370c5ddf59.jpg,1
3437,16121,64065,train_data/ff558c84b12a49e8bca1b73d6d55cf54.jpg,0
3438,12475,54158,train_data/58451564325b4fcd8d6294ce79d86a13.jpg,1
3439,10290,29315,train_data/fed686a14106419e848f35a8f6971b05.jpg,0
3440,8631,42256,train_data/94705d30a673462c9f9c6a470e0d16f8.jpg,1
3441,17819,20291,train_data/1a95de2a87ed4c82bc2b25396f58a108.jpg,0
3442,18190,9084,train_data/30b3cb684ef34ed5a2587ce51f1e2418.jpg,1
3443,19977,1170,train_data/e1a6723e306d4afdb628d50a3848b320.jpg,1
3444,6286,13614,train_data/7fdc35f8d09948e7b36c3c3e2ad9edb9.jpg,1
3445,12614,65036,train_data/4a1cae16a6304e1ba75e04dc9de3469d.jpg,1
3446,13079,12179,train_data/0b197d8cad7145c29ac20c3f5e6e8a78.jpg,0
3447,3668,15894,train_data/35193c5c86844b8e9d2bf82e9091c412.jpg,1
3448,9876,75,train_data/6aeb8c04e3094648a8f80ee1d62e587c.jpg,0
3449,13609,58320,train_data/08c82c356ec04641aa70a250b28b0edb.jpg,1
3450,13092,12610,train_data/52fd265cabae4a09819bce1b621980d6.jpg,1
3451,16307,75789,train_data/83a82a68ae6e4836b34f5af7a54263a3.jpg,0
3452,11981,57933,train_data/eb2abf2fa2fe4f39aa7850fc147dd6d2.jpg,0
3453,8999,34901,train_data/abf42c2be9e34602a3a68b47d3a88740.jpg,0
3454,1002,6330,train_data/f12d2099f23a47cfbd0416ac1b57101f.jpg,1
3455,1061,55425,train_data/ff334fb23e294952bd66ae28a18e31c4.jpg,0
3456,14297,67050,train_data/8a9a0a7b62804c82b28402d6fcf871fd.jpg,1
3457,14104,30162,train_data/52d4885a03fb45a9bbfa74db29be9473.jpg,1
3458,5252,61677,train_data/447239ad2d10436587c9546f1f063bea.jpg,0
3459,19362,70972,train_data/209eab2ab74b4f09bb5b05af96f82dc6.jpg,1
3460,17027,8925,train_data/a4f8c3d29201434cad65e4f45c364d02.jpg,0
3461,17149,29650,train_data/3aa98d59fabd42ddba4e7810aa43bbfa.jpg,1
3462,9679,12114,train_data/18da1b21042d4c46a32b5bd1495f55b5.jpg,1
3463,13779,35093,train_data/f3ebebbf594943d4b59a1b05cf159a68.jpg,0
3464,10901,70412,train_data/21bf98a7644b434586bc70aeba445770.jpg,1
3465,14152,2097,train_data/8d051cc461214d8d93c2315fd8e5731f.jpg,0
3466,10772,26231,train_data/4725ed25d2854bc19f1b60af0d5f34fa.jpg,0
3467,10439,67620,train_data/2c58a175d9de47ebad62052738cd219c.jpg,1
3468,4156,40613,train_data/9958c7defcac40e8ad595d83bf892d84.jpg,0
3469,16043,6204,train_data/ec66112abc414e76a8f09ca769aadd89.jpg,1
3470,7592,62274,train_data/8f58cabf3cfb4b44b0f93d46f1b301af.jpg,1
3471,19675,44079,train_data/d461476d0557490c95266a1da610920b.jpg,0
3472,19038,51518,train_data/a0481499deb94599b378358f0a112a84.jpg,1
3473,4031,42455,train_data/f127863e26464053bc94681f8132d011.jpg,0
3474,2146,72802,train_data/0c77cba1567b40178909e7f58ccae8d0.jpg,1
3475,5719,75949,train_data/c1cce70f4d2a401fa7451d3d2d29d5e6.jpg,0
3476,4450,15755,train_data/a30e875f5c2845d1bd4b9c08f2fba25d.jpg,0
3477,2662,57269,train_data/1255db55b5f64bffa9a89ca057051f58.jpg,0
3478,19041,25782,train_data/524527996c204f3a847b0f6d9ffd72d6.jpg,1
3479,14161,24664,train_data/df69a14b5e6a4074b7edd8907cb6b6ab.jpg,1
3480,14738,9510,train_data/48b844be82d44d69964b313e0d467a60.jpg,1
3481,9893,52153,train_data/8806140035784b55b45bab9028b66eaa.jpg,0
3482,4318,21704,train_data/4c25c1c2e1e9448bbbdff9b50ea25ad6.jpg,1
3483,586,73201,train_data/aea5ecc6488447dd8ed2a389bcaeb9d8.jpg,0
3484,10091,58154,train_data/117b29736ad84b79b39987867a35a040.jpg,1
3485,11518,28705,train_data/2b132619f2bb4b1d85d88ecf7223e44d.jpg,0
3486,3194,40202,train_data/4ce773b27e954ebe8121cac89b6c63eb.jpg,1
3487,16195,36117,train_data/3d556560bc0b490cac0951888959c23f.jpg,0
3488,2953,55635,train_data/f80e55c9237e44f79c17a3cab2fd4499.jpg,0
3489,2266,6667,train_data/59d42206129d4d228177ced32f25721c.jpg,0
3490,17274,58632,train_data/d7dd53dfe9504582aec76b146adfd03b.jpg,1
3491,13626,53437,train_data/6ca2418db95a4b10a4c923e9ab04c194.jpg,0
3492,19125,59389,train_data/5fab86aba02c4d5f96605161f0dd0bbd.jpg,0
3493,13039,35174,train_data/2da9b0c4ea25415584c92d5572ba0123.jpg,1
3494,15843,42935,train_data/53e447b5b7e84cd2817e8cdfd59cd5d6.jpg,0
3495,13847,51855,train_data/c7ca50e4697d48188578ae0619899c38.jpg,0
3496,18454,72668,train_data/6da85252b9954f9aae219f73d56fe743.jpg,1
3497,18609,8023,train_data/edce502d0f4648ee8501dfcfaa8ff1e0.jpg,0
3498,12215,13970,train_data/308833182751451691b036614d34d02b.jpg,1
3499,8256,72540,train_data/e79a3e2c9000460ea5f363f09c82bfe6.jpg,1
3500,4254,27733,train_data/dbced0d69ecd4cc28ed203bb9c6c35c2.jpg,0
3501,1280,29451,train_data/756148c206e148b99de4d310cfd777de.jpg,0
3502,6492,18352,train_data/8ec89a27ae814f0e8d8fa78c864ee038.jpg,1
3503,19429,47447,train_data/7ae8b005c11e4b0bb97763dd6b9a67ba.jpg,0
3504,9298,65254,train_data/85b03b744f384346a2bf051ec11d838f.jpg,1
3505,9861,32868,train_data/90983997c7d5471b8b4cfc7b73fd5e99.jpg,1
3506,10337,50475,train_data/69b61c5f48954bd4873d8b67392c57cd.jpg,0
3507,10804,46013,train_data/28ffec0214bf4287ac6b2fb51fb3a687.jpg,0
3508,19874,25807,train_data/6ac0bfa5e0f947ffa5ef741d7bdac80c.jpg,0
3509,4546,74759,train_data/813c142c4b7d47ad82e646d5d130f1d4.jpg,0
3510,2638,43990,train_data/f2a8d42936124067abae55ab30ba74d1.jpg,1
3511,3532,36199,train_data/c31ff456395249019ea8dfce22dc8805.jpg,0
3512,9652,33889,train_data/2399f557aba04f3ea0e88372658694c2.jpg,0
3513,19612,46657,train_data/bdf8166fe44948a4a15f3a331f4db4e2.jpg,0
3514,6705,2059,train_data/fecbb0d0bb664f178a3ad850e3a48b35.jpg,0
3515,4393,41416,train_data/93b221e8ba7849a6b0ce5d3e9dddccfc.jpg,1
3516,12578,31906,train_data/69c02406745f4d2c893a1f8e90508cfe.jpg,1
3517,10743,64531,train_data/c72c38ddef7b48d6bd3d54741bde8047.jpg,0
3518,6315,1260,train_data/1695f77282eb4d9ebb232086896f7646.jpg,1
3519,18265,9886,train_data/ca5e004d75c446a7b68706da532e4f2a.jpg,1
3520,4387,29556,train_data/540de30b4e65472dabce30c11effc0f3.jpg,1
3521,5421,77091,train_data/7850fc120bf74a058b8f6e27f5d54dbd.jpg,0
3522,8863,10912,train_data/df133f73de5143f88beded53e3b1455c.jpg,1
3523,2442,10085,train_data/9f89367a10384288923218fe25f674f0.jpg,0
3524,7763,77977,train_data/15469fce33dd4b2da203334be5a11861.jpg,0
3525,13222,5880,train_data/08107d7e186545bb858588aabec060be.jpg,1
3526,8358,45716,train_data/605dc9c4dd0448c0802ab3fcc6b12592.jpg,1
3527,14972,40673,train_data/dd658bf1f3da48c1b5cc4c44036ec0df.jpg,0
3528,1570,44313,train_data/ed6b63e86dbb4755a23adcc77b4671e2.jpg,0
3529,1398,53453,train_data/79c034a01e3248bcbc89072c8741b70c.jpg,0
3530,2281,7320,train_data/8a3a890009384943bc0d128d3f61de79.jpg,1
3531,13723,20453,train_data/7fee39f79f294b6faab6690fe3ee6b38.jpg,0
3532,10242,72498,train_data/6672345e6e6a49e38e508a770baaff9c.jpg,1
3533,11879,21926,train_data/403f9a12405648eebbbf57647313975f.jpg,1
3534,2021,54148,train_data/cea9f8e7f92247e39ee8a583838e9d01.jpg,1
3535,10208,7024,train_data/6bb8a5de55a1499695f9f9701b834b5d.jpg,1
3536,17122,38376,train_data/7adcabd4db8748b8b95a2649bc16edcd.jpg,1
3537,15138,30362,train_data/7db81402ab3d4d16981eec3375b640e4.jpg,1
3538,9729,53498,train_data/3e5a0004eff24a59892e408c060e35c5.jpg,1
3539,16055,61951,train_data/2a7dc1d884be461fa835ea1bda39f18c.jpg,0
3540,13387,78526,train_data/7bc7925d2bd64e05a768fe9369e15b72.jpg,1
3541,15871,12488,train_data/7564d7ad38c84dd58aeffe93e03da3f3.jpg,1
3542,19935,71766,train_data/33b59b22d0384f8b8c73c247e9cf8946.jpg,1
3543,2002,46318,train_data/35b4f675074b4aafa67c59bf5f606b06.jpg,1
3544,18656,27067,train_data/0130b0772f404d4c9e3df7a9f70173f5.jpg,0
3545,2556,6186,train_data/69c4bcefd3ee47f2995bada8e301d719.jpg,1
3546,17116,36146,train_data/7907847677c14b0882346b257b6b5472.jpg,1
3547,2305,68500,train_data/5662647ea5b1490a9c06410f22a8d219.jpg,1
3548,10462,79098,train_data/6926024e480548d6b3f4151717378f69.jpg,1
3549,16893,32555,train_data/eb463a7ea5e94c27a22e1b92a77521cb.jpg,0
3550,8268,68401,train_data/0e74fa2080d941e49f3ef261b12ab303.jpg,0
3551,7757,49716,train_data/9ecc1a0230a94fdea97e6b1cc1933dda.jpg,1
3552,902,79303,train_data/c4cb43e28d2c48a0800ee8ee15eb1b05.jpg,0
3553,7014,71050,train_data/b71599ba44e64c728ba178a1295c8ae8.jpg,1
3554,7115,71809,train_data/fa0f04dfe7bd4032883c6cb3adbd4de5.jpg,0
3555,181,50684,train_data/8aaa77eb90074577b6379ed2ea5a549a.jpg,1
3556,1063,22373,train_data/5cae080ffc03492881b3c17e37544e51.jpg,0
3557,7708,52959,train_data/b55b6a025b6248caa798bd17a33471ed.jpg,0
3558,5198,74747,train_data/8f4581e7999c4964b7c6f4d7c24eef0c.jpg,0
3559,16853,58403,train_data/6b72de37adef439192e51d6fed37da10.jpg,0
3560,9224,33860,train_data/c94899c506834e5c9fd69819fa7c6218.jpg,1
3561,1853,57521,train_data/0bc210e33f5b498caeba4c5337588f53.jpg,0
3562,18905,4416,train_data/89ba93890f2f419c9828e4d6bcfcb667.jpg,1
3563,6165,6931,train_data/4b072aabedb14475a8fbd31412edbd9d.jpg,0
3564,3844,45655,train_data/f52ec6a5904c45ba86627b8d02e49aa6.jpg,0
3565,17404,69515,train_data/7efa5d19939243f992282dc520374951.jpg,0
3566,8896,64013,train_data/2b9e891cad574fae9bec7477bc9e1c26.jpg,0
3567,17480,1227,train_data/8033c4afccf946b7b72cd91216479e65.jpg,0
3568,8576,74267,train_data/7d06a66a24884948a737bef72f262f3c.jpg,0
3569,14511,33898,train_data/644dafa4b79a46218753ef20b2fdc817.jpg,1
3570,19746,35622,train_data/75c69e64b31d43c2a08ae688a2c8a8d1.jpg,1
3571,12556,58375,train_data/56a4cea019864455972bd3fb4b066bee.jpg,0
3572,12038,32730,train_data/a37dac0800d54639806bb772127f7c43.jpg,1
3573,18170,7654,train_data/357052539c434e98bc0529778563f3dd.jpg,1
3574,1926,24015,train_data/fb8be63ef8f649cfa7e2b02f76b7f664.jpg,0
3575,7656,39822,train_data/2824ae4fde8c47418caca15fb6783c23.jpg,1
3576,16941,28435,train_data/370e23359396428abd33cc140b6c4d2b.jpg,0
3577,16409,34516,train_data/45ad0aa0fa634fe98ad8505f02b336a9.jpg,1
3578,10286,39292,train_data/aea0bfed151b4cc385123d627b8c4ac4.jpg,1
3579,5784,70878,train_data/9794616345bb475296c42db80befc5ea.jpg,1
3580,50,33171,train_data/95f7431ffb654f82b0ed8fda93263e28.jpg,0
3581,5761,37791,train_data/7f0154a7698d43cc9c620c181b5fbbec.jpg,0
3582,6210,78764,train_data/20a71d9b7eff488cb6165dd96bef4c3e.jpg,1
3583,2497,44307,train_data/b26c002bde254e068e0f815d739c02db.jpg,0
3584,6332,6075,train_data/64d1b43b64a049bf88c4add9c25679b3.jpg,0
3585,14652,52534,train_data/5d28003d50544b1ba94ec48915dc63d3.jpg,1
3586,14779,51994,train_data/d666eb31bd214aef86705848e6f55a9e.jpg,1
3587,18281,36887,train_data/140a69eaf71249888e94ad4ee931be8b.jpg,0
3588,18031,8425,train_data/81dcce68792d4cb58adcfb00b1ee208b.jpg,0
3589,2458,41467,train_data/f900cd25da1a4e7e9484d43b02b19516.jpg,0
3590,6298,10319,train_data/23cf791d2b5a4bcd91acf62978397504.jpg,0
3591,19922,42866,train_data/47e5b7171d1a411c9f1ae33a443c9f78.jpg,1
3592,15091,74391,train_data/9c572b1074414a5ab96ff51de67ff414.jpg,0
3593,5970,68377,train_data/a90186ed5e8f448f9559c1182fc1b7b8.jpg,0
3594,4982,63527,train_data/a068d9534983430c9e8402c394248e1e.jpg,0
3595,14912,42148,train_data/372832cbc9944e4c9eaeaadaee83b514.jpg,1
3596,7870,3027,train_data/9b976a0c0d5b424ab87b683523d86099.jpg,0
3597,16681,32755,train_data/cd9a75d72d164f449e90e89832352b2f.jpg,0
3598,9498,1655,train_data/a04fef9aecce4a48bf71d7ac03ced59b.jpg,0
3599,14731,45754,train_data/25c4abec6cef40fea0dcdda02d0ac296.jpg,1
3600,11958,15623,train_data/995c571236ee4670986e0e5ec8c07813.jpg,0
3601,4229,26077,train_data/1a8df1d4222043f4ab16193b511ad174.jpg,0
3602,13887,38029,train_data/8c177fdcf5814aa683cf84bfc6d34f80.jpg,0
3603,15107,25453,train_data/5232d70f340f4c68b06ab1fec3a04e32.jpg,0
3604,16525,74558,train_data/957f458d4c8d476c927469c4d0df2728.jpg,1
3605,8288,49735,train_data/17c27872370f41e5bbddaaf23c08cc79.jpg,0
3606,1097,12600,train_data/0c93827f8d524ba984d4c9bc1906e1bc.jpg,1
3607,14463,56647,train_data/7f6b72cf3a604cbaaf5964a87c7f44c2.jpg,0
3608,12836,19737,train_data/5ac0a661ed5d4d6b96ad3fb219d47901.jpg,0
3609,9466,611,train_data/9f97a7acc83749de8dfa707e5a0efbd8.jpg,0
3610,3919,48902,train_data/7c9724df15cd47ff8a59d1d0ffe73258.jpg,1
3611,4828,44551,train_data/28e73fa2d3524366a5c6eaf7aad18cf6.jpg,0
3612,6244,79939,train_data/117994d804684f30ab48d95788d1496a.jpg,0
3613,11465,32540,train_data/2f5ed875867c476794b7c28597a0fb7d.jpg,1
3614,205,20034,train_data/943b7b9715c84926b205fa41e28df5d7.jpg,1
3615,3616,2623,train_data/8ba65411c0f24478b8a6763ba8ae43f3.jpg,0
3616,13332,11035,train_data/c3cd54453d534540a03c5ea6bd2be080.jpg,0
3617,5503,410,train_data/d2f15270b5044f0795e8b5435b559f72.jpg,1
3618,2086,11006,train_data/f5b0f8237ef741f28eb02fc7c78aa0a9.jpg,1
3619,13069,20061,train_data/52904590ed82492a8c67596d133a9e34.jpg,0
3620,15548,60464,train_data/4cf9f9f715b64b4f99f014f0bf6e09d8.jpg,1
3621,16956,46449,train_data/66f210c3be7045f48c4e5fc1bb899d0a.jpg,0
3622,17341,3940,train_data/8ae601d767594525a7eb8afd7ee4249e.jpg,1
3623,19620,37404,train_data/061a446c580e4af6956a3d0397721ee9.jpg,1
3624,6510,69846,train_data/0e26f864be9741848bd1ff7e7605515b.jpg,1
3625,14372,47334,train_data/87d385ab28be42e587ed49a33a9272b8.jpg,1
3626,8124,70958,train_data/fe9d5e9462294f0383dbda0282c89761.jpg,1
3627,19934,72602,train_data/7bfcff4beb8e41bdb2e8445d9fbd234c.jpg,1
3628,18883,72021,train_data/b4eb9e2fd94148bfa6c99b00a2147fd5.jpg,0
3629,10496,4034,train_data/fb4655dbf71c47aaafb6746befd83dbb.jpg,1
3630,9780,79819,train_data/a436a243b890404cae10045a5c224288.jpg,0
3631,431,55958,train_data/737318247702452eac6aed6f13b9cee7.jpg,1
3632,2533,10064,train_data/e8bd340070d54ac19a8c5edf90da7715.jpg,1
3633,2202,1154,train_data/4958522c228949ee80fb80bcce629489.jpg,1
3634,1572,49078,train_data/2a29df4b9224494384fdfa45f2f42f52.jpg,1
3635,11527,25329,train_data/da051b9f6a354709a29bc0cf5d5b0971.jpg,0
3636,16578,48026,train_data/70bb44b0c56b450cbf12af3b26aaaf07.jpg,1
3637,16437,42955,train_data/f29a9746ae724baa8d3aa7194e8ba140.jpg,0
3638,17377,69295,train_data/f20d607bc6ca4abc9e0572a8c3e6b851.jpg,0
3639,1277,36518,train_data/a201df865eff4d46bfb3303af9633ab0.jpg,1
3640,11400,64244,train_data/a52048b150e349c9bc987084f7ca8929.jpg,1
3641,14459,1001,train_data/88e184841acd42a680ab6c63d9e80919.jpg,0
3642,6812,51861,train_data/2a161c8968f1419391f0d8108d0d55c3.jpg,0
3643,13818,75032,train_data/e1e78816c8f740d89f2889c73a12f8f9.jpg,1
3644,18477,11680,train_data/4593ec0552e64cb4b7531bbb1a0bc15c.jpg,1
3645,10792,40792,train_data/1f607f428dc443cdbba4b25928e9036f.jpg,1
3646,14355,13800,train_data/33ce39cb90094f1bbce2f7a51beeca6c.jpg,1
3647,3769,35240,train_data/4aacf3b44084479d931ba94f36079246.jpg,1
3648,12163,60574,train_data/3151bcdd1a1c4d539a1f6eb2021fc9a2.jpg,1
3649,5331,67284,train_data/9980366f134a49acbdff47b9fe66df14.jpg,1
3650,14411,29147,train_data/c85347d864804be09bd36270d4bf2d24.jpg,0
3651,18842,25086,train_data/b9b74d425e594595bc4ad08282e717f7.jpg,1
3652,18517,16129,train_data/afc85eaa0c1d4c61970e793e05add45a.jpg,0
3653,19637,14164,train_data/3ee4e8ab384d41c6a3efbd03a39535e3.jpg,1
3654,1372,13940,train_data/e9498375adc3481e9c2bba6c73645779.jpg,1
3655,884,47499,train_data/81c0ec7f96dd4b2abb28017b5c564e19.jpg,0
3656,6541,1518,train_data/04114cc99c0c4672b9919296b5020c2d.jpg,1
3657,1039,63558,train_data/f3a853c481474c7b97e5e32c049e13d8.jpg,1
3658,14254,33197,train_data/9eb03fb3c7dd43e8bf815564f5360bdc.jpg,0
3659,1470,69717,train_data/1e3d2892681d456185036b83a95b6e1b.jpg,0
3660,19652,8315,train_data/9d1e02f50e724095b1b640015be91d5e.jpg,0
3661,293,46442,train_data/73bc36aad03647559cf2264a32eac6d7.jpg,1
3662,2445,60037,train_data/79a4f478cd9f46bf991077545681905e.jpg,0
3663,17577,5740,train_data/7de4c05a6fa14a4fae235eb3c4107ee3.jpg,1
3664,5174,37209,train_data/589a4010efc24fd69ec5eec7101bdcf2.jpg,0
3665,12507,6664,train_data/5a156d37f8924518a77e767c1ce47743.jpg,1
3666,8913,25915,train_data/bde63d86042e4b439dce864bac2e7808.jpg,0
3667,19502,31491,train_data/d85b2dfb978b4a1f9c72cb04d85781fc.jpg,0
3668,5438,24543,train_data/d97821929d9c49909c4ce1cc2031c7f9.jpg,0
3669,14447,76336,train_data/8f184ec637dd4ac2b8c82beef5cd66d6.jpg,1
3670,19843,9480,train_data/ee7b68b878324a4d8aaa139319d6684e.jpg,1
3671,2095,33629,train_data/25ef69fd51df48b78b80257d794ae5f4.jpg,0
3672,18245,39307,train_data/4f47d1a7b1824a01a87fff791f23bc07.jpg,0
3673,4610,4653,train_data/7c723b2944c948eba0729e26c4a52b88.jpg,0
3674,18629,11779,train_data/587db1337e1d493493acb733666a6998.jpg,0
3675,3477,74848,train_data/c0d08878748d4d8c9784260107c5d3e7.jpg,1
3676,6919,47640,train_data/2085d16f73354167936ca9591ec8f023.jpg,1
3677,1194,55853,train_data/3d6ca82091d549c796c6281be622b722.jpg,0
3678,2636,76722,train_data/f57ca4de34ea4065bd7098825655a089.jpg,1
3679,1010,14459,train_data/4cdf64874e4f415ba0d73c0e2d3a778d.jpg,0
3680,6198,52586,train_data/f76367d96cf14d8db30a7d72d47a3d48.jpg,1
3681,3652,11751,train_data/c299ae010e8c4599addd1ed93f9f7cc8.jpg,0
3682,19957,57192,train_data/f680ee7d924040de9e9ee5683e13438b.jpg,1
3683,13764,47891,train_data/0250eb07e76d45509f93fead2f120e46.jpg,0
3684,3433,29883,train_data/71911423ce194e299810465613391a82.jpg,0
3685,7983,48675,train_data/feb8d6f18e2b4a30a01db9e2bb7362ef.jpg,0
3686,15558,52752,train_data/ca0df5f68caf406d9fbdb277b112849e.jpg,1
3687,17817,35152,train_data/2ae260d34ea041c48bc4947dcbad5c22.jpg,1
3688,5642,34251,train_data/37ab8e91a9124d27b5404982b5313b4c.jpg,0
3689,7934,34897,train_data/7adfbfc0c8574e5d8cd4a255877652dd.jpg,0
3690,8196,38758,train_data/c1c329cbc7f14e50975acedbc7a3b908.jpg,1
3691,6695,72346,train_data/9c9285629dca4c75af788e91ba136bd3.jpg,1
3692,9585,5038,train_data/698fa424f05d40b786b268fceb7b2e51.jpg,1
3693,900,36238,train_data/8d7011533df84a688d841bd4a213e259.jpg,1
3694,13606,60759,train_data/9a81617600a04b43a215b2cadb8e532a.jpg,0
3695,934,27779,train_data/62e07b4753cf4a24ad0ebb12f6b09157.jpg,0
3696,10958,72873,train_data/b1a6b5e4095546b5a7cf27d7be1fdfe2.jpg,0
3697,16272,53695,train_data/bc01946879ce4faba9593bc5b16c7538.jpg,0
3698,14879,59987,train_data/ee1410000976402da49151d68f4fe71b.jpg,0
3699,7202,8188,train_data/0ed17f7009794da0af28602bda364e76.jpg,1
3700,5683,23537,train_data/bff9e81140df46b78e3731d1ffa29cb6.jpg,0
3701,18324,19176,train_data/370d159406fd4be8b8d74482b81cb090.jpg,1
3702,3302,33911,train_data/6138dac012e047248b6178a2f617e7fa.jpg,0
3703,1343,17090,train_data/44e1af00c068492a9ca9ccbb867ad337.jpg,1
3704,9015,32777,train_data/d444efd73b5d4c3e89aa9628e5fd7597.jpg,0
3705,359,30630,train_data/8e5384fbac72492a9c178a91c61568b9.jpg,1
3706,5384,73334,train_data/d1b374f1a4484b0d84d66ca3d5fd2f8c.jpg,1
3707,9363,9553,train_data/b5ac87b2963c4fad98b4a9ef67e4d773.jpg,0
3708,18382,34014,train_data/45360a254649423fa69ec0a5331b5acd.jpg,1
3709,5864,43439,train_data/0ae9fd212cf646d9b1fa110e6a77e678.jpg,0
3710,959,52219,train_data/d8d92fe235be4b94acde73e23ac902db.jpg,0
3711,19119,7243,train_data/ad2a548f19094be69635c9c557193158.jpg,0
3712,1148,23448,train_data/d6bf7859999a43789fd0a1006b7476e0.jpg,1
3713,2954,23866,train_data/aff8cff9684d48caad1a0c46b2b25433.jpg,1
3714,6455,16993,train_data/1a7e3eeddc4342bbacbede367eab9884.jpg,0
3715,2051,8107,train_data/ad5a6e0268534c7cb6b50bd18a9d6853.jpg,0
3716,18875,52426,train_data/e9cfbfe620e64b10899e049f0be8a1d3.jpg,1
3717,2054,73518,train_data/f74607c555f947788c2a9d65381d4235.jpg,1
3718,7900,42934,train_data/2a7a790f6515485f817fb4bdaf45aafe.jpg,1
3719,2501,59862,train_data/efc83db08f3e4a37a6793932db030abf.jpg,1
3720,8696,71880,train_data/f387fefde3c94d9fbc4addbf3367603c.jpg,1
3721,4842,7108,train_data/858544a50a0543c1aa8ef60cb74f5071.jpg,1
3722,10537,52020,train_data/796a1be924a148928df04f6f49190eda.jpg,1
3723,13437,26202,train_data/85dbca2bda9349528d81ba3afe3c9db5.jpg,1
3724,18443,9450,train_data/54c881927d654314861a34bc9c2f13ec.jpg,1
3725,2323,63810,train_data/ac301d16c31342348a506432921d4045.jpg,1
3726,222,35566,train_data/b77e6a3317c34dfdbb82e2c04ba5ce71.jpg,1
3727,19852,26460,train_data/2848c57da1784936b94fe3a08866f958.jpg,1
3728,13030,57408,train_data/2fdc2655ad954a51a86a731b5f55026a.jpg,1
3729,18428,54868,train_data/232bb71ce23d4cf4a28d588f370e0a69.jpg,1
3730,12858,63567,train_data/a460d75186064bc784088e289029a075.jpg,0
3731,16177,15466,train_data/d0bedc426d62441c978015ee5ca9c1cf.jpg,1
3732,3156,36031,train_data/ae4946bef0984d308ab8840767fdadef.jpg,0
3733,668,45979,train_data/ed2017bb417d4663ae2a514c7ca779a1.jpg,0
3734,17045,39016,train_data/651021a8f7784afb888f9fe4a068f3f9.jpg,1
3735,10630,7873,train_data/1f602cd747fd44f982c551c1409ad01b.jpg,0
3736,4914,32772,train_data/3fdd2f3892204978b1d427666ae2d55a.jpg,1
3737,8287,76730,train_data/dc73f30ecdb44b28b8ee24415c5d0427.jpg,1
3738,10994,74531,train_data/050950a3ca5a40bebb25a75b7f3dd5f9.jpg,0
3739,4881,48637,train_data/00e4cbb96a93472bb33acd1b7591d92b.jpg,0
3740,6775,73935,train_data/e4ad2c87bcd7486090385a16814ff103.jpg,0
3741,18329,67890,train_data/187ec71f4da84492a503a8dc962ee482.jpg,1
3742,14476,56861,train_data/e31be506816d43e1b9550866fd5b90e5.jpg,0
3743,3608,50030,train_data/d8476110217c4ec883e0638fa30ecba1.jpg,1
3744,14831,22189,train_data/77bd210d5f3d4d2cbc8f18d889f43086.jpg,0
3745,8703,61209,train_data/44e52a84bdf140e1a8fa487084cdaf41.jpg,0
3746,9150,18391,train_data/988c047b7b6542779f02634df6e6e89e.jpg,0
3747,12137,53229,train_data/00b038f771974657a4899fce96f5763b.jpg,0
3748,5627,6067,train_data/5389f2a8233347bbb0db6a1ab73faf4f.jpg,0
3749,13874,46749,train_data/bb070f2c092a4817b04c2e2ab8bd539c.jpg,0
3750,13570,1072,train_data/5814b917c9274b8980a25f49af0ea74e.jpg,1
3751,3778,4088,train_data/3ef72a59739047c595544738ac2734ac.jpg,1
3752,7687,33961,train_data/40b85ed706a54b01b59d21e080e005fd.jpg,0
3753,11656,24228,train_data/5b75ffd10d394734be69ddbe5043c49e.jpg,1
3754,17376,79464,train_data/acb7c9d96987420bbc60615d8b539046.jpg,1
3755,13190,22577,train_data/fdf254d18db84c838ee8a122db9874d0.jpg,0
3756,4410,32340,train_data/327a66311d1247a4927e7a920167a7b2.jpg,1
3757,9705,36816,train_data/f8ba560ef3e144788081097cc7202d1a.jpg,1
3758,17809,15761,train_data/471030110e82466ea24ebbc4439a7880.jpg,0
3759,5748,36980,train_data/4a17e2ea22bc47e893af0fa0519bceec.jpg,1
3760,18072,63863,train_data/20544ba576fc4e86937d138ab2311db9.jpg,0
3761,8247,70428,train_data/0125e428e9a04a60bac61176c5d64b42.jpg,1
3762,3776,7158,train_data/91ea3023c81145d3bb3ff495e65235c3.jpg,1
3763,1056,7519,train_data/be766b69e1774bf88e3fa6b9ed0e58fc.jpg,0
3764,9812,61430,train_data/0d851326a2a34b11aa73fe9e79857526.jpg,1
3765,10584,19345,train_data/873443fe9943466ba043fec8197ae35d.jpg,0
3766,19882,57707,train_data/385f872de3004d5dbda7e3568b5e6218.jpg,0
3767,2394,73790,train_data/ac9f0801c0e34cafb81bfd923ae0949e.jpg,1
3768,459,34506,train_data/2986a0f8710c43738680250492b6ea11.jpg,1
3769,18930,59036,train_data/33cb322ddd434a85b4dd82ca35b7999a.jpg,1
3770,17038,23715,train_data/6dd987b823ac4a2a9bfd1382a2c904d1.jpg,0
3771,14168,46829,train_data/4a2b7c7ea24f481cbc11ce0fec1edd89.jpg,0
3772,9276,42834,train_data/d66d0c93406c4f1ab66b2b742ad598c5.jpg,1
3773,13649,45003,train_data/ba40889bac8440698a80ebb630a4380a.jpg,0
3774,15917,13659,train_data/f919b890e80340b2aaa227c901f2e6cc.jpg,0
3775,15750,10877,train_data/8a745a5f950047b0a532a9e3e027109a.jpg,0
3776,5805,63274,train_data/461a76ce97ab4a5999e9b41576b7807f.jpg,1
3777,5149,11890,train_data/0d78b263dd864a4aae0ddd5156854f3d.jpg,1
3778,7403,11615,train_data/942f342a332e444aa5cbaf1e2cba70e0.jpg,0
3779,4519,52554,train_data/37867306327c4e2bb1d9c0dd59c5135d.jpg,1
3780,2157,31447,train_data/c9c5a85fc05d4f909f7b23f0bdeb2b93.jpg,0
3781,10801,30292,train_data/5429a608a53746d08dc25b1f0b256d0d.jpg,1
3782,8270,59341,train_data/fae6ebb2dc8f42e8bbe5be2e62435235.jpg,0
3783,8645,9406,train_data/f877975841434e71813f94f4ff999236.jpg,1
3784,17378,66616,train_data/2c80733a2aba4095821494440901702b.jpg,1
3785,3537,32982,train_data/3531904ed1e1404f8239e4c9c8f0aff2.jpg,1
3786,5207,79440,train_data/bb7e44c3118049bca9bcfbd038900d5d.jpg,1
3787,7477,11647,train_data/4e88176cb0ba46ceb17ea4fb9694a705.jpg,0
3788,9619,56863,train_data/03f4f28cc48d44fc8f6d560cd058dad1.jpg,0
3789,15982,31220,train_data/7af1bfda68864cbd8dced298465523c6.jpg,1
3790,13421,46108,train_data/2adbe3d15c284608aebb8e0a1aa3f604.jpg,1
3791,13313,24697,train_data/b1558fe3ab4b4b469fabcc889db54f63.jpg,0
3792,2746,43503,train_data/25e01b4c47cd45cbbd07258e322b8513.jpg,0
3793,6136,11014,train_data/f886702a42024c9b954dc502a0ba1f52.jpg,1
3794,17489,21055,train_data/27af22b1df59440a943918732f30ec9c.jpg,0
3795,102,29130,train_data/3e9c5f74113f4d64a28a3eae5b613f5d.jpg,1
3796,11250,32943,train_data/8c8462d8d8e74a3d837e8a18d7923426.jpg,0
3797,1661,57405,train_data/18bf69b01d2142409077388fba5eaf28.jpg,0
3798,19109,57432,train_data/c4df74d466bc40c9b8db43c37f1ba1ad.jpg,1
3799,2684,48057,train_data/9d7b65c2b02c4411b4afd0f4e9d82fcf.jpg,0
3800,9684,9845,train_data/31b557d991e94b93a63176d1ef31ff35.jpg,0
3801,17550,19007,train_data/d55d26a5db1b41bc9738868d4e2177ba.jpg,0
3802,16936,74492,train_data/8b65ddc39bd445c4a2a47186cb164472.jpg,1
3803,5259,1938,train_data/ade40ab5aa86444483e492309b6c9ea9.jpg,1
3804,14570,11570,train_data/8ea0b6c9c26d49449725572c872b6c7d.jpg,1
3805,15928,42705,train_data/bf6c8bea9e2545bebd5033a05440e629.jpg,0
3806,1694,36514,train_data/9b788101d85b489a81dee3f157a9c34d.jpg,1
3807,17732,70335,train_data/b571be244dfe46dc8d8c86b5a6496623.jpg,0
3808,1065,15940,train_data/cc60a04243fe4f4887d79941afc394d5.jpg,1
3809,7458,79478,train_data/d919cd637cd84481a9149f1a0f0eb0cd.jpg,1
3810,10415,63992,train_data/426c9f21b4984b4e81db0dbd83066261.jpg,1
3811,8731,56065,train_data/7ba8766bd30741539210943f3d60b148.jpg,0
3812,4024,68420,train_data/ccdb95b7167f4b1690e0cadcf8e360fb.jpg,1
3813,7901,13436,train_data/ba2338e164d241d6a843b7818d97d494.jpg,1
3814,15333,63970,train_data/f9b64b26c86348eaa5ec55d4eb86a379.jpg,1
3815,4622,63364,train_data/dea457f243164bec9be4a44491403ace.jpg,1
3816,3479,69632,train_data/b993c9efc8b74f7bb591e06d96987476.jpg,1
3817,5734,13721,train_data/78e46ae2c341488792a50508c166dc22.jpg,0
3818,6440,22175,train_data/853de84cc0d8417a963f37f702732299.jpg,0
3819,720,63257,train_data/b14087696cf54f109d5d6693a2ad0623.jpg,0
3820,3948,25541,train_data/2d3f21aaa5e442b8874e53271097962b.jpg,0
3821,34,76706,train_data/c62cb86d069149a387d3eb02a2baa311.jpg,1
3822,11548,57876,train_data/121434da68434217b1746f30b5824914.jpg,1
3823,15442,64927,train_data/4c128bd8bde34d8d8c4e9419ccc5f064.jpg,0
3824,2358,16754,train_data/a40f9c92c026410a85d9d739ffe60c7d.jpg,1
3825,11342,31525,train_data/a73b0d6843a24607aad8c88d6b874eb1.jpg,0
3826,15142,43743,train_data/3c29725db12045cd84875657000e4960.jpg,0
3827,19162,24013,train_data/1e743a3da0254a0e88c80aab0ed819f1.jpg,0
3828,2893,39608,train_data/86a2b0700e144c47a2546fe425fddb19.jpg,1
3829,2608,48016,train_data/b9e5f1993615447d8d2ec127a30a2a2f.jpg,1
3830,6275,75619,train_data/e7420a93a9bb4c32a818166c84ee7a35.jpg,0
3831,937,74664,train_data/811fec6a93a94239bd0771bd2590bc96.jpg,1
3832,396,78862,train_data/f4d72cde6fe247d69cd9927ff8b76bb6.jpg,1
3833,19261,53206,train_data/23fad8e218754010a1f9649b67211f60.jpg,1
3834,18672,52139,train_data/957ff48ae70f448087941c300245aaef.jpg,0
3835,17032,8941,train_data/89f02d2a4f404a4286beaab2f63681ee.jpg,0
3836,15119,29637,train_data/74fbe62e8d4447d0b4fb74fc74737af9.jpg,0
3837,15133,60735,train_data/85ba620b587845ba89f82bc87b822958.jpg,0
3838,2134,16458,train_data/a1eae9b66d3f4c0e8d043c48b2a91313.jpg,1
3839,16999,72335,train_data/0ed9323c5fc04a27bf115ac91d904407.jpg,0
3840,7217,79712,train_data/4c94e46ac1914a29b4c2723b5214f063.jpg,1
3841,4488,5026,train_data/e1aa4b77faea45658fb32c7982850f1f.jpg,1
3842,9483,64809,train_data/6f8d59b3b4c244588eaddac437ddfbc7.jpg,0
3843,6983,17168,train_data/54ac6fdab8854f2f9ed2f3afc246aee0.jpg,1
3844,14510,7616,train_data/33ad28de283a42eb87a9edb5d42f8f34.jpg,1
3845,9948,66858,train_data/7a678ea753304fcaa7245b935c3c1663.jpg,1
3846,3119,36016,train_data/f0ee6ada60d04eb9872599fbe646b8fb.jpg,1
3847,17279,16809,train_data/888024283bd7411b9d479678401b20dc.jpg,0
3848,18556,25558,train_data/ce5bb12e83174616bb712dd60165a291.jpg,1
3849,1210,20306,train_data/622783891d0d461587c2b9d15fab4b72.jpg,1
3850,12536,71265,train_data/b6c9e3569d2840f0a152ffcd398cf2c8.jpg,0
3851,17255,69307,train_data/b81b4d6ac6b2441785fd77ab20c82a0f.jpg,0
3852,14522,4404,train_data/688d231b1a8c482e8cf709375a97ac8b.jpg,1
3853,1085,9057,train_data/523d650544f44f289724a497e59c52d8.jpg,0
3854,6491,42033,train_data/52146df233444fc9aa23b2bc7a40eda8.jpg,0
3855,8937,22176,train_data/b587d91d3b8649dbbb3557ea2709e240.jpg,1
3856,5236,42258,train_data/e0c44fe4376b4806a4e39e55ac3546d4.jpg,1
3857,6366,44519,train_data/6dee72cb4db44f9499ac47d43f639036.jpg,0
3858,17522,13523,train_data/fad78e9e49b64b529ff40b7c2ac23b6a.jpg,0
3859,10265,43573,train_data/9560b42840d4453e9de615f537677ec6.jpg,0
3860,18801,62872,train_data/91bb55b4de6d43a5bc073ee4b0773fec.jpg,1
3861,10370,63351,train_data/d0bfcb17a04a43d0909611d7362d5e2b.jpg,0
3862,7303,54373,train_data/90db1deb293f427aa642fab0b4948228.jpg,0
3863,5426,3270,train_data/8621ff7858e346e09c3f4e2e738b4bdf.jpg,1
3864,10305,68471,train_data/0fe1ac7161124a48af54c966d9d31e1c.jpg,0
3865,14301,23023,train_data/061ae7c248dc4ee783d75147c3d7cb81.jpg,0
3866,3379,9826,train_data/0ef91318c9b14473a17920004dea5246.jpg,1
3867,2635,71491,train_data/dd38c87f85d643a6b1754526574b1b9a.jpg,0
3868,19189,19236,train_data/d52f1e5e323949e4bcbcbe322a6bb7bd.jpg,1
3869,1458,26020,train_data/630f3ca44ec642019809dce3478cb871.jpg,1
3870,5787,3309,train_data/77d333e1e74e4e89ac1abb8d8d1883fe.jpg,0
3871,1318,70143,train_data/4a690ded41ab4ea7a8c3a5be1d64a01a.jpg,0
3872,1769,42106,train_data/8d4eb98b2c574a1fb806aecf35579cb1.jpg,1
3873,6601,79538,train_data/4240649ff6254636a5d7e1cb99c6c8b6.jpg,1
3874,10443,39863,train_data/b23364f73f824c40a72e2297ac51f8b7.jpg,0
3875,10282,68223,train_data/1d41c3e2359f43828a5b5f22f3a0ae4c.jpg,0
3876,5995,60240,train_data/2a7bd15c858645458e8595096ec9d78b.jpg,1
3877,13867,26869,train_data/5ec8e00f49094935b9cd053acac5a841.jpg,0
3878,2583,10955,train_data/ddafc4cb806b4e29a3ad5e1674c4bfc7.jpg,0
3879,14985,47789,train_data/47493064f8864c869017a54bf16da630.jpg,0
3880,3609,76497,train_data/7ee8863d89424f01813c34c4a6ea83d2.jpg,0
3881,3334,38700,train_data/c100aec6f5954638a02016b9a2d8338e.jpg,1
3882,8030,75987,train_data/ba5f504f491c459e9f422069026787ca.jpg,0
3883,3562,62246,train_data/0047bcdb48634ca98394d6615b88be03.jpg,1
3884,14338,10193,train_data/9bfc399a42b044e5a6c0a274d9de82e9.jpg,0
3885,1475,9100,train_data/4ffa1020c4f5483995796738ff027286.jpg,1
3886,130,49246,train_data/49521598010f45f8ab9ca668dbd0f27a.jpg,1
3887,10734,35154,train_data/dea7d9f3c71c4f5983d0057e55b55cf6.jpg,1
3888,8390,60284,train_data/f64dc0f633b642378bcf358ae498b0d2.jpg,1
3889,17267,60723,train_data/a80b27e83d0b41e094246e29389aed71.jpg,0
3890,19661,14993,train_data/c3635afa2c5e4bd7a0e9e628c17aca32.jpg,0
3891,16980,75192,train_data/d86ee2db33284abfa1544593b0d7fe5c.jpg,1
3892,8969,47022,train_data/c246347444da4a90966d4e46f8b9c539.jpg,1
3893,16938,38093,train_data/e068b0be95bc48f983f9297ac58544e9.jpg,0
3894,2751,61073,train_data/04e277cca24b437793ecdb46a17e4f38.jpg,0
3895,6920,54429,train_data/b4cb3c3c8458475885f3dff69fc7401a.jpg,0
3896,4836,11417,train_data/83e1986f96604781888517d7c12404ad.jpg,0
3897,10755,25283,train_data/08590438da8d4f9abf0ee9657f2eb71a.jpg,0
3898,4680,63089,train_data/b637c980477f4012b80a05d314c7b385.jpg,0
3899,1825,17075,train_data/428645a458d14f779e73d74512a6f48c.jpg,0
3900,5019,58252,train_data/bc96dadf379b4c42b8ad9fddefd968e7.jpg,1
3901,18607,79896,train_data/9acf435384764c7e817b4098e1932f6f.jpg,1
3902,339,30770,train_data/3e89491f65c24386ad3767be5149ff72.jpg,1
3903,7087,7294,train_data/3bee8b08d1534489a7348e84eb289496.jpg,1
3904,17475,37732,train_data/3e7a1cb05cd0459fb54d458a487a4e39.jpg,1
3905,9575,31388,train_data/3822fbbb34a345b6910a587fd8eed85b.jpg,1
3906,10500,32738,train_data/a81d854295314ef38a859f9830277a7e.jpg,1
3907,5394,11348,train_data/cc5a916e846f4167918ad709cba66414.jpg,1
3908,14703,71555,train_data/1d42e1acdab74132a84ad3fa0426ffa5.jpg,0
3909,8115,64651,train_data/7a11e6449a534da8bfb84f1fea80a296.jpg,0
3910,4119,64076,train_data/c25a9ae188df4ea5a9041fdf02bdb92c.jpg,1
3911,4420,44100,train_data/68ee180896454b6da1a30b810dcb18de.jpg,1
3912,8525,29660,train_data/9a7802707f9b45fc999286d8bdc8de1d.jpg,1
3913,13189,50765,train_data/b6278f8169214ad289cb03f0503e877d.jpg,0
3914,2216,524,train_data/5d36335042134f4c827acf4622a3e298.jpg,1
3915,16835,70928,train_data/58ad7bacc5be46ccac3afc1cd4bd5098.jpg,1
3916,2995,3767,train_data/2cc06f71261740ba8d28e9daecee7f11.jpg,0
3917,15103,74399,train_data/9fe17f9a6b1846e5884a5af3bc231b83.jpg,0
3918,11474,69260,train_data/860a33aeea4546c688db724878daeb09.jpg,1
3919,16719,58003,train_data/58c6768f7162495580158e082e17ffa4.jpg,0
3920,6223,19609,train_data/5718c0d81e8247148d2dab23e2f80a1f.jpg,0
3921,17979,25064,train_data/6017358e8a524fa1825f7221a6629f94.jpg,1
3922,12801,37812,train_data/faa93ece57fd4ceebd1687216993191b.jpg,1
3923,15004,49369,train_data/e8bb301b231947ce820d47b58f693a0e.jpg,0
3924,11487,53033,train_data/b2772daf776f4f46a3b553fb1ca6e0db.jpg,0
3925,4046,13296,train_data/76e185b3ea8043e28bf90b3ba43d9da6.jpg,1
3926,8468,72947,train_data/088aa060caca43bc8fa6238a4cd26e21.jpg,0
3927,15939,68145,train_data/b60790685bce41cb80f0c1ac2853675c.jpg,0
3928,9610,41370,train_data/79c3d044bb70449cb0109fb365fab8b4.jpg,1
3929,655,77598,train_data/b52883e607d44a6c8dbe1d2c7cf8bf32.jpg,1
3930,8292,56368,train_data/c3ad25801deb4181ac96445457fa404b.jpg,1
3931,15401,33931,train_data/6843f6c5322441eba289e104222aa6d3.jpg,0
3932,2589,20280,train_data/a6bee1a81f394ad99942ea599139fd78.jpg,1
3933,5537,2298,train_data/ebcb1f563cec41c4bfc46b11f088f34f.jpg,1
3934,15605,35826,train_data/b6deed457ef543b5a633fb74791b39aa.jpg,1
3935,19608,32754,train_data/321d9892905d4a708cc97dd47a0479bf.jpg,1
3936,3350,64475,train_data/a6256ba1ea304e5181a0269cb1461913.jpg,0
3937,7267,66976,train_data/5c576cab03d94c3f8644835539db0ee4.jpg,1
3938,12334,33018,train_data/3798138aa5814923bc03b4d7ea6616de.jpg,1
3939,19016,61302,train_data/9be4ad1f225f42f3aae577b9db1eb7bd.jpg,1
3940,3223,28413,train_data/c67f8197ebae4772bd4ffd03b1e2c660.jpg,0
3941,16887,56755,train_data/7b3599d09c754b5d987887bce34347a0.jpg,0
3942,16851,12900,train_data/354ae786ecf7406ea9d3550c99378299.jpg,1
3943,11043,57381,train_data/826dba8a006d4d2d8994a95c28101584.jpg,0
3944,8066,28406,train_data/fc657b7606a647f29b86ad71c355b392.jpg,1
3945,3615,19669,train_data/aeaf304bf5f5435aa51202d9861d6ffc.jpg,0
3946,13953,50894,train_data/8f73354cd04d4533a6fe7d7612100203.jpg,1
3947,449,34663,train_data/93824a8070054e418c72a2781db6589f.jpg,0
3948,10101,73804,train_data/5abb4e79e5d34ec8b300a4a3afcff321.jpg,1
3949,10030,60374,train_data/eeb5c7caf9734cbdad77c8057a6eaeae.jpg,1
3950,15269,66773,train_data/998429e2571e4c0aba11c1ea297a62c9.jpg,0
3951,10146,53316,train_data/8c0e2f48eb5541fc84b239166fb220a9.jpg,1
3952,6390,52472,train_data/e3db67df6fb443798ec99b71cca70cbb.jpg,1
3953,8686,7383,train_data/f0f0a9323aed4f608edbe585775e000f.jpg,0
3954,19461,6872,train_data/9b955482d04d4b22b90283e8ad6d7b9b.jpg,1
3955,10528,24208,train_data/025db9708b7a41dca17531347c6a503d.jpg,1
3956,5800,25462,train_data/389438c20db44126835668e757611266.jpg,1
3957,535,39371,train_data/b85c81a742c04ac8ad98af21f8a5863f.jpg,0
3958,16862,3928,train_data/d2c4b5a768344c42a4bf70ec957b09f5.jpg,1
3959,7516,15681,train_data/1d1827c1da2c4a72aac196885a6e6622.jpg,0
3960,5553,50215,train_data/81d089aad3704d29a319a4c82cc8d4ff.jpg,0
3961,8885,32967,train_data/3a1d5e6eb31d4885adabb4be0861d37f.jpg,0
3962,2425,34267,train_data/f3b5114cf3a243c5891d54b8df6fb79b.jpg,0
3963,1836,42812,train_data/faaf7e4a82094ac9bce3b05b83202878.jpg,1
3964,9566,51621,train_data/a748e7d21551433bab770b66a1b773b5.jpg,0
3965,4731,66106,train_data/a624154ed7fb4ed9885c616e91f38e47.jpg,1
3966,4630,53722,train_data/327bcbe6d2ff43d6ba2d3eaa7f01fc07.jpg,1
3967,7443,76348,train_data/4e6bf3d7460f4f398c4dfdabd9001f69.jpg,1
3968,7590,36194,train_data/3688bbf99c684c969771cd9d0c08bf87.jpg,1
3969,3463,9897,train_data/bd35c7c29bb14d00a40638c08fa074ec.jpg,0
3970,13617,32594,train_data/b2906e18f88e4789a30e4decf1a344e1.jpg,1
3971,2680,50162,train_data/6195510edb0f49cdba6d801d4dd59d2b.jpg,1
3972,16897,3994,train_data/379af48fe5ac4f1b9eceeafb78138a58.jpg,1
3973,9392,41292,train_data/50a9568b9bb04bdb9072be48d065340d.jpg,1
3974,1890,49142,train_data/074e7738b2344e23b67fb1fb26ea2ed4.jpg,1
3975,1038,36357,train_data/51a6cf11b0a34678b2862f4bdcab8246.jpg,0
3976,5351,73555,train_data/1f9c3ab6e1304091a1db78fd61bcc4fe.jpg,0
3977,13855,25952,train_data/78757d57d9d84300b743ec56eae61984.jpg,1
3978,14306,51420,train_data/0ca99d36b9d04daf8cb033394135e1c5.jpg,1
3979,11813,1566,train_data/95874bceddf9490face7e448682fbde5.jpg,1
3980,15027,40369,train_data/130217347db3452b96af895861d7eb51.jpg,0
3981,1870,78525,train_data/a401b750d33c496f90f053f7a915abe7.jpg,0
3982,10796,16039,train_data/0b058680906b40c3a0700fd4b7220892.jpg,0
3983,8020,57307,train_data/8f015a8e90ae4044b0374bce12f2f434.jpg,0
3984,3728,33574,train_data/41e5082c648f4ab98c39065a9416c59f.jpg,1
3985,12873,64109,train_data/c93e324f269242c3b5f0f5c06571a8d5.jpg,0
3986,4230,73008,train_data/969d6f371a154997b987508b557f742d.jpg,1
3987,6132,70379,train_data/6cff8f23e8a84f3aad44bfe8beaa825d.jpg,0
3988,5736,29115,train_data/cecbbf9bf9d3495da3a78133401da3fe.jpg,0
3989,1688,77460,train_data/40a137b5ac1844af931fe71caf0e1ce8.jpg,1
3990,18859,17307,train_data/37d49dc105d14b66be0c8b8a27d3fc95.jpg,0
3991,11341,34231,train_data/1924109c64684bcfb1ae1d672605f7ca.jpg,0
3992,5248,47961,train_data/cefd3c54c3b64e14b6880fa543eb4a62.jpg,0
3993,11418,74440,train_data/ee476f02ab7d4377afcf444394f6ac27.jpg,1
3994,196,9753,train_data/bc28d269ebda4a0b8d4ae1a80fa9d2fd.jpg,0
3995,518,16266,train_data/433513e9252a497bafd41a49d80d23b8.jpg,1
3996,4653,32848,train_data/5b58172d99d647609ec4bff7e518d3f2.jpg,1
3997,5762,5711,train_data/e2ff6657d3214590b493a1b2e7078a2e.jpg,0
3998,16800,6701,train_data/75bef615c0e4418c91cb8d24d72e6132.jpg,0
3999,12663,68901,train_data/505e476ab68c4d989e353c9d475013fe.jpg,0
4000,841,69164,train_data/97eb0348f560458b8d2c0a2539555e08.jpg,1
4001,6069,9467,train_data/fee1a538623c4594a83315913c38ddab.jpg,0
4002,7762,73069,train_data/9ad42494b5584c39ac37da6dabae1138.jpg,0
4003,5163,784,train_data/9242329ab7684a4dbab3659d962b5c3b.jpg,1
4004,19933,73370,train_data/1bf78145e461481cb68dc6de4261c160.jpg,1
4005,11055,32315,train_data/5f08c298209441e6abe1ffbcd1eaaf17.jpg,0
4006,15904,25707,train_data/b0747405e611489a866503b6b252e032.jpg,0
4007,16516,47141,train_data/62d2b573567746b28d80e2c224ff3126.jpg,0
4008,4462,26252,train_data/ef578e2dd74141bbbe5be5366031c745.jpg,1
4009,17295,62472,train_data/d1c8256c4df24b798bf3f78065ca6652.jpg,1
4010,19630,38301,train_data/91c84cbdcd054a638207178f246e48b0.jpg,0
4011,16498,21733,train_data/dc7a68bdfb1749b98ad57787f9e3eb71.jpg,0
4012,11091,3737,train_data/5e074123eafa4160a18e35965f412451.jpg,0
4013,454,70053,train_data/ba52e4c38c694e27b6e2058f3f99de8a.jpg,0
4014,17814,5501,train_data/59f5d98a1de143c0921419c61efeed0a.jpg,0
4015,18208,38950,train_data/46e574ee3263437886523a641421bb67.jpg,1
4016,2862,38855,train_data/b71d642e01bf4c768a70f493337ed3b5.jpg,0
4017,16543,30157,train_data/994af7f756e544a4877073b9a907acf5.jpg,0
4018,3852,32452,train_data/564cea53066e4161a8b5de2d1e944803.jpg,1
4019,13781,2916,train_data/7e6a1f09b45c4927b3c4925f0a591f2d.jpg,1
4020,182,13212,train_data/b47738851904454f8a6c0dc42405b7ee.jpg,1
4021,9163,4394,train_data/b61723845b834d6dbb8a7d44ae147efb.jpg,1
4022,8781,51054,train_data/7105d99f107a42e2891ddb36d636ef68.jpg,1
4023,18953,874,train_data/c7f87020e0ac437e9bcc41042c82ce65.jpg,1
4024,2522,52636,train_data/da59b21a79f94469b29e17862c5813df.jpg,1
4025,16243,44668,train_data/552b2f301b6e48caa86da3a72cdb8283.jpg,1
4026,12573,24876,train_data/106b4de9e16b4e2d9eb4ad96e656e35d.jpg,1
4027,13936,71003,train_data/18e2f5e3c69a431b88f15fd7c8ba810b.jpg,0
4028,19434,926,train_data/4ad5a6ef60e54f179e86bf5d6cc34960.jpg,1
4029,99,79142,train_data/25bacfd478af4e65a18350075361370e.jpg,1
4030,18327,1486,train_data/f0501030974241c19b7d37fa96fa8297.jpg,1
4031,6029,42313,train_data/7c5d20d042144d3693b41bcb1da51efd.jpg,0
4032,18371,5536,train_data/d287923ed7d14e488cc0565fbc1f4d7e.jpg,1
4033,10044,59906,train_data/b5e59723ad564f9e917d8add941b84f3.jpg,1
4034,18268,29804,train_data/66df0acb5e7d4a63b47c3fec62e088c8.jpg,1
4035,5026,23767,train_data/cd6c060f800f4923b9f0c0ca87861dd0.jpg,0
4036,12847,44869,train_data/2c5f4d914f9344edba085e37bbe375bf.jpg,0
4037,7784,20847,train_data/470be1dc267e4d89ab67ba5350964e06.jpg,0
4038,9983,45898,train_data/159609d601f04718a9460f1d640a3cb3.jpg,1
4039,15459,65393,train_data/1b8df06aba4144189a42457b319dc0ce.jpg,0
4040,14989,78548,train_data/d92341cad0a34a8f8f19619e87c1161d.jpg,1
4041,4730,56935,train_data/87d87eea32074a2795a8025bc02d54fa.jpg,0
4042,1707,65099,train_data/eaa6b33929e94d64931b6d08cdc8d846.jpg,0
4043,254,40545,train_data/4cdae556281e46f7baad722e7ba1638e.jpg,0
4044,11796,55662,train_data/09cb949a08d24889adf7e4fc3d2f4b9c.jpg,1
4045,5786,79224,train_data/2d93230ecf4049788060f5987f5742a0.jpg,1
4046,1302,45907,train_data/4018304a5bb24e1880610110006fd95b.jpg,0
4047,11366,13912,train_data/b7c299fc5cce40658e7d00fd7b7222d1.jpg,1
4048,13163,59540,train_data/23abd76a03274ab3a809d6f298f165eb.jpg,1
4049,7580,50005,train_data/88fff594aefa4378b48a74b440cfef19.jpg,0
4050,15771,12490,train_data/76fe44ed742d495799bd8aa6ddd98950.jpg,1
4051,16912,49913,train_data/d41af2d05a2c45e88df57fa882341c01.jpg,0
4052,14807,9830,train_data/c9bfdca29d894fd8bcfcc9f1fc29fe55.jpg,1
4053,3930,46952,train_data/9e61b0cdb4c94213ba1febfcaf4faa33.jpg,1
4054,13817,37457,train_data/40294c84b567409caaae3d6f097cf4da.jpg,0
4055,7300,79486,train_data/60a34d74492b496698e07eae35f29ff2.jpg,1
4056,8813,27125,train_data/2b84a61ea0e7430695638283d5be8f21.jpg,0
4057,933,12351,train_data/cfc02d65b6f046b4bf95c851a8729560.jpg,0
4058,259,347,train_data/437af1a57e084aebb339a520d9339be9.jpg,0
4059,9068,75791,train_data/a158432bec664f04b60927c04ab1c914.jpg,0
4060,13733,43551,train_data/7ef26c4ca2ac4ab38db7061b0b52f76a.jpg,0
4061,15227,2168,train_data/7e94f1319fc04b448cc2e4dde5e859da.jpg,1
4062,2518,3208,train_data/8a0e2cb5a6d5441a9b53ae5e6947ce2f.jpg,1
4063,14670,3935,train_data/78d4a51dad014cf29b2291ee2f9e2bfc.jpg,0
4064,1373,75224,train_data/cea1093051ba4578ae650bc953261ee9.jpg,1
4065,5459,43946,train_data/3776954503d44b288b8130c40bbb15f8.jpg,1
4066,4048,26908,train_data/6d472de4b1b44118aa4cde76e4541d65.jpg,1
4067,11699,59462,train_data/b9d182509a094bc89acc7585729aa75f.jpg,1
4068,9922,48676,train_data/aad87df54e16469c8a6c23e5fae61a11.jpg,1
4069,12395,75531,train_data/db6b20abdaa74a438a2145a66ba2de38.jpg,0
4070,2009,25716,train_data/ff2b804f2c3e48129a4f1cdfaeebd01f.jpg,1
4071,9938,62546,train_data/d0e6e209d49c4225abf6094cf19f6e6b.jpg,1
4072,7152,48757,train_data/e4a65d9f801b44a5a2538156b829a19e.jpg,0
4073,12283,4846,train_data/865b487055884665b3368f199b698c04.jpg,1
4074,3950,33972,train_data/5bb9b42fdac746a38be79c5f7b13484f.jpg,1
4075,18310,49715,train_data/04c94fa8a88f454693e25f9db21fe066.jpg,0
4076,5203,44998,train_data/746c125633904f06847e7330a770614a.jpg,1
4077,2912,4679,train_data/dba2dd9ec1ed4c5ca2787328ad287636.jpg,0
4078,15191,33441,train_data/863be8ae54ec49e3ba20abf6401a330b.jpg,0
4079,2874,67120,train_data/3461077da1444878a8960431f7680b7f.jpg,1
4080,16529,33184,train_data/b11ea26ff47c43d8987650c327481371.jpg,1
4081,11507,10585,train_data/029e0f8b14264b958bbcd08a5cb7f49d.jpg,0
4082,1037,32027,train_data/0c14a1e910a945da8bb7e5357ed2c1db.jpg,0
4083,19649,58426,train_data/e0a0975c517a4482aac9cd59414837a2.jpg,1
4084,2704,25484,train_data/9daa14a918f94c79ab02ec5066b1ecfe.jpg,1
4085,11921,19872,train_data/dfcf017b84c0400cb5cdf118745fba33.jpg,1
4086,8801,53142,train_data/a9e5f981bb9f4840ae5a8b2c5ba81b50.jpg,1
4087,10384,62854,train_data/d7634a2a3ab94285bfcdcef2e219bfe2.jpg,1
4088,18996,74590,train_data/b50121b3f9ca416b9126092631a3e289.jpg,1
4089,9243,34878,train_data/907e9772e96b48f3841dd185ac7de406.jpg,1
4090,13831,40512,train_data/3437ceb4d9244768bf76cf41a8bf2cb6.jpg,1
4091,18167,5227,train_data/b43892e9726e450487644c6b4995a032.jpg,0
4092,9066,40973,train_data/48efe6c90ce3467686e70d15d82eee18.jpg,0
4093,6661,52272,train_data/470291fedb534d428ce12191300ee05d.jpg,1
4094,2848,46592,train_data/6bf0e8f4fa874dde8b74d2358c414713.jpg,1
4095,9978,4197,train_data/18665f7dda004fb8886d6a8b622cd91b.jpg,0
4096,11830,78052,train_data/424706eba6f945c39ed8af018111f6ab.jpg,1
4097,5980,29578,train_data/5f4a6a63c5aa4223958e859c8f85cded.jpg,1
4098,14396,71669,train_data/051649bfae834ee3ae4ecaceb5e1aca5.jpg,0
4099,17126,11056,train_data/37830eb856b94ed8aae9ea2a77852f70.jpg,1
4100,5758,478,train_data/e379e4532b8a42cc8b9551ba5720834e.jpg,1
4101,10597,21189,train_data/9aa1539cf2d3422781c592f4f8af94cc.jpg,0
4102,8291,65062,train_data/7fe15948738940a1988794c85eb67df3.jpg,1
4103,11290,21590,train_data/dae2a09646b24b279e31beed08617ac8.jpg,1
4104,8552,78941,train_data/6771a2bf4319451ab57614c668861ee5.jpg,0
4105,6494,14320,train_data/fa5ce2dca5554b998dfd0d974cce118e.jpg,1
4106,1540,16344,train_data/abc15dd2731d401c8656d3cd8720232a.jpg,1
4107,14860,24739,train_data/c832de223a9e4ab1a2a60fabce0e8853.jpg,0
4108,2697,21361,train_data/2f3793db90bb4455afb8b4c13962f579.jpg,0
4109,2286,18329,train_data/a4783e89f1d04f11a7a804123fdbf2e2.jpg,0
4110,12446,6676,train_data/c3a17ec33d2f4a2a9f399599770166e2.jpg,1
4111,9123,69049,train_data/cb72b989bf014a839880e4c4b2d898c2.jpg,0
4112,13454,6705,train_data/b6683f5ee6cc4c5099a7b12f2767dc53.jpg,0
4113,15081,2511,train_data/706e3efbfa264819b6d4d852c6dc75e6.jpg,0
4114,15025,58709,train_data/edb1b13d14cb40e08901b5888b3eb578.jpg,0
4115,5702,71359,train_data/f8d64306caf74c69bffa41eeb23b34b8.jpg,0
4116,6497,36990,train_data/60c3a3eb742845459837dd87e1bc3e34.jpg,1
4117,8700,37937,train_data/8fe5418c1f284365bf811752e0e52a52.jpg,0
4118,11251,79130,train_data/6a46a783ad2549748b41eb1a283afa9a.jpg,1
4119,9042,38740,train_data/0382f366bfdb4036b267605223aaaf8e.jpg,1
4120,15055,4875,train_data/7601e726d4be48d4a08015334cb10ad4.jpg,0
4121,16928,65068,train_data/169d3fbbebb9418595895a2ed8d2e628.jpg,1
4122,18442,30687,train_data/4521b7da5b0846228cbf4ea086309f40.jpg,0
4123,13172,74903,train_data/716aa3a9d9a846938378114c10ffafb3.jpg,0
4124,1333,6270,train_data/fdcc82ea5fbf49829106607324464c78.jpg,1
4125,15885,56145,train_data/779295c6a21b4ace9101e7b0fbbf792d.jpg,0
4126,13597,65675,train_data/842055256b094d79a12c7a987adf8f44.jpg,0
4127,9994,29359,train_data/d58bb7493f014100948564416ff506fa.jpg,0
4128,13212,73323,train_data/f3d002f1c9c6432a811df70b768fc5c6.jpg,0
4129,1984,44395,train_data/bfb4daf23737426aad4f5dfc930d4312.jpg,0
4130,4720,63701,train_data/83edaa9162de42db89b384c5cf6d4454.jpg,0
4131,2435,69113,train_data/c020e29213404d0e863e2c7edc795cc2.jpg,0
4132,9469,24251,train_data/26d6d5bdced042b29bba327841a93d1d.jpg,0
4133,14227,8721,train_data/82c5ae121a4a4aa2bd69bda693c5eb2f.jpg,0
4134,15237,61616,train_data/6fa81555107d4146ae3f08b613ca9eed.jpg,1
4135,11352,30939,train_data/2910c7cebdcf400b8bd036e2c8c0b931.jpg,0
4136,13603,47666,train_data/87fb63aaeb7142e5895a7bdb7a1dc442.jpg,1
4137,3920,56052,train_data/eb10fab26ed94f4882b617b00162e09c.jpg,1
4138,17843,48958,train_data/fa5b72474ef24559a556922acab9185f.jpg,1
4139,17270,60720,train_data/d7e1635b2d694c8ca2e05f64ba07c319.jpg,1
4140,5352,79172,train_data/7c83cd0bd14a40aaabf537e5b7418c7e.jpg,1
4141,8421,14188,train_data/1e7f284c6e8a4137be2aca78f22aaa3b.jpg,1
4142,10080,29175,train_data/db2ec62324c14311855457ca38491708.jpg,0
4143,11313,35403,train_data/ea3193d544b5428bbed9f284fdb450f6.jpg,0
4144,2813,77420,train_data/5f663fbc6fa1421e94bc203a9e006a54.jpg,1
4145,7476,77384,train_data/637f0bf2dc2249fa8a00ea720d93b16a.jpg,1
4146,536,21289,train_data/41dbf65a60d24b64a8a4fe397b665c0d.jpg,0
4147,6134,74361,train_data/d12881e840f64280af6243ad6e420872.jpg,0
4148,1139,69055,train_data/4a05e3c1abb348c7ae47f248016cdfcb.jpg,0
4149,4116,25175,train_data/c8d996c060404af1afd6e6e294dda5ec.jpg,0
4150,11090,4181,train_data/d6f4abf922314da7bdb0f086e36b6530.jpg,0
4151,6024,45697,train_data/30378d4f5288455a9b31848ce724ee0e.jpg,0
4152,4751,15320,train_data/03bf377803414453a1ea5b8a5883f8f3.jpg,1
4153,617,36047,train_data/d09f308fa33849c39219f6a32643a271.jpg,0
4154,1310,28144,train_data/d0651020f6cc47a98ac2ea63ec3aa6fe.jpg,1
4155,19804,23532,train_data/6b9a3f5a46b04c65b27a147b28c83812.jpg,1
4156,16801,57947,train_data/0436e3bf1c9f40c8b893c153050aee7b.jpg,0
4157,3251,8517,train_data/684f81191844430f97722161ef704e7d.jpg,0
4158,3547,68298,train_data/5bee5ce3a6614a42b4278897b0c5eaf0.jpg,1
4159,5217,20397,train_data/9ceda55aad094339bb4baba41da9ea61.jpg,0
4160,4909,10028,train_data/5ceb9621dc4d4db990508ad62afcf815.jpg,1
4161,9854,40844,train_data/b51549ad877b468bb578f1d3b6be75f8.jpg,1
4162,16885,60954,train_data/791c2b9fa8634639bde1c1cdb2814790.jpg,1
4163,4989,76089,train_data/4f83b23be26d4297902ba7616225642b.jpg,0
4164,16245,44820,train_data/92df19993f614e6a811a9fad15c5188e.jpg,1
4165,7698,67331,train_data/1ac5de5b1c7c42caa9010b95e31318c2.jpg,0
4166,7779,27159,train_data/506bda37649a4630a020a756d178dcd5.jpg,0
4167,10090,29296,train_data/1ca7f28ef5a74a9f84872ed3c7ebfc3d.jpg,1
4168,14791,58892,train_data/c2b2337f8176462fa451d532476137b5.jpg,1
4169,1121,2592,train_data/ee6d9e228acf4d8a8ddf985dedb08520.jpg,1
4170,2656,38055,train_data/2b82347d48ea4e36a9a2ca5ec591dab4.jpg,0
4171,3478,10424,train_data/d4c28a2e33bf4aac99449ab5f9322055.jpg,1
4172,14386,61466,train_data/38a0f4c7b0254af3b7abd626c98aee05.jpg,1
4173,12434,41089,train_data/79d1a7aab7ab4e0a82481960cd022fa7.jpg,0
4174,17452,69685,train_data/cda5645f063b4b9aa31782f9ef2e6ed3.jpg,0
4175,17959,49032,train_data/2ad1d8eb69b24597b1982f914ee3dc38.jpg,1
4176,10604,26142,train_data/fbd8fee800664666b5680756092f13da.jpg,1
4177,19974,45317,train_data/aed5e02f3e7a448f91296b83ac85ce73.jpg,0
4178,3526,632,train_data/0866ae705480439faa13ad53e4269919.jpg,1
4179,1835,52804,train_data/9c83e79efdf84a25b976261fec2e4e8b.jpg,1
4180,7638,73564,train_data/a32ffbc9ea754af681324804cb072c12.jpg,1
4181,14436,50148,train_data/d55dba4f22ef446db6d9346fe70b8670.jpg,1
4182,7738,77286,train_data/ab8255f084be446aaf79daf7510fa9f5.jpg,1
4183,1042,22809,train_data/87db6c987dcc445fba6679cd4b2f86c0.jpg,0
4184,10325,71794,train_data/72fc6286c1d241878ec016acb425b10c.jpg,1
4185,13196,78176,train_data/0061ba871fb34711858741c63e8323c3.jpg,1
4186,982,66658,train_data/c856a0f3b25f46a589a2640a23e4a936.jpg,1
4187,8506,29781,train_data/09da281249da4f6a8fac419c1ebefa7e.jpg,0
4188,11476,54932,train_data/892ef64f4af14e7aaaa539b6cc306f86.jpg,1
4189,14842,6841,train_data/e09ead5b3e9841789566d26cd741b2a7.jpg,0
4190,7596,50132,train_data/8a73d57ae4174384aab809d9abc5eaa9.jpg,1
4191,5046,79607,train_data/f840e8bafdbe43ccb8542cc76ab14418.jpg,0
4192,19151,5955,train_data/178fafce82ba4e11ad7e05b665ffd3b2.jpg,0
4193,377,26494,train_data/44defa16ba2d413aaabbd1ea2c9755ff.jpg,1
4194,357,35782,train_data/f957d8d300704e789a2fc9720dcbcb0b.jpg,1
4195,12606,69151,train_data/78fdb48e0e974715a9f0033e9d508d13.jpg,0
4196,7794,53905,train_data/685af61a8cf24715ab78c4bb5dedfcc4.jpg,0
4197,17925,6707,train_data/ac639ee1f55d4c53a1c16c79dc78f867.jpg,0
4198,10855,74340,train_data/8c93f5a01f4a4753b8b02843d8235010.jpg,1
4199,7353,31779,train_data/a38aa80831074131bf6c1e452c6228d0.jpg,0
4200,14267,39466,train_data/a10376b8acfd407cb80df9cdf00bf29a.jpg,1
4201,4252,5223,train_data/f07db65904dc40a8901d65d98cdb8e0b.jpg,0
4202,18452,14127,train_data/902bf9db61e940eb9118fe25822a5a0a.jpg,0
4203,2234,75208,train_data/f1677412a3374fdb81666b2aa23a1e80.jpg,1
4204,11098,67564,train_data/95c6fd93b4a44003986cfd4649baef80.jpg,1
4205,14174,36574,train_data/c13b7a596ab24181887c6c958e2bcd2c.jpg,1
4206,16434,59936,train_data/81ce4506a2e74795884b146985f2f35e.jpg,1
4207,19103,72568,train_data/67acd51d0d474ca8870dcd0b4de092c5.jpg,1
4208,8248,34041,train_data/4e099c47d81f495987b900de71d41382.jpg,0
4209,8604,77330,train_data/da9053e32d0f4855a2e920338c40d30d.jpg,1
4210,17682,2778,train_data/3872a948e98e4ecb839667aa7791c386.jpg,1
4211,18995,41,train_data/ab57b4840461487591c5c8f8769567e6.jpg,0
4212,13451,1632,train_data/7a1d6012d34b4742a735107f8721d0be.jpg,1
4213,16145,18858,train_data/a656e76ae3d94a51bbd32ebb9c585a6c.jpg,1
4214,19487,4327,train_data/e874f00af0584685969c2c95e773b4aa.jpg,0
4215,9093,49652,train_data/80608efe4e484e00bb8de0692790adfa.jpg,1
4216,2718,26698,train_data/ddd2567a1e9d407c82bfd649c8fe6ad3.jpg,1
4217,19834,32109,train_data/61982128fcc24f64bad3c9202fa73b29.jpg,0
4218,1256,48035,train_data/0060beeb621044fc9d5aa139a97fed00.jpg,0
4219,2640,59878,train_data/43132576d86e410491fe09904f7b904d.jpg,1
4220,2652,72775,train_data/7a64968f3d0a484986693b13ddf76980.jpg,0
4221,6062,56287,train_data/070111b4665d4980a61a499d0aa1076d.jpg,0
4222,4404,76324,train_data/897c2a2b8aeb4afd9b65ccec99186393.jpg,1
4223,11717,58909,train_data/456832f26c2a422ea98f5e9e1f62fec7.jpg,0
4224,13432,78331,train_data/ef41c205cdc14deb9ed02af551adcd6a.jpg,0
4225,1336,54899,train_data/4ba2d30274554ecfaf069f9aa037fd25.jpg,0
4226,113,957,train_data/6bc16eac0f354aa0aeca2cac58992f67.jpg,0
4227,15464,31751,train_data/7f8c621875fa43fda372a20b08013378.jpg,0
4228,6415,33789,train_data/1d36009478c34461a8ab364ac4ffd413.jpg,0
4229,5576,14504,train_data/67503ede44114cb688cd0c5fcb8adbea.jpg,1
4230,17307,18566,train_data/0afa742175f04efeaf009f75f0593491.jpg,1
4231,11446,16106,train_data/fd52c2b35c604e3191441db8fb15171f.jpg,1
4232,13088,64413,train_data/798c7638f2ee4613bcd821e41d5d925c.jpg,0
4233,4602,32605,train_data/92689153a2994601b83db12ce929495a.jpg,0
4234,13642,50282,train_data/d4c8e8b443784e6bb076ba2e82e9984b.jpg,1
4235,4336,64831,train_data/9fbf17cce52142ec9c57766cb6a911e8.jpg,0
4236,6536,2286,train_data/ae1cf8fa22bc4a6f9e60a8f1735b8685.jpg,1
4237,380,60738,train_data/8517d71ba3f74e00ac654050af9ae935.jpg,1
4238,4832,39538,train_data/37ce5a329b9547bb876bafca058b03cf.jpg,1
4239,13608,50247,train_data/6ac7c2432bcc4f7f9c282965c6478885.jpg,0
4240,16350,49857,train_data/6c27767c9af047ce89a15bc0136571c0.jpg,0
4241,7007,73075,train_data/3ada4eaf960e4c7cb569d264ba9a88bd.jpg,0
4242,7517,41105,train_data/e188d273fe394e0eb51d616704c4a7a6.jpg,0
4243,135,8504,train_data/42ace5bad16b466d969fae9583d6c1ae.jpg,1
4244,11655,1512,train_data/cf6783d4d1f542f49e23b73b4beeb44c.jpg,1
4245,19940,25827,train_data/15ec80a6bf6d42649bc4e2fc5ea675bb.jpg,0
4246,12062,65562,train_data/86ef5fa7352143169f57c7c8139a6243.jpg,1
4247,14737,58698,train_data/8e3b7966bfbe419abb2015b7e563e287.jpg,1
4248,12103,75390,train_data/fd10d5ac8c4c48baa6bc17dc46e12686.jpg,1
4249,14494,37934,train_data/b8e58562b4b642d69f9d1a5b02cf9f2f.jpg,1
4250,11635,64224,train_data/623a6a42fe2144b6bffa1a84486be82d.jpg,1
4251,15182,12432,train_data/a2eedc43cd2048dd9fc785d6f3e02906.jpg,1
4252,2087,37913,train_data/edaae19b55b844d6a333ab1ba6ae3a41.jpg,0
4253,13826,11089,train_data/5d230b10018d404e975af34928002743.jpg,0
4254,19012,70782,train_data/988894bda5204c0fa6dfc803c314f2f5.jpg,1
4255,14843,61288,train_data/fe9e8b616b4842d3964b0bb7cab54f7d.jpg,1
4256,3997,50981,train_data/8b1cf07dee7c4cedba4e5dce0a08abe3.jpg,0
4257,7907,14614,train_data/83562866781b4d39907d60a54de62ba7.jpg,1
4258,17443,47586,train_data/dcab560adb7b40c58263fd5f885be702.jpg,1
4259,4347,62734,train_data/4ebddb99d8994a0586d1060357687ea3.jpg,1
4260,11579,78705,train_data/cacf4284f1324bbfac83fdda3d9d4659.jpg,0
4261,3288,74752,train_data/0901681d5e594551bd48f7e4514cbcf8.jpg,1
4262,9091,49945,train_data/2231955f7bd94df886942c9c419d7d67.jpg,0
4263,425,662,train_data/fc8034119d8d4c8e836ad20bcecf7736.jpg,1
4264,15405,78948,train_data/4ee3be757f8343aa82c6f891e8afdfdb.jpg,1
4265,17060,48872,train_data/8d14aa0755ed4b15a378b7d6182da364.jpg,1
4266,5222,7725,train_data/b9afbbf313e44c59bcd30709357a541a.jpg,0
4267,10474,52071,train_data/adcbbccc78ed4c36894cf07cb8bfb84f.jpg,0
4268,6113,17180,train_data/f784d0b4f1b040d3ab2275fa25cbc0a6.jpg,1
4269,15816,29078,train_data/7b22697c0b03488eb6c7ba756c632cbe.jpg,1
4270,6914,49076,train_data/9655658082cb4a02bbabdaa318b105c1.jpg,1
4271,5826,26973,train_data/b370191d84e74f37b57f9b97fbf0ce5d.jpg,0
4272,18133,14972,train_data/ea0a38dfdcf84975a26d50dfa6baadef.jpg,1
4273,6690,11099,train_data/170d37c7fc6a49969aa977ddf3cc7bc7.jpg,0
4274,7594,219,train_data/26ec27ea4a4e4b85859d3388e215c97d.jpg,0
4275,3214,29651,train_data/b59085aed2ea46e48648d9bdd3743f74.jpg,0
4276,13130,41776,train_data/8cf375832c8b47edb7118d766c75d6c9.jpg,1
4277,1833,75946,train_data/190c6fe1c1be460ba09841fd1a4ef130.jpg,1
4278,3658,21036,train_data/1d6923a0dd8a4131a6d451480845ddc4.jpg,1
4279,14044,78145,train_data/ad109eb53fbd471fb2fdd683ce9958b9.jpg,0
4280,4605,3802,train_data/f8ef0e734b7e4550b10e1367e054665c.jpg,1
4281,18481,9195,train_data/005ae2665eba42099be6d43be323d501.jpg,0
4282,15163,62323,train_data/25d395b42de74934ad56e27dcba91502.jpg,0
4283,9527,10673,train_data/561658e5eb514d8fb089eb8d185fd5e8.jpg,0
4284,14864,40773,train_data/137d0ef3c396476e9ec7d31c30dccea2.jpg,0
4285,12840,66546,train_data/e446c18e283c4492afdfc6c4795a8559.jpg,1
4286,14500,74573,train_data/8d6edd26556440a4b64b3b73a4c1f4ae.jpg,0
4287,8403,25246,train_data/8aa994d264174787b851cb55d0192cc1.jpg,1
4288,17930,53575,train_data/ee15778f6f444717ac3c1d32a74e1da9.jpg,0
4289,653,41567,train_data/9df2d64db6fd4a9780ce7fc78c0a8405.jpg,0
4290,5478,51013,train_data/413be8b56620478d94f77c44b3bb2ca6.jpg,0
4291,9595,76516,train_data/c4fb368e43944ab29f333430ca805057.jpg,1
4292,3234,67001,train_data/ef96e8d82890431c9a64652e901a8425.jpg,0
4293,4880,47524,train_data/ba32a39a230f4f458e34622ab6d42531.jpg,1
4294,2726,36582,train_data/676fcd493a9a4e9a9d0f0d971147a79d.jpg,1
4295,1113,73682,train_data/06f1b237c33e47ef9dfc37e1900536c0.jpg,1
4296,12123,49359,train_data/ed7db873720547d98cd08dba99140466.jpg,0
4297,7101,40787,train_data/980fc47465cd4896ae29eb1b5ba0a872.jpg,0
4298,373,12269,train_data/00fa2bce48af42c1a3e91f83ab37cfdf.jpg,0
4299,2099,16188,train_data/6dbb26f69a5d40419f92d960b60eb290.jpg,1
4300,16796,38632,train_data/218fd3c17efb415d8a8c450caf11916b.jpg,1
4301,2993,60878,train_data/a7d78bb4d0ba4736b6b7d048bc018ada.jpg,1
4302,11751,54677,train_data/8eb12141267d4d94b50a38234350b565.jpg,0
4303,1275,37114,train_data/b1a8b73ebaa94b72970a1055b1f958aa.jpg,1
4304,4634,20345,train_data/557e0daf8ebd44898f77f43ba69bcaa8.jpg,0
4305,4304,78506,train_data/6ef191d2f5934f28b815c1b63cc9e0ee.jpg,1
4306,11884,71785,train_data/fc8366f0e51a415ea926f5d5e8dec482.jpg,0
4307,15506,11925,train_data/44efdce5af6540f2ad282508aa4918ea.jpg,0
4308,9419,67659,train_data/94b56fabc8354eee83a516bad998bf73.jpg,0
4309,2132,56217,train_data/beaae058b7b84a3687cecadf15439aba.jpg,0
4310,8766,40370,train_data/f68acb48e8474bfab6051a35b89e0d75.jpg,1
4311,10424,47391,train_data/0d11724c9d7344d3877fed16e75cad8b.jpg,0
4312,13879,39340,train_data/b77be08bbe324f9cb2849cfa4d60cf21.jpg,1
4313,17690,69128,train_data/2045ea738ddc43a7bd778fa70feb926d.jpg,1
4314,13763,48541,train_data/367b8cc3535b4988b264cd8e8d159a14.jpg,0
4315,10275,22033,train_data/fd93c5fffc3048ae9b8f674e7e25fa25.jpg,0
4316,6097,52048,train_data/b430bb7f53404e6daf566d9ba423fa03.jpg,1
4317,12217,74755,train_data/a1198f4336c747bea85eea2125d1554d.jpg,0
4318,13508,41927,train_data/346f0a67089741a7942b19354bea1679.jpg,0
4319,10575,39036,train_data/6598824f24904dec9f142a6cf0912283.jpg,1
4320,862,41671,train_data/f31c6635089b410c80ea0a61d8fc4d70.jpg,0
4321,7277,49881,train_data/97e45af5c9c84b4294af74454a8a2851.jpg,0
4322,9703,15561,train_data/b451636ccccf426ab35b7b38a8a539eb.jpg,0
4323,10645,61493,train_data/2d9595c963d24adea958ad8c7d86971e.jpg,0
4324,5407,39411,train_data/2964b0fac7e74b2abae8c7c51d96a62e.jpg,0
4325,1720,28158,train_data/ca43950f4e004ae69ec296e2651144fe.jpg,1
4326,13037,35752,train_data/9bc40461dcb44374bc6f7b36861a7765.jpg,1
4327,19205,44044,train_data/c26e64652f714db389fc521d334fe5a5.jpg,1
4328,11963,66303,train_data/f884100cb6fc4007a9fa98aed212ce40.jpg,0
4329,18526,15864,train_data/c4b57ff51b9043a2a822ef558b4f80cc.jpg,1
4330,6373,41827,train_data/e636a3267ec0488f97f14531a49c1067.jpg,0
4331,638,40722,train_data/7b8aea014b2a42e49adbef9f66466686.jpg,1
4332,12620,31211,train_data/4782aa12846044ec88e248f11c58d0c4.jpg,0
4333,4132,73627,train_data/cf8c6997e6e44891993c0b39fe5ba383.jpg,0
4334,566,38564,train_data/9e503b6454cc459ea59c2c89201e20eb.jpg,1
4335,18666,38784,train_data/5600e079702e4d818661caec383dab91.jpg,1
4336,8174,44507,train_data/f4ba2d814d6b463997f516cda52fe668.jpg,0
4337,11436,24005,train_data/8618ba1ee0824637be9534696fb4a4a8.jpg,0
4338,1305,55653,train_data/75228cacc6b74413b2fa3edf5c394cd4.jpg,0
4339,7046,47936,train_data/e0d5847967f74cb88284d229ef5b9945.jpg,1
4340,4303,20602,train_data/f28b48419c0744d7bd5b44fe140aceb0.jpg,1
4341,13339,75544,train_data/9f6c3e8732344dfdbb5687d1c8ae1904.jpg,1
4342,8425,58917,train_data/84c1b4d028fc4715a71623c677148a5f.jpg,0
4343,5182,71032,train_data/824e25bc1abb40a888071b3503cb6abf.jpg,1
4344,12969,63082,train_data/4387f3a401db43cb9a8663d9c7adc7b3.jpg,1
4345,5377,46499,train_data/e12d8a432a644fa4a6b530d52ce85cfd.jpg,0
4346,15126,65940,train_data/56ddaf1f43984ca796b1bce4711fd8ef.jpg,1
4347,8294,16078,train_data/91d4f4f542bb4c36992a42385b390507.jpg,1
4348,19828,16814,train_data/921ef6366c0544a398a4b94c7b151707.jpg,1
4349,14732,43269,train_data/87c495ab4d3b473ab397887c3f6416d9.jpg,0
4350,1795,27887,train_data/1d4b3960fa5041f180bfea413ab6c282.jpg,0
4351,11401,66031,train_data/84e841109d5d458c84e67f16ff8a5ee4.jpg,0
4352,7716,38879,train_data/97587094cf804745887568ce4e59002d.jpg,0
4353,1964,68695,train_data/94afb32044114eb0946a72284deeafcb.jpg,0
4354,2629,30663,train_data/7aa2eebe8e784436bee6cea17357909d.jpg,0
4355,7655,77313,train_data/a617c34810954c44b46ca5c7caa63369.jpg,0
4356,9901,76425,train_data/549f9bb4787047d29a292d62086946a2.jpg,0
4357,18860,13741,train_data/6ea54fcbf4724b548ea0b6b058d244d8.jpg,0
4358,17626,16526,train_data/922c091844554bf9ab06e447cc06998e.jpg,1
4359,9437,52218,train_data/33e0c7be541b4e3f85c9a7f833cbdaa1.jpg,1
4360,15475,35170,train_data/0b9b451c6a624a35aa7e7247dc5db5e9.jpg,1
4361,19575,35845,train_data/4670eb7d763a44e5908d34017471a35f.jpg,0
4362,19653,73966,train_data/1a6c15406ad14c5fb896e5a048de3feb.jpg,1
4363,11764,27965,train_data/a33053d688904645a04df31217a296ce.jpg,0
4364,14666,79028,train_data/d02290188d8e4e94974cc9b054a30c1b.jpg,1
4365,6355,33811,train_data/8b500758a91b499cac4ea17313ef3150.jpg,0
4366,8323,42306,train_data/8849d68cd3c94e978519a4d650f68527.jpg,1
4367,2543,12702,train_data/3b0aadb4030045c3b73cd41d6642db2c.jpg,1
4368,3884,52951,train_data/e91ad92b1eff4bf39f741046b71a7572.jpg,0
4369,5998,3218,train_data/fbc57d8c3f8f43d481a633c6d5d68c3e.jpg,1
4370,2275,41618,train_data/884b8bf075f44449b5e5e4808d866c84.jpg,1
4371,12777,76082,train_data/fa38bb46f5a84226a4640d51bd3e1938.jpg,1
4372,8140,31264,train_data/a86a4584594d4ac4a58ac0135d7036ea.jpg,1
4373,420,25543,train_data/3caf129e1e274713acff9f22a746c155.jpg,0
4374,284,50552,train_data/95333cf08b904b65a43a11a412ef16a5.jpg,1
4375,998,2231,train_data/5da1dc79ceb54f55adac864099fa8ff1.jpg,0
4376,18437,61803,train_data/1f690dbccac14ad9ab00122da827fe20.jpg,0
4377,3181,1836,train_data/141e2c20d5ac4893b5ad63250db1fa2f.jpg,1
4378,19662,54011,train_data/ca13d087337244a58d575afc0e6f288b.jpg,0
4379,6557,30344,train_data/077ca5325ea14cec972e63e614b3eb82.jpg,1
4380,5678,4788,train_data/b878d862e2284c4889d615a1d66768cb.jpg,1
4381,3834,53937,train_data/22707fefe7fd401ab7658273d557ba40.jpg,0
4382,18274,29927,train_data/9db45cc31c104f7b8a49588caac4a20b.jpg,0
4383,3245,53529,train_data/833a1a9a9df640768645200f3aeb2c21.jpg,0
4384,4281,42190,train_data/9b68ef691729422298ae47f75f716f82.jpg,1
4385,14704,25124,train_data/b78ae8d9de0e440d8ff0f99af2316aca.jpg,1
4386,18305,68979,train_data/732c5396690342d0b8888d9053b5a1ff.jpg,0
4387,4847,7991,train_data/bc2f5fb6b4264195ab801f8e3f127324.jpg,0
4388,19704,72285,train_data/5587e4911ea841299506efc48b106d6a.jpg,0
4389,8365,16398,train_data/56d181735b1145f8a3c06030f786411d.jpg,1
4390,16949,36844,train_data/8ffc48e05f6942c0b3de392084029de7.jpg,1
4391,9029,33251,train_data/7c3d079a35af47f696b76a186c515abc.jpg,0
4392,5485,63279,train_data/5e22b3c73c85420b852ed91476b44720.jpg,0
4393,10722,8725,train_data/1bb69bf9dd4e4f64afbd00064017f69b.jpg,0
4394,17028,19890,train_data/d865bcba66354df9818bda5db167f95b.jpg,1
4395,18417,14883,train_data/995e8a4ec8874701b9a77db4b8712cd9.jpg,0
4396,7975,39653,train_data/5e0a291091464cd28bbaa0957a72e9cf.jpg,0
4397,682,7698,train_data/75771d1ea1404ab393b2850845a58703.jpg,1
4398,13338,2933,train_data/d637c97bfcdf40ef9d0edfb9bf5cb08d.jpg,0
4399,18138,46224,train_data/1878656712f2498895a23c168d7b59ff.jpg,1
4400,150,313,train_data/37e66d1c34f447b9b234a65aa57a7e0c.jpg,0
4401,6501,49784,train_data/035b9fe014554f848131eb47cb6c4ec9.jpg,1
4402,5550,39270,train_data/d5c453552ca9426f9ca06d0d4e239b50.jpg,1
4403,3411,73704,train_data/0d0a6b6c64254bd0b16c0a4dbe2bcf18.jpg,1
4404,14726,3075,train_data/2727e4798dbb43f3a4450d95aa9d3381.jpg,0
4405,8366,66714,train_data/9da478ba39df4824a2f51a9fdeb5b65c.jpg,1
4406,14819,54581,train_data/e9b7f02d75b0499f82db59e479e1e9d0.jpg,0
4407,8072,37319,train_data/8d6772355bc942e3b599b5ad65396b5f.jpg,0
4408,9134,30204,train_data/675e83f4b26c474d90f668b315eb5998.jpg,1
4409,10628,27743,train_data/36e77a3305044406b5b5505094cfd936.jpg,0
4410,12863,4772,train_data/561b963e28264838a89c8425e652540b.jpg,1
4411,10780,10513,train_data/e66f3c53484645dc8f2620fa74292cc7.jpg,0
4412,10268,36868,train_data/0b84087be1e54647b3a73f3717f3b414.jpg,1
4413,7172,64039,train_data/159132c500f74243b234ca8bf62436d7.jpg,0
4414,4315,19707,train_data/254d45e4210e486bb8fbdd87f768e451.jpg,0
4415,6180,44027,train_data/a2e71e669d15459db76f664ec7438957.jpg,0
4416,2661,40080,train_data/9d61324320194ad0bd251c242116af48.jpg,1
4417,17539,70919,train_data/116a1da7dba04e56ab6ebca55afbaaff.jpg,0
4418,7537,48819,train_data/3c02b37b9e4441aaa4c56a863fef852f.jpg,0
4419,13846,76659,train_data/042d5a09c51b491f8ba9d5e04f22895b.jpg,0
4420,3788,76826,train_data/0d2695a2ca0942e7a299c49ad19b2951.jpg,1
4421,19496,47063,train_data/72e1e9585a1445879665faecffea48fa.jpg,0
4422,1276,17284,train_data/aff319b349d74abaabd3cc730ea5bb01.jpg,1
4423,8816,34186,train_data/70305fe8eec74d2db6380892d9923a71.jpg,1
4424,9891,64615,train_data/8278b6fcc3f040d3a84f02abf3a6862a.jpg,0
4425,19524,29821,train_data/00ba65bc9cb1414eb4e8dc40f093f96d.jpg,0
4426,18748,66080,train_data/bf26595234934a1ab0586326d260af82.jpg,1
4427,116,72956,train_data/9d61233b87f642c1852836ba2ccb1bc7.jpg,1
4428,15054,49415,train_data/398a509cf8124bb8907b5eabc2f5d6b8.jpg,0
4429,7858,4515,train_data/7812619236254348920977c3baab2e1a.jpg,0
4430,8426,64717,train_data/2d6ceb5457c544d482eef870d43ecb6a.jpg,0
4431,11710,16517,train_data/ab43b25138a8464a9782f05df8cdb403.jpg,0
4432,1112,74941,train_data/0042682a87ab418f8423481f10b90f53.jpg,0
4433,10662,31380,train_data/d1e445148b294f2594ce7394b4cca7ce.jpg,1
4434,13000,31265,train_data/63acca79204447c9a70b0e1e5759c6fa.jpg,0
4435,15792,29110,train_data/f8391c9c57454f2c82fe58a7bff2177a.jpg,1
4436,15288,37434,train_data/4be0f67ad7374a50ba657a6638b68321.jpg,1
4437,9681,78907,train_data/c7f3cc5d73894786971e554e9994ba36.jpg,0
4438,3651,64134,train_data/23f899464c1e402e994a14ad26c8d3f2.jpg,1
4439,15573,6665,train_data/0e08528d967945779aa8717ceb8b54a3.jpg,0
4440,1255,34668,train_data/43403b84ceee467fa668aa680927bbcc.jpg,1
4441,3684,9237,train_data/c4b27eb8e8ae4eddb60b843c7c17470b.jpg,0
4442,15460,71627,train_data/666e2eab083b4174b45d586332f79fff.jpg,0
4443,17237,40704,train_data/2f22fcccd7604d35b75026f79257ec2b.jpg,1
4444,18972,12067,train_data/272f818331584513a80479936ff464de.jpg,0
4445,13674,69533,train_data/f931c49b918e4e90886f6763f2796fa2.jpg,0
4446,2481,48559,train_data/5999e4b3f68e4fb2a7cb676cfaad41c9.jpg,0
4447,13326,26113,train_data/4ee017738ce94c34aa1abdaf6063b918.jpg,0
4448,9912,74151,train_data/04f4b910112446c5ada8c6228f3c3046.jpg,0
4449,18910,41822,train_data/4399bc49fa93494b9b770c4467239a08.jpg,1
4450,17394,52255,train_data/03e77263a0894a6c984a0ef399c08e07.jpg,0
4451,829,25353,train_data/8aeadf5fad9b45a1835150501134c558.jpg,0
4452,7125,50111,train_data/e0e85d454cbf411ca898cfd7c2419636.jpg,0
4453,1602,70674,train_data/7e38d85563c34a4aab8d040e431fede7.jpg,1
4454,11114,66927,train_data/cac59178fee34bdca7ec8add0d56485d.jpg,0
4455,3058,10092,train_data/1ca3160939b3482da58abc8fe5983b8c.jpg,1
4456,14720,7686,train_data/158e404f661246bbb2807ddf71a043c0.jpg,1
4457,10809,6623,train_data/48c80ada094f4d28bd1d636fd5ebc867.jpg,0
4458,17240,6675,train_data/3dad900609b34855bde07523e639bd6b.jpg,0
4459,13177,34376,train_data/f50841ffab7841d899923d2a69c24248.jpg,1
4460,6285,12603,train_data/e352317152d540ad8ae95614974da402.jpg,0
4461,15436,41859,train_data/262ff30f5d1145b0957b50ba7bd3311e.jpg,0
4462,16651,48722,train_data/ba17c643f8aa406c8f54284ff6e1d8af.jpg,1
4463,6660,71341,train_data/4d3fd6b8bde748708c9bf063466ee622.jpg,0
4464,17858,49642,train_data/b316eeb584bf490db3735797b3af79ce.jpg,1
4465,14497,54522,train_data/a92b4790d60e4a509a332e088dd545a2.jpg,1
4466,16946,10161,train_data/e3cabaec5a494b52af5ef9eac2f7e51c.jpg,0
4467,1921,1272,train_data/8d98dcd4608e4a47805863115ce565b0.jpg,1
4468,13066,78333,train_data/aa5bb6a23733450aabe8fc488d6eb592.jpg,0
4469,10764,12584,train_data/c559bee75228455a82a014a675af661e.jpg,1
4470,11742,33553,train_data/fe16b4ab17f04085aa8a8c484d4d5f72.jpg,0
4471,11304,32847,train_data/f44b3504d5d240a280442835e55798fd.jpg,0
4472,7438,5300,train_data/23b2203cee2e491fa9848e0aec3abc84.jpg,1
4473,7575,1181,train_data/e74003691a53454e8cf1120506f0ddd9.jpg,0
4474,14782,24342,train_data/05a15423c2e14ec1bdc1a5026620628c.jpg,1
4475,3851,20395,train_data/2a37141ad75241f587f1ee7c1b8d5ca6.jpg,0
4476,3938,36924,train_data/fc761b12104b4c1b8d9d1e5bfd959972.jpg,1
4477,17011,69199,train_data/a2a883c9cf6f4986858701ee585df013.jpg,0
4478,13787,54096,train_data/d08a85eeead1464b91a0cad35b3f1ee4.jpg,1
4479,15867,18324,train_data/a7098f7b58c849e9a6a1ce20c62b1bde.jpg,1
4480,13176,39703,train_data/826500d698ce4f1988ce50a551ba8975.jpg,0
4481,15958,41689,train_data/dcbedc333ee1408e99527b1eb51458fe.jpg,0
4482,14319,2793,train_data/b70d0535ea384ad7b99dedcbb1e87661.jpg,0
4483,16929,30849,train_data/5a0cb1fba98743e1be7dc319e1d54fd3.jpg,0
4484,3607,10164,train_data/df0f1d1045384fa99dcad369805ba77a.jpg,1
4485,16798,65479,train_data/ecb4288b2b4e4999afdab3f46de99c24.jpg,0
4486,1320,14818,train_data/3863ee45d43e4338b5b4ebafa5cd0f64.jpg,1
4487,12736,23278,train_data/71fc28e26a1a4965805e191539cf1dda.jpg,1
4488,9577,43261,train_data/e7bf79132db94bbe92351d16b0fe9040.jpg,0
4489,11912,17485,train_data/638a15636395448cace509002169828d.jpg,0
4490,168,40556,train_data/7fa9e30840834c7cbc17fe7a793d3c19.jpg,1
4491,5102,18960,train_data/a036aa699814439fbd9d4a7c50ac6924.jpg,1
4492,18230,33189,train_data/a354f98418264cf6a3f19049a7fd573e.jpg,0
4493,11968,44024,train_data/bade9097924543688d32ae30c3514f42.jpg,1
4494,11535,61369,train_data/f61957ff3ebc4c85bf078f0a2b96d2fa.jpg,0
4495,13134,70201,train_data/f8ab90097e874fceb9f181deab97ba66.jpg,0
4496,14047,58108,train_data/02e60644c5cd49608b486cb05a568cb8.jpg,1
4497,398,24745,train_data/2115afd57426432da5f7e2220edb469f.jpg,0
4498,18220,45916,train_data/21362768d8384100909029a1ea65cac7.jpg,1
4499,15712,66277,train_data/7b4d573dc4f74d3d9df949bdd3a44cff.jpg,0
4500,149,37794,train_data/d8eff45062f74396afa905059309872a.jpg,1
4501,3069,19132,train_data/eb3e5f9a30124a76a432c40edc54b08a.jpg,1
4502,8771,79044,train_data/3096b354cd6e47249963b22a8cf807d3.jpg,1
4503,94,51026,train_data/da815e31795d4256ac47b4f67f11f881.jpg,1
4504,9289,31715,train_data/c669e23a7cb04536b1bcd186868edeb4.jpg,0
4505,12167,9011,train_data/b11b7fbfda4a4068b2c867f547889ebd.jpg,0
4506,19825,29585,train_data/2fa2d906eac44fc69138f46703266cc8.jpg,0
4507,16600,37192,train_data/8d2247870b584cf7a688d8da80f8ec1b.jpg,1
4508,15837,79747,train_data/f9b47dc01c6d4fea9db84e53ae360e1a.jpg,0
4509,12802,22224,train_data/a874e31f73324b82a89dcdf28e55d0e8.jpg,1
4510,1496,21802,train_data/2d586b42164342d8afe1874c77d43459.jpg,1
4511,14392,16617,train_data/c024ee122628496baa34fbd821e4b259.jpg,0
4512,4609,31329,train_data/d756c054fe894ca6ad56c0f3d1696f86.jpg,0
4513,17800,31595,train_data/52bb93d3f398421cadb56ff78491f1cc.jpg,0
4514,12200,7022,train_data/4f4971adb70c4b729f531592fb301df3.jpg,1
4515,7840,19031,train_data/359e7f5dd8d64574a9433a1f066a4907.jpg,0
4516,8972,60748,train_data/8bd88c56cf0d49b5bf02e0353b67d94c.jpg,1
4517,18361,17784,train_data/43b47dc814424a1cbb1316a8a6d0b0f8.jpg,1
4518,18590,23048,train_data/26a75344db704038b7b8c0061f98eff9.jpg,1
4519,3746,14564,train_data/37aa251d7634448188d3f7413f4f57b8.jpg,1
4520,12228,52544,train_data/0ed035b510a346e28e000bee1320590a.jpg,1
4521,12579,58330,train_data/2622935bfa304407bf900090297027e5.jpg,1
4522,18975,64951,train_data/aabe6786e0154168be99d23f2c7ebec2.jpg,0
4523,6068,10610,train_data/d2e74f5048dc428d837baf79c0be3e89.jpg,1
4524,6734,33319,train_data/0969e771602641b29cc793db3b8f0d90.jpg,0
4525,1929,25750,train_data/f830293175d3462cb9782805549d5f78.jpg,1
4526,16596,5662,train_data/450c1040e768427c9d28e12ab1072a9b.jpg,1
4527,5631,9772,train_data/d9cf80be3b1b40408a13fd80e78d2d3f.jpg,1
4528,9061,13373,train_data/8e80fdb9930b4b6394df291b33ca0c93.jpg,0
4529,1967,21692,train_data/aec5af9e2dc6417d912181d9741917ce.jpg,1
4530,9767,30546,train_data/082480c58c48458291de00c785837f7b.jpg,1
4531,5456,42334,train_data/31c658933dba45cda80fb0fe5b9e23f9.jpg,1
4532,1634,17098,train_data/31bc755c57974f88a65bf0338e2d226a.jpg,1
4533,12365,54280,train_data/e9576b1bd79b42cdb1f4f94df947bb19.jpg,1
4534,6909,16084,train_data/419c4a577d85460f9b7ccc311201bf96.jpg,1
4535,12779,64556,train_data/edd5ea48703e4ababb17cd00c699413a.jpg,1
4536,4671,66350,train_data/e47e0ebe19fe4304b142a03a570a1d50.jpg,1
4537,12514,37082,train_data/24f3dd0a8fc24f88b08137d375801c29.jpg,1
4538,15862,56257,train_data/cb4cb0c96d9a461f914e633e45974fce.jpg,0
4539,15326,1807,train_data/277a915c7e77499c8eeb409b17c1978b.jpg,0
4540,19803,44689,train_data/d5ccd923a7804b5190111ea24d31bddb.jpg,0
4541,1479,55663,train_data/39893ec0006a4dcfafc476b8b2fe9dad.jpg,0
4542,12814,37337,train_data/71b1e1e69f434538b4dcecdee219eb21.jpg,0
4543,13060,30182,train_data/b4319a99bfa04efe8732918d55fb1ab9.jpg,1
4544,1498,23106,train_data/b1a0e323ba0145d89b4b614cb6793d78.jpg,1
4545,16572,62652,train_data/392f3e6d7a4e4c2689cee84b96fb1d3f.jpg,1
4546,15957,75425,train_data/0ac56b2881ad4f16baac4e0a052a81f4.jpg,0
4547,12148,18400,train_data/acc61c086f9a4f6184325727a61d11f8.jpg,1
4548,7723,23374,train_data/8dae4ea420554cc18e429fda35a79d27.jpg,1
4549,12273,79551,train_data/cfff9ae0ef2148f88181a57f026328ec.jpg,0
4550,1332,73529,train_data/12fdaff804a24f5a8f42ef7f84f1b3ef.jpg,0
4551,16490,77479,train_data/e53752e080204e75ba9304e29e09e578.jpg,0
4552,12657,25802,train_data/786837b8bbcb4d6a9a30b9147f4c5a33.jpg,1
4553,18377,17041,train_data/2353e62c5e2d482bbed5231abaec04bf.jpg,0
4554,2688,51316,train_data/944d9b1f0f534f2b98bb9b57d65dba7f.jpg,1
4555,1714,3354,train_data/9a2ac51a9267460091e2108d92383e20.jpg,1
4556,12063,11833,train_data/4742e7e997774aa6bdeb1ba8eb0fbd52.jpg,0
4557,17784,37862,train_data/db08c3f0e3914bd4b5108e93af84c811.jpg,1
4558,15058,71250,train_data/1cc02fed8f8740d7aabd94468facd7ee.jpg,1
4559,5170,23264,train_data/a196c162e8ab4f1fa125f7081689d65b.jpg,1
4560,11047,8535,train_data/99c4239e410d4deda2da00159a08215e.jpg,0
4561,5140,33412,train_data/554c1e4a512740eeaa6fcac7e3ebc434.jpg,1
4562,3855,74786,train_data/5796e5c7dd094f84bdacc250978e67d1.jpg,1
4563,7356,60137,train_data/b34307ed546245fcbb157fd19d526329.jpg,0
4564,4113,65787,train_data/ae5b73f39c3f4c22b3237b6653530992.jpg,0
4565,10322,69827,train_data/af60691595444bfda2a8cee44e22818e.jpg,0
4566,18352,19891,train_data/69cf80b55efe4f7ca8ff36228eaa02e4.jpg,0
4567,2715,38306,train_data/1d30da0fd9a94cb3947c69e9b486e6ce.jpg,1
4568,14197,29719,train_data/f0c234ac9e94437c8a6aa46736319be6.jpg,0
4569,316,60984,train_data/e11f63df9a37402995f237771a07f082.jpg,1
4570,6962,23790,train_data/094f1decc50f4cabafd6979268d9ca90.jpg,1
4571,12377,74078,train_data/a4e8c3dd6bfd45f798870bd3f7e89a91.jpg,1
4572,17478,26342,train_data/81a558550f6d4fc095fdb8e07374877e.jpg,1
4573,15975,44745,train_data/f4bc72809871412cb71af126d612d09a.jpg,0
4574,10246,34203,train_data/c55cad2a1b1d4f92bb7edb3fdba82550.jpg,0
4575,9593,17200,train_data/41bca8f90a834a0ea14d9a9acddd1089.jpg,1
4576,2818,66792,train_data/ac72f0d3b06d4e4394981da7d80de01f.jpg,1
4577,6527,42469,train_data/a7fbb289be7e41609d04a11c00aadcbd.jpg,0
4578,950,68860,train_data/ccb6a309e9bf467d8fc4456de232d5f5.jpg,1
4579,9338,36227,train_data/72548984a20141e5a62757e7f4f46311.jpg,0
4580,8835,14430,train_data/45c26b892a0e4915ac5b8160221f3d72.jpg,1
4581,18548,79791,train_data/38ab02ad53dc42bca4c8f5adb05391a9.jpg,0
4582,30,51154,train_data/6830ed501cce48df8ec788249a6ba79f.jpg,1
4583,6886,3757,train_data/8f4ead00b3ab407a84d8d30e805318e9.jpg,0
4584,1639,35630,train_data/071041ad3c9143b48acad03e228af8c2.jpg,1
4585,15898,33648,train_data/cfb9c740755a4e5da961378b17b882ca.jpg,1
4586,7955,71883,train_data/feaf19ccee7b46e9958a1ed59403033b.jpg,0
4587,11213,15727,train_data/7abea27eb6414f6bbdcc404be7d7bf21.jpg,0
4588,4456,54803,train_data/231492ec73f2494c9fb6f43a2327ef81.jpg,0
4589,12521,46855,train_data/3aa4cd5f9c0e4c2b8ac30ead12c84901.jpg,0
4590,12052,23592,train_data/c36d587aef0c40ca94fe097f4f35d2cb.jpg,1
4591,11771,30430,train_data/c71dd011777b4b6c9ccb56f6150af7a3.jpg,1
4592,9387,32020,train_data/b7368761a5aa4b1a8fc624aac0fe077f.jpg,1
4593,6340,50001,train_data/8b0d2c9e2e104f6ba01afca1acb3a9f3.jpg,0
4594,1965,19306,train_data/356a2e9dc8a34445a4cb52900fad89b8.jpg,1
4595,17375,13038,train_data/94098e798b4f4c61aff0a674c8f05073.jpg,1
4596,1584,28813,train_data/9c78c5b1fbff4ca386fc336348c6dc36.jpg,0
4597,2025,48050,train_data/08e9118cee0e43428f7c3933861c98c1.jpg,1
4598,16049,12694,train_data/cbce56f2c0944148a948823672565aab.jpg,1
4599,9617,78952,train_data/5b4a7ac413c24046b9fd7609cf1546eb.jpg,1
4600,13829,34362,train_data/d025ab3718e1468e9deda5192f553934.jpg,1
4601,12516,18269,train_data/a9b221143f74442ba63e8684629f861b.jpg,0
4602,5449,34472,train_data/a7ee41d55c9c49faa7b78e69218a1839.jpg,1
4603,15806,7262,train_data/72159a835377459488021de8ed6feb13.jpg,1
4604,14802,20725,train_data/bec89c67bc484a50b0e2679029e86cfe.jpg,0
4605,2928,55730,train_data/676e20b06daf487fbb783ab3540c476d.jpg,1
4606,8591,779,train_data/08879582ee2a4952aec84e5bb969c845.jpg,0
4607,19311,12594,train_data/f8dff72f55fb4d7394e02d0ee141c95a.jpg,1
4608,16677,47282,train_data/6d9185d3745244c6993e703086f59de5.jpg,1
4609,17084,59118,train_data/5ad8713d9f90426fb4b85999c0b3e2e8.jpg,1
4610,19251,58126,train_data/af62dd9a911e45bea6a8ddc9df306bf6.jpg,1
4611,7725,57088,train_data/88daf64c597e494286e24da818bdcd9c.jpg,1
4612,19738,56412,train_data/d3d1cf7d4d9840d598bc9ecf897135c3.jpg,1
4613,1593,17313,train_data/67f0f2cf5fd24b57ac58d3f711d5dfe9.jpg,0
4614,7245,2833,train_data/86e1cb0fed0a4f02a2c9d4253cacdb5a.jpg,0
4615,6515,61213,train_data/ca4c7818a9a347799ddb6c74a68c601b.jpg,0
4616,700,72860,train_data/b1b0089b8f6f4413bd4fe30400a82c11.jpg,1
4617,13627,19213,train_data/e3c49a0632e44db09400c37f00c1d216.jpg,0
4618,15905,63244,train_data/8a4b2535b3ef48e2b4599aab1d348131.jpg,1
4619,9115,62710,train_data/0e6176d415974af6bd45e591fe97b794.jpg,1
4620,7676,22138,train_data/94c37a13d82e49fa9d9f266d9d408dbd.jpg,1
4621,6181,56215,train_data/c40a44cade124839a198f424b8dd0204.jpg,0
4622,3995,74384,train_data/91dd318ddc76426c9f84998d75f8b3c6.jpg,1
4623,12270,68598,train_data/1072166c030b427d921922769607981e.jpg,1
4624,1314,8991,train_data/caf225bdc13d4be8b3de81dce3485937.jpg,0
4625,18858,68543,train_data/21870456d8844bdcabcd30440a81ff40.jpg,0
4626,764,5442,train_data/06096e74dbc1427a94faf719e593a055.jpg,1
4627,8523,46780,train_data/a909223d97bb4a839f544eec5e88784d.jpg,1
4628,4342,75924,train_data/f55792cd7cce431ba02286db28ea25d7.jpg,1
4629,5937,10102,train_data/206c5d80192148a5a5815d3e0eaad155.jpg,1
4630,5751,49587,train_data/a26b1bb6b40940a7a14f826108eb4e77.jpg,0
4631,9423,30769,train_data/9864c6afa0db4ca19ad6c5107729f25b.jpg,0
4632,10909,9118,train_data/5266d6b27c9c4d179ba380ea3894371a.jpg,1
4633,15012,69207,train_data/953b9994d2c6444598b6e574e1cfda10.jpg,0
4634,38,65914,train_data/9de194a6d83544b2842905083e1d1fc9.jpg,1
4635,3613,14023,train_data/e35f015265ae414694c7c57e655959a1.jpg,0
4636,1455,42630,train_data/56653be41d534ee7b9344682f446eaea.jpg,1
4637,15340,3859,train_data/e3299ed709ad465fb00f76b101d3a95a.jpg,0
4638,15716,36026,train_data/d3974df024d8454db103c950b68534a0.jpg,1
4639,8144,66787,train_data/f2a2a1d5e08c4d279f3997a6991ffd61.jpg,0
4640,2894,73199,train_data/76642a91157c4d46babae2f28dfaae99.jpg,0
4641,15002,74062,train_data/39daeeaf27d94c168f770314cc39ab98.jpg,1
4642,7760,24468,train_data/befaa16d31e54e3297b6008552f9c1a8.jpg,1
4643,5610,61872,train_data/a68c379177b946808493c47fa73ddd7b.jpg,1
4644,11183,47856,train_data/63fa11c72a7c44dd9fa36d171913ff23.jpg,1
4645,6020,48471,train_data/6ddd423ede7f43af8d6cfc18ab4be0b1.jpg,0
4646,1053,56599,train_data/d4aa5c69bfd94c0da7887fb71fa00e1f.jpg,0
4647,8121,48461,train_data/43f93df45d4f4472a8e3c75fa0dbaded.jpg,0
4648,16650,69929,train_data/5884cd6baf0a48199ba5c70295f09a88.jpg,0
4649,6138,76974,train_data/c58c6fa391c641258ef19dda9a808bce.jpg,1
4650,17834,71565,train_data/bd6d89583ab74018b5d428e49c76ca8e.jpg,0
4651,9786,13486,train_data/9512591b26c14a0cb908d45fea9375e5.jpg,1
4652,15985,75472,train_data/4d36c960e8b3401a820d51cc0ed68641.jpg,1
4653,5933,30380,train_data/b3e35675439741e7a9c63017ee0ba46e.jpg,1
4654,2807,44880,train_data/bc9e8cc838504df5879e8329bf6a4096.jpg,1
4655,17483,25806,train_data/ff8573e1a9c6468a98f74761a73c293e.jpg,1
4656,7535,58547,train_data/ef2cc3b7deb44c60910683afc78c39d9.jpg,0
4657,13495,251,train_data/cd602aa04f12498db1a28cb17765fd74.jpg,0
4658,304,32186,train_data/5f2f79a285594a21990db092172c77d7.jpg,1
4659,8019,3886,train_data/2a0e277a900c43829b8ea32535b553a3.jpg,1
4660,7048,54635,train_data/c7a67dc7cdf447a1a263d998b818f43d.jpg,0
4661,7949,10484,train_data/a9085341395849d3a10a95abd5156421.jpg,1
4662,9059,30065,train_data/ed9370e99d20404d8d06db2d051f6491.jpg,0
4663,6664,47132,train_data/8ae6e0786b6344c4a9d05633c850a7b3.jpg,1
4664,13555,32404,train_data/ac4b04be34454024933af069016d2436.jpg,1
4665,6291,37234,train_data/ce7bd278444847708d229d89e80320b6.jpg,1
4666,252,66075,train_data/738f93667e124c6db03f2cbdcdcdf295.jpg,0
4667,511,72853,train_data/058f7aa76658465abbc445e59fa2149b.jpg,0
4668,12447,54755,train_data/03961b57af7342438e7c8eada4042a8e.jpg,0
4669,11585,37300,train_data/9b769abf1f764cf282af7aa231bcd667.jpg,1
4670,12598,59773,train_data/f1a4e4cc78d7425faa8a49fd9b259518.jpg,0
4671,5861,46755,train_data/5154f4e1d08247f98cf6e790bc849b5d.jpg,0
4672,18519,68560,train_data/91788f6a0fb542aca978e9b7c57613e3.jpg,1
4673,9345,5319,train_data/234f996c733e43288b8435272c700535.jpg,0
4674,15608,27923,train_data/75ee77546e4a439a9a8f77e9f0194c58.jpg,0
4675,14190,33659,train_data/8a42a22e128f43778089c06386c5dc0c.jpg,0
4676,750,28594,train_data/bcb078abdc914023b20ed7886f161e7c.jpg,1
4677,9913,35147,train_data/a10e44c277a04dee96615fae4a2922d3.jpg,0
4678,11282,11983,train_data/f17b0def626f4cd7a1a633d5b57b19a6.jpg,0
4679,742,64458,train_data/b5c96c7b83b84a80a6ee072b4e5c8c9e.jpg,1
4680,19356,33157,train_data/c581d5dcc844485facd4731d978a5a45.jpg,0
4681,176,33173,train_data/4b93133cbe5d4178b1c83f542fd98133.jpg,0
4682,11192,64276,train_data/fea9d1acdfd84092a2f545afab22309d.jpg,1
4683,16808,77169,train_data/9ff70d17c10d4502b74e1d55d1a31266.jpg,0
4684,9254,7518,train_data/b0049ee5df69430084b4f3239e966922.jpg,1
4685,12849,48532,train_data/3add49407c46487b80ba2be3cc1731d6.jpg,1
4686,9563,44444,train_data/bdcd8c9071f34d93bffad6a094431710.jpg,1
4687,10963,47149,train_data/93d674c5f9b84b68b25dba46d8d9fdbf.jpg,0
4688,18039,23239,train_data/5a9b7d10c75c48eabced0955eb30beef.jpg,0
4689,9405,65328,train_data/c0917d7196b444bdbbe68eef7a0c9f5f.jpg,1
4690,14305,58948,train_data/c1d37d94a8784e1382a88ce72f378b95.jpg,1
4691,381,23285,train_data/99c682a37a8b493283b33b8b85930aec.jpg,0
4692,14735,79159,train_data/e9b2ada52a374faea1ed226bce8c42a9.jpg,0
4693,7327,2493,train_data/cf7b7c4b155142fbbeaedcf8a1efd40a.jpg,0
4694,7878,14882,train_data/8328d208e23f49ae9632855d2830d025.jpg,1
4695,5815,34694,train_data/091a5dced2c54d0f998266978c6aa282.jpg,1
4696,7747,28010,train_data/94ac49b98c794d32b68e7a8ed061b076.jpg,1
4697,18112,55824,train_data/6f321895344a4a3f939f9c9c5ba671a7.jpg,1
4698,12294,73073,train_data/c8098639d69a4c3fa586f1948419d322.jpg,0
4699,7650,70665,train_data/be5eba7198144453930d254d2866a463.jpg,0
4700,12181,53994,train_data/77f21f68f66d4b6bb8ee5fb798bdcf37.jpg,1
4701,14845,56037,train_data/fab9507376664353bb4630990067e73a.jpg,0
4702,15790,46306,train_data/c6cec869f2ee45cfb0cb674b9bdb7b2a.jpg,1
4703,10482,58120,train_data/65c70b01c54a45a694acd3b255f1235e.jpg,1
4704,13250,36414,train_data/5af59997f1114a6b9f41418a7a8551db.jpg,1
4705,6951,18893,train_data/4248cb4dbe3142ccaf5a803f60d665a3.jpg,0
4706,984,40153,train_data/dfac231cc892469b937eaa0a507ff551.jpg,0
4707,439,543,train_data/57a4d38712cc4360937389def1dd1555.jpg,0
4708,17185,73185,train_data/287b61b62a8c443eb970189c9ebe998d.jpg,0
4709,3781,50187,train_data/b6cba23ab7c944f6ba9294d0189fc609.jpg,0
4710,6369,73138,train_data/7d2c5ae5c515432db0124f0a15d9a2c6.jpg,1
4711,7816,72491,train_data/7dc1147e06d84c1c99d031b247bd4c4c.jpg,0
4712,10953,10889,train_data/3990f089b3bc4005a8c24560b973856a.jpg,0
4713,5458,11754,train_data/4cd265631ae441a094ad14c7f1e09c2c.jpg,1
4714,10723,40506,train_data/d056b3700c6f4f3caad3e9f245f90b63.jpg,1
4715,15453,31462,train_data/83eeb860305a4fada3b46abd9aaa088a.jpg,1
4716,15494,27561,train_data/e9a5067d48864dd88505066213608766.jpg,0
4717,9647,54360,train_data/254a07a8ca4e46ce8f6dcf663688970d.jpg,1
4718,6641,30913,train_data/3f72dac9543b4b44a63a5aae4c10c7be.jpg,0
4719,1226,59506,train_data/69f153311b5940bf98200f7ba754464c.jpg,1
4720,11604,14858,train_data/b722dba0884a4cb3831ca49dd14dbd5a.jpg,1
4721,17995,62911,train_data/dac488ffac834b549481f3b696a9e339.jpg,0
4722,13292,15355,train_data/d3536a6c694a4641b2b4c3048ea28127.jpg,0
4723,17945,685,train_data/96df5955391e49ddbd949ecb3abf53cc.jpg,0
4724,903,54344,train_data/0270a5b8cee541a2a5cf27bcd9dd5e9a.jpg,1
4725,15974,25884,train_data/11a46d33415649b98989a58aeec46408.jpg,1
4726,14032,18881,train_data/35e6fb497b094576b293912693b25fdb.jpg,0
4727,5081,46711,train_data/aeb4bf367f0c4a47b924dc494307464f.jpg,0
4728,11913,5799,train_data/17e973a5f666463fa591ee0e4b295bab.jpg,0
4729,9929,15528,train_data/3a1805b9b8894ad5ac47aa75c448749b.jpg,1
4730,13941,59477,train_data/15ec04e6f5ca44c9b18ea440a5662176.jpg,0
4731,366,14479,train_data/41d894ccb28948ebac3e1c5b3afeb709.jpg,0
4732,10120,38048,train_data/53b4ea4e423743d390771f542c5846e0.jpg,1
4733,3079,8683,train_data/f02837404a85460c85c4e25bc8a15cac.jpg,0
4734,11820,54174,train_data/f5d93c70d405428789979574f6ae9f83.jpg,1
4735,3016,73057,train_data/eaefb4428c4f450594dd9cc8a86aca78.jpg,0
4736,6607,3186,train_data/a189df6fdb0a450bbf3b6241c7dc1b29.jpg,1
4737,7228,6756,train_data/e25da49c619c4ec2b9ff7da76a311c82.jpg,1
4738,10732,66515,train_data/bcdd4c640edd40e9862d01b6d6c1b99a.jpg,0
4739,1653,19214,train_data/a3fe0efc8f0c4f22abaaa0c95e18173e.jpg,1
4740,13249,12658,train_data/d71e2fd36d1b463390bc50f72592dc02.jpg,1
4741,3422,49931,train_data/c7a822b673ba44cb8cad8b7a21c1bfaf.jpg,0
4742,13297,65261,train_data/6f42ab6d09604143b96ba1aa3a8549b6.jpg,0
4743,12650,39202,train_data/da511abdefe649a8be7eeb246708875f.jpg,1
4744,16466,56929,train_data/a40b70c514db4ec9b229d62aee9a39cd.jpg,0
4745,7536,59080,train_data/e7fec5752de844b4bf796e9f231b4cfc.jpg,1
4746,1206,61738,train_data/5ab10624731d4445a3969f4fccb39e1a.jpg,1
4747,12699,60798,train_data/eccd3c7931ba49f1b75961fe965b26e6.jpg,1
4748,8915,58313,train_data/809638044d4d4a20a45113a79dd3431e.jpg,0
4749,14460,35651,train_data/8d8f17a929b24198889037222bce7f0d.jpg,0
4750,1486,9424,train_data/b2f4c24e9e2540669653ca3a552f9607.jpg,1
4751,12311,39475,train_data/aa57db3192ba45f7aa6d4686a1ee9b15.jpg,0
4752,15840,64530,train_data/67dd482457ad4bda9981deed4399e453.jpg,1
4753,85,64536,train_data/d35eae1f42e0478ab6c650f65bcdf70c.jpg,1
4754,14102,50326,train_data/ae9244a0ff95476eb2fa7e3126d83047.jpg,1
4755,167,44800,train_data/704abcbd65e84a22994e1b94d4c6429a.jpg,1
4756,13761,30914,train_data/cd992b107e0a49799aa2c3f97dbf9ddc.jpg,1
4757,5635,24482,train_data/897bb5132c36415581569a24abde8176.jpg,1
4758,7854,19424,train_data/ffdc22c75c82477baac75c3d319a4695.jpg,1
4759,10031,14435,train_data/ecfd4caf2f024fbbac198629fa82c259.jpg,0
4760,16881,27110,train_data/498193faca69484a8c49063668472ba3.jpg,1
4761,8575,68155,train_data/56780efaed634145800e16bd28ded20f.jpg,0
4762,1418,60790,train_data/1003af8147ee4d50bfb0121c35957dc5.jpg,1
4763,6013,78545,train_data/99527e975f1a4a3fb2d98bfa059d415a.jpg,0
4764,2254,68263,train_data/eacced834ce343c7ae574476cd71b064.jpg,0
4765,4063,23551,train_data/6da16394690942a3acf7fe99aca8350f.jpg,0
4766,9888,43668,train_data/e54782c4e6054a58ac46cff329464995.jpg,1
4767,19633,38161,train_data/1efcc90d11f04dac8b48fcaaf55b5447.jpg,0
4768,13683,35025,train_data/93be5faa98be409283ed548b2a80e183.jpg,0
4769,11662,47678,train_data/8de59de6a0c04983856d37df90c97c47.jpg,1
4770,6703,501,train_data/7fd2a03ecac842539c74c47965331ab1.jpg,0
4771,4244,1534,train_data/10a67810eab549e487c6da6e33ae8b51.jpg,1
4772,13513,42787,train_data/f5242ab173ec4304ad59c767728c1a46.jpg,0
4773,2438,71958,train_data/51c3fc4b1a754563b8d29c893d2af6fe.jpg,1
4774,5129,71701,train_data/2055f4de2104458db30e8349155a504b.jpg,0
4775,2069,55453,train_data/818ab70aac9c4d1cb042ac8cff75695e.jpg,0
4776,17263,79732,train_data/7f47bce7ba4545c7a755928d63721a06.jpg,1
4777,13089,36919,train_data/9cd0aa4727c44974a55d71d5bf2beed4.jpg,0
4778,17243,41865,train_data/0be1651ece74469a9d660bc49f1e26ad.jpg,0
4779,6650,62395,train_data/5fd3f3741029449a8fa98d34c7026629.jpg,0
4780,1078,52469,train_data/96a2301662bc4544b19873b336ff15ab.jpg,0
4781,16418,46595,train_data/ab4405b0bdb24789b6ec179338d5ab3e.jpg,0
4782,2175,30927,train_data/2f62b8d303c944b9b5d1ccc841a04f14.jpg,0
4783,4125,26227,train_data/5c8e589947f7431d8cd003b1d18dafd6.jpg,0
4784,624,21231,train_data/a2e4a58327644437850a96d194bb0ec4.jpg,0
4785,16123,18086,train_data/3ed80c7692544ac7abd3843dbd77da3d.jpg,1
4786,12490,66256,train_data/0424880e9f2c4c69aed8161357cde8bf.jpg,1
4787,4105,39153,train_data/3cbbc1b2b0674db8b5e52032a1a6b477.jpg,0
4788,3550,43231,train_data/44daa17be87e435591067ac15b32ea17.jpg,0
4789,6195,40782,train_data/3a61597a00824007b8a06bd08f2de7f2.jpg,1
4790,13260,59873,train_data/d6cfb937da174b8bb01b73be3bbc2e18.jpg,0
4791,147,14369,train_data/a6aa1c7015a745309c4915867164e4f7.jpg,0
4792,16588,54513,train_data/d69261c559d14643b19eef974ea87456.jpg,0
4793,5771,75573,train_data/526b9d47e0f04346993201ec52e39251.jpg,0
4794,13552,37859,train_data/7b076fd1422543d9974b68b8426b79ba.jpg,0
4795,1354,67404,train_data/480e94b083f64e4ab05f22b76764428c.jpg,1
4796,14904,9563,train_data/7ee0110130384bafb40a83658dfc1cbe.jpg,0
4797,18041,7909,train_data/7b059639ed7047cbadb3787b70028653.jpg,0
4798,16691,20743,train_data/d2b780cc0cee4ac3a61d6b7c1569da41.jpg,0
4799,12983,70900,train_data/2fa64d720d234d1db28b1a6a1045b0e4.jpg,1
4800,12681,51255,train_data/955eab7868c04a818681480b8b588933.jpg,0
4801,9538,44070,train_data/ebc40936553d4996b7f13ac3507ecec3.jpg,1
4802,16302,32528,train_data/86c447d1bccd4c658a1f840afef5ad13.jpg,1
4803,8950,50895,train_data/410183858e6f489db8af8fe0036776f4.jpg,0
4804,14059,60366,train_data/87f7d3826c6c4b6d95a22d6e50e1eb6a.jpg,1
4805,13578,77651,train_data/70927450d5dc4297889890eea0af75f6.jpg,0
4806,15321,59281,train_data/f21e0140fe284d57af646d73006cf43f.jpg,0
4807,9332,49414,train_data/f9ba174861e94501892ccf6d1d96e42d.jpg,1
4808,12634,41069,train_data/4bc32e8b1e364d35a9828067a454d2eb.jpg,0
4809,19954,5945,train_data/682be75caf1448638b827654bcb6d606.jpg,0
4810,16130,50731,train_data/fa456caa9a84408f9b3d107ba7e996d8.jpg,0
4811,2447,32744,train_data/2ff3692537574ae1b39acfabcf46e861.jpg,1
4812,1887,8445,train_data/49a339ac72b14a8e84e72576eb1e1280.jpg,0
4813,15388,17056,train_data/4b1de01878b8479ea8a902441a4b46de.jpg,1
4814,10925,18712,train_data/7cebf2cde0214177adae810d865f302f.jpg,1
4815,11858,33465,train_data/d3f1b359e06f43b5bfee8a82a2a31b37.jpg,0
4816,905,1491,train_data/7b9ba171d7d443c3bb8573bab71698fc.jpg,0
4817,14881,26388,train_data/37b1eaeaf1e94d52a7b2a3d04a51c27c.jpg,1
4818,17865,75707,train_data/2ac44b3fa51b43deb665e73144baa5f5.jpg,0
4819,4885,74173,train_data/741b4f949ba14e5e909abab179ed312d.jpg,0
4820,8441,76597,train_data/74b98719a2fd4ab19953586fc41f66a7.jpg,0
4821,9845,35492,train_data/f4bfbb7c14cc480c94621fa229d67d5b.jpg,1
4822,15010,15851,train_data/59f13510b7e84394b433606899c9e0d7.jpg,0
4823,13883,35289,train_data/9ea915b35180472ab0e930b3cf610ed1.jpg,0
4824,7562,76725,train_data/3d9dd3ec11794888a4342568495fd40a.jpg,0
4825,3102,20696,train_data/299247b4cce8441fa78dfdbdb958ea12.jpg,1
4826,18852,53075,train_data/ddaf80517185441aadc38828ff6269c4.jpg,0
4827,517,21004,train_data/cf3176b8d5f8471a846bd484b31ad74d.jpg,1
4828,15164,23020,train_data/7a582e4aec3d48759e863bb772e96231.jpg,1
4829,19228,76454,train_data/f50738d1da8f426ca3058c6796dd7ba9.jpg,1
4830,9869,28710,train_data/b99ace56c2134bc1923eb3297e67f428.jpg,1
4831,17408,37727,train_data/15b9123a61694299bafe6624b9196fb4.jpg,0
4832,9680,73056,train_data/f3944998d95b4ad29a9143e99630c17b.jpg,1
4833,12897,55133,train_data/5dc1952b2fb841dfa582046e1bfa5611.jpg,0
4834,16394,5672,train_data/3754ac0a8e3841e8bd6fe7557a49b07e.jpg,1
4835,14968,41035,train_data/268a07b1c95d43e9a8e6931c7b6b1588.jpg,0
4836,4750,22647,train_data/42dfcaf378c443f9a814e0fe31161dd7.jpg,0
4837,14272,62201,train_data/0b234c6c24114fa08988c51ea2ad00a1.jpg,0
4838,8888,62949,train_data/76f5bc2fd9904f15bb1b75fa864295d3.jpg,0
4839,12484,35795,train_data/ec611b035b634c4aba800594bb52f2e7.jpg,0
4840,13658,18875,train_data/464b583b8d2a46e296c4926288e4c27e.jpg,0
4841,12136,38425,train_data/0b34c9e9c4cf41afb5d8f5b7e248e226.jpg,0
4842,15655,31492,train_data/a5825911ce9342bf93ec5a320f5489f1.jpg,1
4843,15157,38848,train_data/102ce8ecd36748379c0db80db3c047d6.jpg,1
4844,10154,34992,train_data/cad6c0df1e234f9a871d62d0cc7867b1.jpg,1
4845,19499,9793,train_data/803cbf5f89d44fe2b9d994e80b9f0315.jpg,0
4846,12284,48271,train_data/3bb56e92cd014535b4084d0dca410711.jpg,0
4847,3107,7895,train_data/a9a6e0ca572e4243a5f68f0af67598f1.jpg,0
4848,2006,19325,train_data/1c1097ff1e2e440eb99114c1b0ad7ef6.jpg,0
4849,18015,18271,train_data/1c54faad1b2f4db592938f9bd08c5f63.jpg,0
4850,8087,65764,train_data/18ef5ddd7fee499d810ac7407618e497.jpg,1
4851,2733,54484,train_data/f4febc777ffe49a28b2f4e292948f408.jpg,1
4852,16629,66269,train_data/2dc29412285e4172afde385373a8edf2.jpg,0
4853,18999,63289,train_data/41ffc883c68f48ef814a692b2eb4cb76.jpg,0
4854,1693,52923,train_data/c6d6876379cd46b3beabc7f2c971c534.jpg,0
4855,12364,43248,train_data/eff57767278441e686888328faa409eb.jpg,1
4856,19489,16739,train_data/e9f41efea1a04dae99afeed4360a3d54.jpg,0
4857,4385,76274,train_data/b7974628e3eb4ab297e5188dc30fa750.jpg,1
4858,16842,6650,train_data/a54c597f2c944843995ca92c1a9bf5a6.jpg,1
4859,15450,16073,train_data/017bdbc8419340fabfbc3394f5ca4e65.jpg,0
4860,10157,65903,train_data/9ac2fb7ff41b4320944493da5554bdae.jpg,0
4861,3289,36629,train_data/2cfb8f64f4054ee3ad1b3c80751d8441.jpg,0
4862,17363,1000,train_data/e3af6950dbce4bed9bad384899cdc9bf.jpg,1
4863,2499,36997,train_data/2798496fcda04af59ff8ad9ee171d5ee.jpg,0
4864,6936,73240,train_data/119c508b091f4eb7ae2c680f897f7f0a.jpg,1
4865,8062,42735,train_data/384abccbdd674a4e844fdb372c90d628.jpg,0
4866,6271,56527,train_data/5f1c6b8f817b403daef420aa4a5eb617.jpg,0
4867,16108,41178,train_data/93330bc9f6b84fbb9ceff061a95c889d.jpg,1
4868,15334,54309,train_data/cb4e4787de854820b3cacebbdf396f25.jpg,0
4869,9507,8169,train_data/844bd02145d64cd78a239a0ab19dfdfc.jpg,0
4870,19625,11716,train_data/255841eb757647078a71314ab78de34c.jpg,1
4871,15777,78512,train_data/ca39bad8fb6f4003b30f75ecf1ed2453.jpg,1
4872,10048,59859,train_data/76326dcb36744f9497502df1cb1da94e.jpg,0
4873,17182,79423,train_data/edb3efe964f8494992c598c110d7244d.jpg,0
4874,2574,46853,train_data/ebb950d2d7584f519638927da1a460a2.jpg,0
4875,18577,40546,train_data/dc0187973a964506b7558076f100da05.jpg,1
4876,16461,42893,train_data/5877022d36b64f6ebe756082a9b662dc.jpg,0
4877,4220,51734,train_data/00911f26bbfb44998122df1e843f68a6.jpg,1
4878,5905,60525,train_data/0c03718c4cf84cdd8e1bc519e37be7c3.jpg,0
4879,13476,23668,train_data/a0623a64a0804ed9bdf0cbe8c14db429.jpg,1
4880,17606,61062,train_data/af9d55feb42d42e6a7387fff4d2a3ee4.jpg,1
4881,16689,12476,train_data/24f385db7df34e04895fa70f98138e8e.jpg,1
4882,13086,33245,train_data/d012bed2e10546e3984a8b8fe54ca30a.jpg,0
4883,9226,43203,train_data/452726c5b96a422abc7f4d5616071f0c.jpg,0
4884,13372,32131,train_data/45c3c71a8be1449f829763bec2a41af1.jpg,0
4885,6377,43037,train_data/23173390331c43fbbb100068f25827e5.jpg,0
4886,4089,5716,train_data/f008e3cf2cc04bfcaaae00428550d785.jpg,1
4887,12637,45022,train_data/54e6821c2d504c48addcd745c7fd8e46.jpg,1
4888,17981,68168,train_data/1c33b06e4a714194b4741c2c3bb9bf29.jpg,1
4889,8331,38983,train_data/92446129c3fd47a29bf8286f7a400d0e.jpg,0
4890,12295,15179,train_data/92cd5b52584c4ec6a7cf1e6780a5c842.jpg,0
4891,7298,64901,train_data/de109d0438ec428fa2c5246ba157b6a7.jpg,0
4892,3601,43480,train_data/e7e5011b17254f859af17fa719005b77.jpg,1
4893,7976,31806,train_data/d0426493d7534b13a58338a8ef824072.jpg,1
4894,12102,7290,train_data/049d9c89d33540df96391eb9d3a4df55.jpg,1
4895,18760,6268,train_data/67b43edc03044fd9a9bd3363f311cc6d.jpg,1
4896,18123,28617,train_data/fb73c4377a3043fda47e20b9c2521641.jpg,0
4897,13984,19218,train_data/100a40bb787e4214b8bdefab5ee70a02.jpg,1
4898,2923,78873,train_data/a883fa5b2f8947a9b1d1ad8a9f7d526e.jpg,0
4899,16530,45664,train_data/905cc8ea306f4d4d9ddb97df0c70120b.jpg,1
4900,1064,18247,train_data/a2b7e34d1ec34cb8b4a51723ce60c56b.jpg,0
4901,6143,55253,train_data/4affd87da07f49a392dd3ef4392381ea.jpg,0
4902,16149,60225,train_data/daa9fda3cb354b2aa06957b28ac0c0d1.jpg,0
4903,19146,24778,train_data/996db3e8f59647229aa490c08a996eb6.jpg,1
4904,1771,70059,train_data/90275d8447724365b90e80229c018504.jpg,0
4905,332,7082,train_data/5f30f14a649c41c3a742bc7e61047f17.jpg,1
4906,3989,58216,train_data/c91fe3eaca044e41bf2d780fc217f6dc.jpg,1
4907,9102,13645,train_data/3f8ec6335e804a71a1676df353cbf5b2.jpg,0
4908,7020,21082,train_data/7f9b509225764e02aaacd8ade84e4e8d.jpg,1
4909,3865,37670,train_data/4d278efad0e2499fa3e57523e4f0f986.jpg,1
4910,11544,62297,train_data/617ddc4a8098438b963063b304c62de6.jpg,0
4911,18529,73639,train_data/9e64d3b6206c4fc6ae2604f74f520ff4.jpg,0
4912,6753,68683,train_data/7182a11bb2cd4e55a3b1aff2dad770c5.jpg,0
4913,16443,16474,train_data/e29e2400c1a5440f975748609f3c688d.jpg,1
4914,19807,59641,train_data/956c9013c79649d58643117cff91b7e3.jpg,0
4915,12715,21838,train_data/66ef746cd1c14e75b182beca84c55fbc.jpg,1
4916,5282,52163,train_data/192e21e1a288493e9cb449a1ec4ce383.jpg,0
4917,15259,65753,train_data/f18ef5743cef47ecbaf0a9d2369469ec.jpg,0
4918,2299,5270,train_data/364b584afe834c9a9b2a74237a4ba013.jpg,1
4919,4467,14409,train_data/698e8aad20cc494984a3c138c23ee1d0.jpg,0
4920,14742,58680,train_data/fd297539213c413f94fe095331a796df.jpg,1
4921,19424,26034,train_data/02b8d90589404be1b778345ff665a2ed.jpg,1
4922,4246,19736,train_data/327553810ac64c87bc53e941b824f499.jpg,1
4923,5272,32417,train_data/dc3eff1ad4b94021b81a864caa9cae8c.jpg,0
4924,8344,43047,train_data/12e40c64d458420db604efc583f2db01.jpg,0
4925,13187,11856,train_data/2e8e735fcadb46aba4a79e63c6e4b827.jpg,1
4926,13796,24557,train_data/2bfe8f03c9e54e26b7c65453d0470d0e.jpg,0
4927,1683,12506,train_data/6543645f2d3249aea5fbe014c6c384ba.jpg,1
4928,8374,51270,train_data/f65a5a838b4c45a08213c8da5cbd5725.jpg,1
4929,19747,16570,train_data/faaca6c149254d24b95c38cd6efa04b9.jpg,1
4930,17776,21144,train_data/7c94440083734d7ca6e2b66c78805994.jpg,1
4931,9651,10536,train_data/20e714c5c6f64e11a0632728cba67cfa.jpg,1
4932,5999,12212,train_data/01e5cf6057304a2a92e10ed4ad39b553.jpg,1
4933,578,7969,train_data/581980843af84ac7b186efa25172c830.jpg,0
4934,15960,5106,train_data/6d7f735e5ac0439ebf78a239e98bdcc5.jpg,1
4935,334,41812,train_data/1952e567318842ac8d99cad2aeb34641.jpg,1
4936,19552,60988,train_data/e762f18b1737424a916e7c374c3e95b4.jpg,1
4937,10425,54579,train_data/4d68a71deb284394b666729b9d598bfb.jpg,0
4938,9734,41234,train_data/71d298554f4f45ea823a550a0ebe28f5.jpg,1
4939,4585,26911,train_data/6c466b5887734e6f8a591b860bfe3ad1.jpg,0
4940,6409,13109,train_data/d96e4f4a476f490796ada80854142065.jpg,0
4941,14640,3788,train_data/78dd0d68b3064259bdd69143eab1a0ba.jpg,1
4942,15965,48691,train_data/290ada1a0bd144618dabc3991fb387e9.jpg,0
4943,10206,44455,train_data/8af5ba41a838455a95387ec1983bb909.jpg,0
4944,676,16132,train_data/f30c3f6f50044277b66afd5770c249e0.jpg,1
4945,14364,47437,train_data/ae8758e52ca2498a8d427b173b0fcfbf.jpg,0
4946,12269,7192,train_data/c193521db09a493eb673c5eb01599433.jpg,1
4947,9529,11873,train_data/34b0499d941f4d71adc3da5b51c4ce0e.jpg,0
4948,782,39784,train_data/03a6c3b4fd7a4ae09eef8ed85dfc8714.jpg,1
4949,6648,15347,train_data/9d461d47d63144f48acd98d751db14ee.jpg,0
4950,6281,54730,train_data/815ef372b4014bf5ba0481b070aa720d.jpg,1
4951,17075,48255,train_data/c45ae46e87054671ba88f039df3828ee.jpg,0
4952,1796,63505,train_data/4b3d57478eb34a4ab996f831c62351b7.jpg,0
4953,13539,16460,train_data/a8ef136188c841ef8479095f91aa670c.jpg,1
4954,18849,36213,train_data/e6ac77c4d92343bc8142970a3a228772.jpg,0
4955,9666,61825,train_data/a10d879de44248a59a8574c5b1d62373.jpg,0
4956,18253,46500,train_data/58427daee9014d26bb6561e33c749d5b.jpg,1
4957,11488,72594,train_data/910674a687ba411fb81da81e0b528591.jpg,1
4958,8797,2941,train_data/3cdf65eb8e3143a4b6851cdd5b24170c.jpg,0
4959,15533,69976,train_data/09953b77cc544c858e60899b437f05c1.jpg,1
4960,16027,60668,train_data/27d8e48eb975495396be3dddde39cdc7.jpg,1
4961,3166,6752,train_data/f0eab7bc9c69499fa5e3e1d0f0cc16da.jpg,1
4962,4061,46655,train_data/06d6b915e86e4ea989a610fd73363170.jpg,0
4963,8145,75823,train_data/2bac96a3902f4e83a340e5b9690fe43b.jpg,0
4964,9990,58495,train_data/faf3a2ca053d4293beef14ea09c0fcee.jpg,0
4965,5605,11791,train_data/cad57565d4e349628ca3647dc593b27c.jpg,0
4966,5814,65071,train_data/60729e548b7e45909e44384201da6aff.jpg,0
4967,2836,21569,train_data/f365f94f87834157b6e672af8c0fbbc1.jpg,0
4968,11627,5970,train_data/fe29537caad044c7b15fd3ec4fac15d6.jpg,1
4969,17051,75655,train_data/1e3ac63d9b8f41dc86bba7f20c937e20.jpg,0
4970,1955,47490,train_data/78fcbd24f1ca448eac0d3012c74eee86.jpg,1
4971,12704,11310,train_data/1e8b9a5820b241cdabac980c1d2ca51f.jpg,1
4972,8941,39438,train_data/62786ecdc18c4fe797238958a2104be1.jpg,1
4973,10510,25846,train_data/fcbca5374b4342a39c9dc0f417da2cac.jpg,1
4974,19663,36717,train_data/9c3007f4cc2148b7af594784b9e23cb4.jpg,0
4975,13697,32604,train_data/7fac4ad7dafb46168d31dc65c35759fd.jpg,1
4976,11631,15875,train_data/8f40d4f8de524adc91fd5a5268c5cd52.jpg,0
4977,9798,35953,train_data/9e2fa3b2f9934f4480ed294e82554654.jpg,0
4978,533,73687,train_data/c16714fd064346a998fd564667319b37.jpg,0
4979,13630,7652,train_data/a058e86ccacd4d8cb53a04ec5349e739.jpg,1
4980,469,29423,train_data/33b236a6093b41ab837a34d9f8fe08dc.jpg,0
4981,18924,58456,train_data/9a24839006834068b80a6247cf3cbc08.jpg,1
4982,11900,70321,train_data/68a0ba8b42c44fd2bcf824e55f689b40.jpg,0
4983,11843,33619,train_data/6a348c79d16e48eba555e684807f2222.jpg,0
4984,3761,22654,train_data/3129c6297fcf41409971fa20dc5f2fad.jpg,1
4985,7306,50482,train_data/e67f565ad70b4b7e817441b9e9a0eb74.jpg,1
4986,9282,20848,train_data/8ed12a758c8543f798b6fb36649555a6.jpg,1
4987,14969,59852,train_data/3650f20be44e4087b184a579d86d8189.jpg,1
4988,13478,65617,train_data/c7804310d43f466ca010da5939f23002.jpg,0
4989,5500,14717,train_data/a489407b36594163a86087fccf2d6ff4.jpg,0
4990,1266,64511,train_data/d3653e9e520141f8a87646b8a1908f21.jpg,0
4991,5849,24280,train_data/6d8927ee011149f89f67453139ac754c.jpg,1
4992,17244,36359,train_data/79f1ef7a271047e88b4a5901a229cbf5.jpg,0
4993,6504,43181,train_data/a6fffcf71476460f9a56f6992bee8b28.jpg,0
4994,7539,62839,train_data/c10dcc45f9054960b00f249eaf8d23e0.jpg,0
4995,13636,21138,train_data/02360d0fbe57403397250f545bf488b8.jpg,1
4996,3780,42121,train_data/39d43741ef50414481db9978ffe91b8e.jpg,0
4997,12559,41385,train_data/d428b8fd069a4b2296a32878ae01f45a.jpg,0
4998,8522,27681,train_data/d8e56eccee2a4275829abd4b5066d767.jpg,0
4999,17123,63526,train_data/d5a0b6d10cec47aab026ef03800bde06.jpg,1
5000,13815,26523,train_data/323d2cf7b1ca4bdba062131da899dba9.jpg,0
5001,14090,45064,train_data/cffe80fdd19645cd80d06964eea88497.jpg,1
5002,10192,7343,train_data/597fcdecdc4b45c6859072170363f397.jpg,0
5003,19959,64404,train_data/a7cd3dae105b46bd93a3742aa5ed1a85.jpg,1
5004,6659,45723,train_data/274ae336611b410e8fd6eb4f7b7b3896.jpg,0
5005,1566,59794,train_data/d909ed1865e64fc6a449773dd4828542.jpg,1
5006,11262,27548,train_data/2a6f6453af3f48fabbef44fbbcd98f4d.jpg,1
5007,7731,10658,train_data/a91aad2fb8b84fe58e8799ab5887f7c5.jpg,1
5008,17026,76352,train_data/7d10d4890f244b9a98eda43ce0b5754d.jpg,1
5009,4514,16170,train_data/787c9fe29b194cb5bdd177d5f8fdb878.jpg,1
5010,19196,64457,train_data/28c745a17ce24821967ad1923e742903.jpg,0
5011,9655,73372,train_data/ab806ba1af5c4d80bba6509c166399c3.jpg,1
5012,5893,27950,train_data/a1783bdee9214dcb92fb8f6d70ad1d82.jpg,1
5013,19132,42184,train_data/8f6b06ae8b8345e9a83a57fe1a6d790a.jpg,1
5014,1544,46909,train_data/7cd93ebdc72b4e82bb34dc82d4a4c033.jpg,0
5015,11402,15881,train_data/7f11f5794eff40018f2b4888c838ddb7.jpg,0
5016,11419,74419,train_data/5d55741d1d964b7ba490c7a5b7c4ccbd.jpg,0
5017,16373,48453,train_data/b073403321cc40079128712a1c9eb5e2.jpg,0
5018,11892,44666,train_data/2b21a6241cbc4304a95915a130426207.jpg,1
5019,15181,17967,train_data/65938fa9c8c64166aff761bdf036d16f.jpg,0
5020,14639,12797,train_data/3fdfe01945374596b6a10ac818e32873.jpg,0
5021,5749,6322,train_data/d73e55db4b294929b11472d5d8047202.jpg,1
5022,1281,8898,train_data/39b298cc3f2140bd805c28c579c4fb36.jpg,1
5023,15987,1647,train_data/9b86d94eb49741848a420c12916bde55.jpg,0
5024,12491,78268,train_data/73c72cc6067f43e59881e775dfbe8f1a.jpg,1
5025,8877,26334,train_data/6a8704ce2b904669b579007bff937e67.jpg,1
5026,2471,48930,train_data/b2f412a10d614796a6a35c02546ec615.jpg,1
5027,19292,18138,train_data/a0eb47f0b5094138a25c0f85ba263641.jpg,1
5028,11522,9082,train_data/6c1eee12a7f8452588e0eb3cdf402fee.jpg,1
5029,18236,11820,train_data/2dcf1d1d6ba1417db918f2025bfe8d86.jpg,1
5030,13838,57689,train_data/7488712c38c74ca99a035df538b2add2.jpg,0
5031,8756,73111,train_data/ee60463348ba4b97a417f21436483e80.jpg,0
5032,11941,63051,train_data/9325ff44971548578a320dc5de8cc228.jpg,0
5033,6164,47082,train_data/411e8f76e74d49dea22c8e4dfeb580de.jpg,1
5034,19712,64720,train_data/91fa03b04d4b432c8fcf125596a07e7d.jpg,1
5035,11761,35309,train_data/0bc3280c5143420795783d51e06c8134.jpg,0
5036,9625,53362,train_data/4380d5784c7848818a6ea237d32a575d.jpg,1
5037,4126,4103,train_data/713ce9773d454827ad6af1f09c8d0be5.jpg,0
5038,13729,9801,train_data/dcea8265505a40bf9470b9d5634424d7.jpg,0
5039,8139,50350,train_data/500c6c61ebd14e8fb84cb22f6cf1e25a.jpg,1
5040,3599,70619,train_data/592809d0c0dc4f3d9752699cfeaf81fc.jpg,0
5041,7810,46997,train_data/9ae2e09415a14ea287f27761b5d167a0.jpg,0
5042,14147,57098,train_data/968681a29ff24cb1aa68a5bcc1d4f460.jpg,1
5043,6847,53860,train_data/5a9f513419fd4c92a0c5311fa5f463fe.jpg,1
5044,4294,33533,train_data/1d651e18b9914430bf38794078e574dd.jpg,0
5045,8319,66862,train_data/00228a35d4f94ad3b64837f29420d1ab.jpg,1
5046,5928,43812,train_data/2cdb7df7568a462596e4fb4bea0eced5.jpg,1
5047,11107,33917,train_data/55ed95cd4a9e44219cd5887821b5422d.jpg,0
5048,4093,51202,train_data/91aa412edaff4d64831260d07376c33a.jpg,1
5049,18890,71767,train_data/72f186526bf84ac7a050178b05b88a19.jpg,0
5050,14654,960,train_data/3f60d2311edd46cfb1e6cc7f9e62d890.jpg,1
5051,12032,29354,train_data/373630537b674be39dff70db37b4d628.jpg,1
5052,8211,34418,train_data/b7e187b09c2342b084c670c8346c199f.jpg,1
5053,3402,64283,train_data/4fb530784eee4077acb263e03e6f168d.jpg,0
5054,16329,37444,train_data/3812c87324b84af58d10a8a1154be9e3.jpg,1
5055,9989,3010,train_data/f9a34772214642509649b5f3e4f1047d.jpg,1
5056,18822,9633,train_data/9327c3a19bc247df8ab7c72babea0f98.jpg,0
5057,13005,71285,train_data/b48393167cfa4c0aae3d59d95d9961c7.jpg,0
5058,13747,6748,train_data/e4abaf3176c64ecbbd1866506f219d37.jpg,1
5059,8153,45669,train_data/942e3f65fb764978bf3a5355973a7011.jpg,0
5060,9195,33185,train_data/6778b72e37a04ab583e35eb8754c4ed4.jpg,0
5061,10747,16293,train_data/7ddb593149cb41bc9f720e341641632d.jpg,0
5062,11643,51346,train_data/ff6d20d1ff1c49e18a2a53577e114050.jpg,1
5063,17598,78715,train_data/2cbc48754ec6418fbb12e7008cfdb32a.jpg,0
5064,11537,74657,train_data/d6e95aa6cf9a478cb82d14c4c4765239.jpg,0
5065,16998,79110,train_data/3eb4f687f2764a7d890a9a745eac3a7f.jpg,1
5066,6061,25686,train_data/3ad9c17568fe4076979ce102006bbbff.jpg,1
5067,3986,60534,train_data/1e3f17c94853449a84618d1aa8865a08.jpg,1
5068,17257,7459,train_data/99eb0371a2cc4d8b8a0797b249ea85ad.jpg,0
5069,9543,18739,train_data/698f454c5e2b464583875600305d116b.jpg,0
5070,10186,3644,train_data/e3fe760a3ea6427d9a8991c4e48f7001.jpg,1
5071,3824,72584,train_data/5bfe42c517c14ffca36508e6b506c173.jpg,1
5072,17728,48525,train_data/89b61027a9d945bdb5bfe8667433da86.jpg,0
5073,8279,35856,train_data/ee57827a860c42f08cb9a32211cf970b.jpg,1
5074,11403,17555,train_data/145b737e3566499fa6d10141fc10c9a9.jpg,0
5075,19095,325,train_data/8952870d1f08469fa2985808a55b5416.jpg,0
5076,18971,5479,train_data/791c70de7437428097133e9bbd810e49.jpg,0
5077,157,833,train_data/b5a8766242dc42708f2cd496afa4c74a.jpg,0
5078,10447,66861,train_data/8aa554e5decd4259bd7b6a74f698b8ee.jpg,0
5079,188,28358,train_data/722cd15a514641339d86fbe1a1c40414.jpg,1
5080,3577,19619,train_data/804a4c89e95846feb5c491e9c97b937a.jpg,0
5081,2493,60918,train_data/95eced5585664831b9e5a6d37868547f.jpg,1
5082,16960,41934,train_data/b823fd5f0d924d0483dc78c71cfcf674.jpg,1
5083,14964,65259,train_data/ce29ef4380b8431cb6d079d045617793.jpg,0
5084,6091,14336,train_data/2422d7a94f70425ba3d4952478ccd994.jpg,1
5085,8382,33277,train_data/41a30bfd4f364b68b5a4f357be824a33.jpg,0
5086,10134,18864,train_data/5118e9da286c417aaa8d113fc4c2ed6f.jpg,1
5087,17695,15606,train_data/39d8ead1768c4eafa3c507706916a3e7.jpg,1
5088,19812,44977,train_data/e8baae30a23f471d8295705bd659cf37.jpg,0
5089,14850,3195,train_data/58ca6c44ae5f4aef99e1c716fc6f6e18.jpg,0
5090,15224,36957,train_data/15acf35ad69c4615b698fe94dd0f8642.jpg,0
5091,11680,61486,train_data/d281f3ea74bd472ebfdcde56e44f3643.jpg,1
5092,13022,9951,train_data/6cbc213167fd4a04a25356c3df8eab0b.jpg,0
5093,16095,29879,train_data/6828a9ea3e7f49c5986bb79db6a657d0.jpg,0
5094,3013,8979,train_data/d19afa51ddb440d28224ae4254359b60.jpg,0
5095,10373,18010,train_data/e17923d2c2d24b1e9584c588c21afcba.jpg,1
5096,11092,53513,train_data/003229e7b4e349e984fb4b1d814f6ea2.jpg,0
5097,15307,2827,train_data/32241f397e96477f935b4d1637701443.jpg,0
5098,19730,17643,train_data/c1b38fd39a5f455a80403e5fb910eb35.jpg,0
5099,10059,59266,train_data/0dd80f4487d049929c2e0e21a9c9d453.jpg,1
5100,12960,36830,train_data/bc45eb6d8bed49a0a844a26d12c415dd.jpg,1
5101,9222,16604,train_data/99a5cf1e20704d7781ec6bd965abb115.jpg,1
5102,6088,44362,train_data/59acb4c0147d4252a999eb5d3e692baa.jpg,1
5103,11398,79836,train_data/8381e21923c147fabbe525c0790b19f4.jpg,1
5104,12885,35279,train_data/e7b21dc1993b492f8158ffb775c3a289.jpg,0
5105,3639,12082,train_data/2cca8edf9a20492d8be75eff50c61557.jpg,1
5106,428,50640,train_data/a02ca92ea06549c38fa36fb386896547.jpg,1
5107,13693,50306,train_data/f47a409b8446406981bba6c5b908f2f7.jpg,1
5108,14142,14697,train_data/c339f36e16d74149837ca2f63d1acd36.jpg,0
5109,18303,20412,train_data/21462e54b3f642aea77c134a432c4dbc.jpg,1
5110,19840,25285,train_data/56c11323c9344e1ea26238c2db4a3035.jpg,0
5111,14741,74432,train_data/90c8c5bbccfd455b859c31f8edb87d8a.jpg,1
5112,9975,10254,train_data/4517fe423f1f4952bd76a9ed763254e7.jpg,1
5113,9811,68415,train_data/3ca2eb70359740e8a7611ff3407f1fbc.jpg,0
5114,9660,31633,train_data/bb8fa3201a6f4bdfa8b07b86def16923.jpg,0
5115,2359,67809,train_data/6f01fcd159c84b638a912935e37bc85a.jpg,0
5116,673,61027,train_data/28db548f1d8f4d35bc390c605217ad52.jpg,0
5117,11071,34399,train_data/e3de79544bfb4a6d88fa3dd36df1dfbf.jpg,0
5118,13755,76757,train_data/b6803ef51d304ce7aa77120b9a841cdf.jpg,0
5119,13802,27801,train_data/813868dafa9742e3af8cd979be93217d.jpg,0
5120,15469,79321,train_data/a8e1d19cacae436092641f99f0845d7e.jpg,0
5121,8138,1219,train_data/a08f8d1ae60e40e9aa306d9e96fea4b9.jpg,0
5122,2820,24018,train_data/86ad061df43c47019e4f0862abcd4063.jpg,1
5123,10110,14534,train_data/718a77a55b2a42b5a285231b504d102b.jpg,1
5124,14030,5325,train_data/d870645e6ce74a4eb52b5f3e6b21ae41.jpg,0
5125,2791,24056,train_data/48ba7f5331fd4a5882804da2faca3973.jpg,1
5126,18715,58247,train_data/81cd55d8e9d44a4aba320ecb14300436.jpg,0
5127,17064,57625,train_data/185f21a7805049beb02e4904b5896d39.jpg,0
5128,19936,56047,train_data/c14f79403b094cd79b8511003a85434f.jpg,0
5129,15531,61411,train_data/672028bab28642a1b54d3d8d54d21fbc.jpg,0
5130,1326,31030,train_data/8c93e0ce671b4ea99e2e7ae4b417e3d5.jpg,1
5131,17752,27000,train_data/c1ea759a107344388e8a1be988ed2a13.jpg,1
5132,14340,53045,train_data/4f7d1acbe1f04c26ab8b433e7d4d5a8b.jpg,0
5133,14876,8264,train_data/ae7c987dfa90456ebec26c7a09b5742d.jpg,1
5134,915,55885,train_data/dfef003eb1ad494ca4b2a31d73f3b033.jpg,0
5135,10735,6512,train_data/367d1c39739e4998bde70da6ed3f3915.jpg,1
5136,12776,55787,train_data/1989bc3b929247a794aa206714d7dd06.jpg,0
5137,1650,64521,train_data/1a4f86a61aa148029579f786ce27ca61.jpg,0
5138,11608,3707,train_data/3074e38141ff448287ee4daeb6b148e4.jpg,0
5139,11651,32082,train_data/4ca5fe6f197941f693ae017839c58e3d.jpg,1
5140,7582,74684,train_data/fc62d3501a314dc8a4b5fd2a94fa03dd.jpg,1
5141,5211,23037,train_data/09ac3367e0314d0c98a7174054df76a0.jpg,0
5142,8255,18438,train_data/ed87c9cac90844b5bd3043b59580a5e0.jpg,1
5143,435,20949,train_data/0e9a7b06bb6e4f09959e458957bb5d9d.jpg,0
5144,6672,33653,train_data/5b6b6e99644c4f9481a52b9e489f870d.jpg,0
5145,14205,63360,train_data/93dafa6034234438b0de90206696b8a7.jpg,1
5146,14078,14766,train_data/82d28e3ef624424b8ee411fc101ab545.jpg,1
5147,17494,39834,train_data/67e8d3748f5b44e4973cb7158300d040.jpg,1
5148,18161,29506,train_data/4c376d58af794ce19ca9b9469e1d773f.jpg,1
5149,2562,3308,train_data/e7b627125c484f7a94c71237a7b25f24.jpg,1
5150,18737,54866,train_data/96752189f8f847b98ebbd5f0f7afd3ea.jpg,1
5151,19023,71275,train_data/de800fedf6af4f0a9885c6a78df13b01.jpg,0
5152,3198,31144,train_data/97e58f4652304427a73ff7237bb259c0.jpg,1
5153,14999,52596,train_data/2fa9545015d94107a99843eccf9b7a93.jpg,1
5154,16188,7208,train_data/b4d458414fdf48ca807dd0d11791b5d7.jpg,1
5155,6357,3425,train_data/15cea086745a4d86a8409d01a71f990e.jpg,0
5156,9159,36904,train_data/0482061297844c66922bd46b61c5e469.jpg,1
5157,16519,2574,train_data/2663b47b154e4bdcbfe2ed332ff508e8.jpg,1
5158,5647,50308,train_data/de24c29a6269436089a4f3e58e85aa86.jpg,1
5159,9814,37110,train_data/898de56990a446e7a11dc3aa74d6129b.jpg,1
5160,19466,35216,train_data/14d308d484d341c7bd9126dc8f036835.jpg,1
5161,6237,39622,train_data/0f9034f08baf471fa9f18b14e2bfbf0c.jpg,1
5162,17807,38934,train_data/794fc1e88c8d4a4eba3f1c0d7eda6928.jpg,1
5163,14633,46927,train_data/ac1e286b9e5046469da3eb2f143751d0.jpg,0
5164,11117,15578,train_data/d5e6113f8ac248e09f38924f21492f8f.jpg,1
5165,19273,25172,train_data/3ef7a0c62be3481fb3d2737b0887699a.jpg,1
5166,12499,31472,train_data/32acc464ead948ccb299e4bef7df96f3.jpg,1
5167,16825,7010,train_data/4f6e8ee58fc94ae0b40cffa9b1946665.jpg,1
5168,10600,15101,train_data/e5b064fa97264bbdb24ad3f21c124825.jpg,0
5169,14829,51797,train_data/3aa7779456cc4b98b3e1cd975eec1902.jpg,0
5170,15544,53857,train_data/00323c0d402846f095c5475be8f48f40.jpg,0
5171,10992,15576,train_data/f64d68ee4ab64b8f9c3c2c3372538c12.jpg,1
5172,5028,27975,train_data/cc3ebe1f8f5e4b40bdf417897409b18d.jpg,0
5173,280,75189,train_data/e3884dacc0ed45e7bb077ba417c1ccfa.jpg,0
5174,19956,72315,train_data/096914d716ac4005b84b61d9a25ac18e.jpg,0
5175,13958,51808,train_data/74523da5f35540fb83202a2c3008cf27.jpg,1
5176,17418,12890,train_data/a66ffd0aedc849178c8bf5c106804994.jpg,1
5177,16156,17820,train_data/c0c23f99bf4f49599241c126f7f2ef91.jpg,1
5178,19265,37002,train_data/8da859a8a44446c0ba103b796824e90c.jpg,1
5179,1643,47247,train_data/4006af1b41ee47d7b603118ebb15c67f.jpg,0
5180,1889,6392,train_data/489a5e367c1f41cabcecd6dea5e2b17e.jpg,1
5181,13268,57695,train_data/950432e8383c4d44ad8ba68dce6c30e4.jpg,0
5182,12120,61071,train_data/4ca2b5e37f1b400dbc6f3101dd415441.jpg,0
5183,12574,22583,train_data/d7183ab69f314fd4b849edc74105ccd5.jpg,0
5184,3594,11484,train_data/cfc74c36680e485f8cb8e17928def921.jpg,1
5185,2996,34882,train_data/b1053b1e03ec40c6a13aaa9d8ab801ee.jpg,1
5186,4501,37409,train_data/409d1c22377b449e98fbaef1cb61bd76.jpg,0
5187,10979,23257,train_data/f379234d0d0b4dd998116f923d3db2d6.jpg,0
5188,12610,512,train_data/b7d0f06ecbb54b97b4c8eeaefd629769.jpg,1
5189,3193,4643,train_data/436df5f535b446ac84ff65f21ea30fbb.jpg,0
5190,7405,77455,train_data/5e1811052bcf40d6aa600aec2ee7ddbd.jpg,0
5191,14261,39171,train_data/3318f7e57c4c4bb79ad9ff9926fc825b.jpg,0
5192,8035,56280,train_data/a596ef7119cb4c5bbb721b3f2d1b3f6d.jpg,1
5193,18270,2247,train_data/4d39134c06ed4aff899c422b60e9e827.jpg,0
5194,18916,71054,train_data/70491fcbc3cd4d4199143f3888ab96c1.jpg,1
5195,19592,16399,train_data/5d3d72afd4504a4f81dbef1854f245e2.jpg,0
5196,575,56928,train_data/ff01c3a31f19409a99dfc7cfb5fd9ea2.jpg,1
5197,12604,40351,train_data/859b6ef861da44fe9b4354d418ddc184.jpg,0
5198,1352,31025,train_data/4cb419321ba5412e9508c8bc6f88d0eb.jpg,0
5199,3902,21254,train_data/8b1f88d079974a8dbdf8d1d23b422241.jpg,1
5200,16953,30586,train_data/fbc8fa3742ed44aa95dca703afb6af2a.jpg,1
5201,12146,71715,train_data/580c25b6427d490c8104295b0b13cea8.jpg,0
5202,4154,58372,train_data/f558f6d489b740569019f9fbbef0a6be.jpg,1
5203,7625,8842,train_data/da93a5f6103d409f98bd4c20d72c2253.jpg,1
5204,16036,72136,train_data/1e15122752ac49f5ad33d2eae7287b79.jpg,1
5205,505,46259,train_data/b4facbff79984419bb3c74666af04508.jpg,0
5206,2857,35366,train_data/12df59512494457e8616ef0cd75072b0.jpg,1
5207,7315,41419,train_data/07a53a9ca2384369846aa8009f334b27.jpg,0
5208,1432,27317,train_data/5c8948edb25e433aa6b486cc5eb7fafc.jpg,0
5209,4554,7481,train_data/527cb8dff8d64a9982b2775bc31a8c4e.jpg,0
5210,11056,28576,train_data/2ae7cd0689f54b1691e11ab914ab183e.jpg,1
5211,9800,39505,train_data/52c29540e29d46cc8897bfa968c6df0f.jpg,0
5212,10019,10284,train_data/16f15a702d2e4778b889b6eed89fb9af.jpg,1
5213,8452,37227,train_data/5a8e519c5eab4b87b1e974ad6d608dd5.jpg,0
5214,9809,6478,train_data/74dbe987693f44adad32b6c3bdb1d3bf.jpg,1
5215,3371,9203,train_data/96bca31d20a443fbaf23bba32791f4ad.jpg,0
5216,4367,12165,train_data/d6900de4d2224ff79b7d3f05167f9c16.jpg,0
5217,13049,53999,train_data/02d0f26b24f4496fa11e633859961233.jpg,0
5218,9530,7640,train_data/696a19959ad947f899b9ddecc2baf4a6.jpg,1
5219,7289,68228,train_data/029abbc52e004a99959a82aff9fe5990.jpg,1
5220,610,66544,train_data/a9b1e357128645b6947a90fd76889ddd.jpg,1
5221,19089,23861,train_data/dd2f5f628a1a41fe8def4126fdc66e81.jpg,0
5222,16360,72149,train_data/b8c848c5a3744ff1b1d2e7efe8ba32a7.jpg,0
5223,10879,49027,train_data/0c5b459495924cdaae8ba3ee53dc204f.jpg,0
5224,18676,71891,train_data/bd2e3a4dcdc04e5a97f80b3bdc8e1040.jpg,0
5225,9997,17729,train_data/dc80bc74ba96459492db20f4f9acdc01.jpg,0
5226,9238,64983,train_data/a4e09ea933664e4b836687d128187462.jpg,0
5227,14242,37863,train_data/18e825bd75314f9c92a295fd0cf7ed8f.jpg,0
5228,16060,58979,train_data/8bc4f837c900476091b7b4bd4a5b822c.jpg,0
5229,17501,15170,train_data/0d60614fc3cd47ee94b9540eca8ccbcf.jpg,1
5230,17095,77462,train_data/200d5e84325f49c590b42c05c3e10806.jpg,1
5231,3448,61998,train_data/7ae002004c87455385a53eea9d8b8880.jpg,1
5232,14000,65023,train_data/6da893be7362418e8dbb9d5a68c739dc.jpg,0
5233,4800,68662,train_data/41e64faefb224dac91e8027833446e78.jpg,1
5234,10360,8740,train_data/7156b0b538c54dc8b778a230a4c54d42.jpg,1
5235,13795,21104,train_data/33dfb7964feb4e28bc29c43ab7ae5218.jpg,1
5236,10280,51186,train_data/81374433b4004800a1a11c00230bb2f8.jpg,1
5237,6148,26556,train_data/0fea04a16d534d6abb5924aeddaab021.jpg,1
5238,17366,68533,train_data/33bd80eaa90b4cf09257842ad26306ed.jpg,0
5239,7917,61185,train_data/23f6666803b94862b7cb8423c8605b8d.jpg,0
5240,11253,57824,train_data/862228d2faaf4dc19db3e2e8cbd78916.jpg,1
5241,5662,69418,train_data/643449441e774a3db4f78c5a6b407817.jpg,1
5242,3944,68609,train_data/e04d177175de4692b41c23641f5a3cf6.jpg,0
5243,11872,10815,train_data/84660b36a0564bee979faacc1ac83c48.jpg,0
5244,4308,16034,train_data/1c6d59710c164089b727686395b7f7ab.jpg,1
5245,2919,9955,train_data/7a6759d897654918b7cece86de78df96.jpg,0
5246,3501,56149,train_data/83cfaa39f7414482ba50ead40aa21edd.jpg,0
5247,19617,12997,train_data/0fcd7c7f69694c94b1bd03ac5d90a478.jpg,0
5248,4660,59458,train_data/a4a9a136d4f345019d173b739eb7fab6.jpg,1
5249,15912,18151,train_data/bf3f45a54ed840f494ea5905a873fe49.jpg,0
5250,19357,54308,train_data/6074c897e6d846168c3cb03ffecc1086.jpg,1
5251,19310,43892,train_data/fccda208ca114ed0b2546eb677bcc23a.jpg,1
5252,10125,23127,train_data/82882c7b1d7e4cc89aa72e8af0ed8bf6.jpg,0
5253,15478,44249,train_data/a6c95be024c0474e9c8b011a59f668da.jpg,0
5254,448,50542,train_data/5da09a1c9a014f60b174c96a6e3507e4.jpg,1
5255,11833,67720,train_data/499450851fab4568b378a8afc74afb08.jpg,1
5256,15446,4660,train_data/f818c194e0bd45d4bc735193245930d4.jpg,1
5257,8825,34786,train_data/060bf15952a24787bc515322dd7c336e.jpg,1
5258,9303,68562,train_data/9720af4379e44f48afe30e6cc7cb0c0e.jpg,1
5259,17380,26884,train_data/732773ac474b49a1ac59bc519a9194cd.jpg,1
5260,7149,58660,train_data/a567bb7be80a4900824d386b600b75cf.jpg,1
5261,19328,4669,train_data/ca2e8d3db64745b3bfef4595bfdeabe8.jpg,0
5262,13259,27418,train_data/9cad785484f24f5c91c1e79fb8cb2be8.jpg,1
5263,13485,61357,train_data/4593852147d4463ba99be25f72d37917.jpg,0
5264,13084,4128,train_data/e248a1194e5549c69e00d8db5434dc08.jpg,1
5265,1127,46107,train_data/bb04d3e12e5645ad84668afafa6dd934.jpg,0
5266,17103,46256,train_data/86995935315349758dec22dab8f46c57.jpg,1
5267,4407,47596,train_data/beb2e45795ed401499a81cfbaaabefc3.jpg,1
5268,1799,43595,train_data/d92d174c10714e079461e3bb510c3da8.jpg,0
5269,5333,45290,train_data/761e0d2f3ed24dea834700f81a376541.jpg,1
5270,16011,21193,train_data/d1944fbb4b3548f59b10fcc57e359bb2.jpg,0
5271,12138,17579,train_data/d08ecba5ac1b4f9685f42c952d8359d0.jpg,0
5272,9757,20492,train_data/1e64bc9a0c0e49408da47c1c7cf7a5b9.jpg,1
5273,10646,46645,train_data/68f22f66d63840f895c604431b368e0c.jpg,0
5274,5015,72910,train_data/4ca560d828f440e7bb6f27f604c43e8b.jpg,1
5275,5952,67516,train_data/0971e000f3394365a74e8c9dc9da87b6.jpg,1
5276,9875,73868,train_data/006a912e4a5b41f294407c8a1229f749.jpg,1
5277,3441,72838,train_data/7c71a5f7726547528de9cc879bce4dd6.jpg,1
5278,9072,32950,train_data/2fe5452eaa7a43e3a5c3ea6337d15738.jpg,1
5279,13935,25455,train_data/bbdc7f2a9fca4d86bea98aa2354b2e8a.jpg,0
5280,13505,45548,train_data/deba2c4060f64ac69f2c9504ac31a6aa.jpg,1
5281,4384,29686,train_data/6b8cb6bd403348ee9b7c44472955aae7.jpg,1
5282,4288,75067,train_data/e07d2be073a54f92ae6fbdf8405222d0.jpg,0
5283,14911,55643,train_data/7440f172b7484a8fab28ae5afa6efade.jpg,0
5284,9242,53663,train_data/2c3218a1a78f4800b2e501da3e39544e.jpg,0
5285,13934,60995,train_data/0a07b702cedd4c43b5cd03e2e170f911.jpg,0
5286,11727,26367,train_data/9846b1b70491487ba81c1d789e72028d.jpg,0
5287,12099,24308,train_data/75b9420fa29f46fc8f5471319e582924.jpg,1
5288,3260,40030,train_data/f0f47aa164cd4cd59871d117155d4c77.jpg,1
5289,14957,12791,train_data/b99b1cda315c4690bab169cade7827bf.jpg,0
5290,19396,35263,train_data/d25cd2e33ede401c83bc20ae306cf5af.jpg,0
5291,6463,77541,train_data/f17207bd7c3b49c4801e5a75d08bc539.jpg,0
5292,7554,55670,train_data/d0e250cd68e94a658b856c3c76ef04b7.jpg,1
5293,8678,59306,train_data/9442eb91ec824b00a0dc0dd9cb8ff7c9.jpg,1
5294,15644,27670,train_data/3f8fd87e2fd94b829122305c06f69148.jpg,1
5295,5070,20294,train_data/8d8db01cc3f946bba01de277decf9edd.jpg,1
5296,18499,73938,train_data/a22dabf43ba54d5cb50abbff87a9d596.jpg,1
5297,2947,29560,train_data/5a6bf044e4754b6ab34762c2de20b067.jpg,1
5298,2840,30618,train_data/a2809712e49b499a8043837e6af5d7df.jpg,1
5299,8099,66587,train_data/f40a950fae564e16a4f0a45f1090eb4c.jpg,0
5300,8165,58355,train_data/79e97288b2274e7ca84d950f134a9c49.jpg,0
5301,13371,66938,train_data/304a9ea279394a1fa19107702606d253.jpg,1
5302,177,69978,train_data/867993fd92f0401f88e6c792cee932fe.jpg,1
5303,8284,9735,train_data/9d32486d3d54451c9d4d9f935b210555.jpg,0
5304,12585,53684,train_data/42dc80fb38204ecc924c2c31aa83202b.jpg,1
5305,14176,52731,train_data/d5ca59e15e45444f9654e0c044e89ba4.jpg,0
5306,12104,79041,train_data/5d08c98408a44b3e99396a6dcc96a76f.jpg,0
5307,8582,7541,train_data/fbfb53809e234a90a7435149486488e9.jpg,0
5308,4081,10173,train_data/128976daad0e4c869cfe5151703b8772.jpg,0
5309,1511,77405,train_data/bb3d1db071dc442db69f57bd9ca52d43.jpg,0
5310,14068,1678,train_data/ea38a9c267a74cd082ee0f4d6d6b269e.jpg,1
5311,7881,51114,train_data/1affdfe6b11e4213a91207f31759ba11.jpg,1
5312,3942,25845,train_data/92c251a563134fc2838f929575cff875.jpg,0
5313,9246,46067,train_data/30129a3de8e74f93908b0cb77c3ecc81.jpg,0
5314,17963,6298,train_data/fba119d5d413487ca0a554c3c2686ce9.jpg,1
5315,12740,9682,train_data/5e5f74c25af049939d7cff92054e04da.jpg,1
5316,12655,53484,train_data/f560b17f328440fe8f67441357f198b0.jpg,1
5317,18332,36729,train_data/8dd94a92c1f34950b5836d9f4ede442a.jpg,0
5318,7534,35295,train_data/d5dd333c776145d1bfeb183e3cc44d2c.jpg,0
5319,473,73497,train_data/c84eed1da6a1457fa10cbd27a8447377.jpg,0
5320,10075,63304,train_data/b063c4919f1745fdb754b167b47de78e.jpg,1
5321,18836,58121,train_data/d95c4368a1934e3798ca187c64a886aa.jpg,0
5322,1846,79279,train_data/b659e29848574ed8a9ac14b7b09e30d6.jpg,0
5323,16765,32248,train_data/f5b861b640d44ae18f6a36adb4bb6ef5.jpg,1
5324,9520,54896,train_data/eefa073de4874860857e04a6e28fe6f5.jpg,1
5325,8332,67599,train_data/3c22d7a90a5d41f989d4282a6312ef69.jpg,0
5326,11274,55646,train_data/0cdfb26c376c48e7ac37108a20c25977.jpg,1
5327,8623,64449,train_data/0cc6c28e493b4e20abe2e6ba8a9d7e13.jpg,0
5328,6290,9484,train_data/84a60418640049fb88a0162471931168.jpg,1
5329,10989,65692,train_data/27006ddc51c84b6081de4a724ce1af9f.jpg,1
5330,1327,4087,train_data/b440fbaaccfe40ddb0f01d0eb8681aa4.jpg,0
5331,16403,72772,train_data/d263fae039864253a4b3239482c0d800.jpg,1
5332,3418,13884,train_data/5ce9ae98fccd4748908a1ea864576be7.jpg,1
5333,18157,31121,train_data/51fde4f06ca24d8081781b41116021fe.jpg,0
5334,14058,13793,train_data/0a7930de410844889fad0ad4909e4f1d.jpg,0
5335,5598,15292,train_data/ce385fbb316147e3b05f08f94975c698.jpg,1
5336,1681,53209,train_data/e88e442c43f0415dbbf347ae3c55b696.jpg,0
5337,1452,72680,train_data/1af2d98cbeba449cbe9887872c8aff81.jpg,1
5338,775,11512,train_data/dbcc93c79851498db22f3ad3a11777f9.jpg,1
5339,2109,67351,train_data/95759c84146f4f2cb386115d4d347618.jpg,0
5340,19947,11496,train_data/8713e6f5f2114539b96c59d7800ccf1e.jpg,1
5341,13961,73990,train_data/f7d7615871a747e4b6a4b7975156b2a0.jpg,1
5342,10368,58989,train_data/97fecdc50b814e59b19b56b1b88ad8b2.jpg,0
5343,1365,77084,train_data/6f9fc050eab94409915dd0a7eca3fe5e.jpg,1
5344,8088,12141,train_data/18950c101fe8415b83b0cdd046ba3cd9.jpg,0
5345,8891,3451,train_data/29a40195cd9d4cbf86140ef445f531f3.jpg,0
5346,12553,44662,train_data/953fd759a0f3409594e73f2b71facd66.jpg,1
5347,10184,27282,train_data/f3b631ee558a44a5b0d541d766373c32.jpg,1
5348,15857,54582,train_data/3114e9e27a634526816e18a4bbd386cb.jpg,1
5349,7751,33404,train_data/6dd1407565e24a2bb4da0a1276395862.jpg,1
5350,299,8598,train_data/352c88a15ed94322b1a7a9ef3cc7d7e5.jpg,1
5351,1107,41897,train_data/16f9ec848c464f369667ea3bb192a240.jpg,0
5352,850,34534,train_data/85fa290890c04106ae8b726cf8b8145b.jpg,1
5353,5436,20292,train_data/480677e663d0444fb0588c00c780978a.jpg,1
5354,8917,60903,train_data/2d07da12470448389f64dd130d776d88.jpg,0
5355,7451,43228,train_data/a5803fb3352746468cba1bcc98ab8582.jpg,1
5356,14692,3414,train_data/0a10fe85b0b049c3afebeaad3e9b79b4.jpg,1
5357,2246,73414,train_data/f15dc32e4e694db4bb83d52bceeab8e8.jpg,1
5358,14485,72397,train_data/e5228edd3a1d4ade94b8733630b25411.jpg,0
5359,13218,78226,train_data/f0e971d7127f4a8e8a11faaa7d1151e4.jpg,1
5360,3031,54108,train_data/c179471e11fa4c75a9b8931cb86ff0cb.jpg,1
5361,1608,1165,train_data/e02298f710a84ca8aa1a85bc31f3d434.jpg,0
5362,14548,15442,train_data/7b6bfe897c3f424caf5a217c9b9a27fd.jpg,1
5363,11955,24065,train_data/960d69fa9b0e4ad4a6a3b4a8899cb3de.jpg,0
5364,8,62265,train_data/11ee9a009cbd4b0cb6d47c7f3ae7cbe1.jpg,0
5365,18624,52464,train_data/e0c4fda139934108b34259db720425d0.jpg,1
5366,17238,1689,train_data/06a1671486ba42fcb3616b6a9294bb88.jpg,0
5367,4040,49618,train_data/ebd7f86a5bbd4c4ab2772b2e6e28f5d5.jpg,1
5368,10388,10093,train_data/4aa57695b4a14613a283d8a2599fc2ac.jpg,0
5369,12538,59745,train_data/fa81cff2a465476c9ea7aff894cb6d57.jpg,0
5370,11505,42804,train_data/26a03456736c43b897d1a04e264f5bc6.jpg,1
5371,17901,29886,train_data/61a55dcf5ef6426aa2559fb80e2e4c3b.jpg,1
5372,12613,27514,train_data/ea8abce610d4422e9d591abcd9c23eb6.jpg,1
5373,8936,38446,train_data/a58078356c2f465ea35d55d05056a78e.jpg,1
5374,5101,5102,train_data/6553221fbdd748b9986a651bc5c77422.jpg,1
5375,16260,73161,train_data/0271f88fa7a5497f8d08c9291d0bfbd8.jpg,0
5376,15029,44251,train_data/3628f662b0744d69ad24f009ccba1f51.jpg,0
5377,3097,55148,train_data/6edc7866b47b4fa6bc14dd4da01a2b27.jpg,1
5378,10656,582,train_data/fe102da72b9b46628b447acc39704f56.jpg,1
5379,17497,14277,train_data/90eca3af3f7842809fa197fd7822b0f8.jpg,0
5380,4787,12200,train_data/d81d2052effa4eb89be5a9c1e28b5172.jpg,1
5381,16328,7891,train_data/b52158b781fe40dba8295b9a3fbe70eb.jpg,0
5382,16776,63935,train_data/99188e9626b244a78ca915379ef3aca4.jpg,0
5383,6444,56258,train_data/036372099cde463aaa9c73cc4d2cf6d9.jpg,1
5384,17699,36333,train_data/162dfeb2fa23427a9ee0bc21b34ed470.jpg,0
5385,16208,20338,train_data/324f78005a1d439f9d3cadcca8507fce.jpg,1
5386,8922,67419,train_data/74109a193e994bb5b338db51cc160175.jpg,0
5387,3657,5982,train_data/6aadf1101ed346dbb891bbf329294a0d.jpg,1
5388,3706,45656,train_data/146a62e324f644f49a6aa493f4a3cbc4.jpg,1
5389,1190,72322,train_data/4b28a7a25b124a829659960d6a3b5c49.jpg,1
5390,7275,32648,train_data/ce3acd14db6146c9a627fa8a02643ef1.jpg,1
5391,7157,13535,train_data/fe368e60b766447fb10f9e3f36febe15.jpg,0
5392,9172,6225,train_data/6d63441fedde4538aab8f13f4d94e650.jpg,0
5393,7479,15673,train_data/0093d8f365164690b8527a0da58e5e7c.jpg,0
5394,9598,36528,train_data/ba07bd7287044d759ddd485bc268b70e.jpg,1
5395,13744,28035,train_data/2dd22cc61cd5495284f3318c4d84315b.jpg,0
5396,19179,50958,train_data/3fe39136722844c08a2168ab5ae4d9e8.jpg,1
5397,18677,21379,train_data/8ca1aa951d424fe4bcbfa56664bd59a5.jpg,0
5398,15256,13641,train_data/ad522bccf86d43e4b7b90cc883211eee.jpg,0
5399,9185,42478,train_data/62029e1b3e2e42feb419bdde78d4d99f.jpg,1
5400,18036,54767,train_data/2c12d87e091a4a5b92b2d8676541f5b1.jpg,0
5401,14760,16750,train_data/5c1d31b0e1cc4ddeae758ef480afe314.jpg,1
5402,15878,77623,train_data/be36b1c91ba041f98e8d88b0a7bf2723.jpg,0
5403,11573,71207,train_data/339677c9f322432a84387c8a0ce0340e.jpg,0
5404,6427,48416,train_data/02535eb97784466ebb4d23d1147148b5.jpg,1
5405,10127,45182,train_data/c864b728bd4945fcaf9f710d0f190598.jpg,1
5406,6442,41700,train_data/6bdca068f001409390446c463336cb4b.jpg,1
5407,5925,29640,train_data/c83ed25a754441ed908bba6297bae020.jpg,1
5408,12281,22350,train_data/733a2de08c664157a0e1c765bb8c7c11.jpg,1
5409,10163,23310,train_data/fe469f4f82b948808cb9d8c6253d1777.jpg,1
5410,7885,42061,train_data/29461e2775ec4fefa93b276f5e0f852d.jpg,0
5411,6590,55072,train_data/c53afa7799ce4103ad9eb0b2e17317dd.jpg,1
5412,14540,5089,train_data/f3af60165c1647588d3760b5726c4af6.jpg,0
5413,11568,59440,train_data/f5f4777f002f456ca2b84365f5e99f0c.jpg,1
5414,17990,10656,train_data/e4e6afb07b17479baa7b6e84293580c8.jpg,1
5415,2478,16402,train_data/84bf04581c7b4da6b786a1779de0f315.jpg,1
5416,7524,63661,train_data/946515889c144bb587c173c4fe505573.jpg,0
5417,13132,78459,train_data/771bb6a18ea14e2a99da670360d697f2.jpg,0
5418,10097,18684,train_data/c50365c03da642f2b718abcdb0bbf85d.jpg,1
5419,12684,19151,train_data/3d9971d8303649348c2d1d3277c0bb63.jpg,0
5420,6202,69484,train_data/ac131ccc2b4c444087f0016a27f68b08.jpg,1
5421,1808,61679,train_data/b7008fd500614f9ca93d137be90b9d4c.jpg,0
5422,18775,33285,train_data/52b22f63938c4847b222c7263d067479.jpg,0
5423,17706,17612,train_data/500105cb919946c99400a32bd6e3bf3c.jpg,1
5424,6179,47095,train_data/7302a66b44db4deb9951db1cf78fd2d0.jpg,0
5425,263,20506,train_data/a4b7c56bc961410bad9e1611fec2c9c7.jpg,1
5426,9325,2182,train_data/f5e6aedb689c41deb2f7b433967ea5a5.jpg,1
5427,19258,46563,train_data/9345224dd9a64615829bc4b4f816ee18.jpg,0
5428,19260,50714,train_data/1753e177148c47a68eedc6bbfdc8fc1e.jpg,1
5429,15435,67281,train_data/6b50b9fc5abe48edbc37bdaff3916521.jpg,0
5430,14048,3872,train_data/163d245aebec490c848e2ca634a6c3d3.jpg,1
5431,1571,67723,train_data/18d8c53e7aba4a47a63d1e5079796ff0.jpg,0
5432,12179,53990,train_data/cc1af80f167446ebbcec756aca3c20a9.jpg,1
5433,15991,11128,train_data/5922e1ec46224e67aba3500f6f076e7b.jpg,1
5434,6467,44577,train_data/eea66ac21b284d4f9ba00859860dea76.jpg,0
5435,9052,212,train_data/a2060c4ce0de42668a1df66af2f0feaf.jpg,1
5436,16297,41402,train_data/2998c1f0b78e4d33836e4946679282b1.jpg,1
5437,19827,8581,train_data/608cf013f83f4d808ad4a56f4e741ac5.jpg,0
5438,12406,53957,train_data/1b90355096f24e3aa3f3496a4f8cb9e1.jpg,0
5439,1370,1402,train_data/d1a3cfc613754503ba8aaa3d20a9c706.jpg,1
5440,3090,56284,train_data/a80b54abc2e74a2080ac1b8f23b6bbfd.jpg,1
5441,5038,57168,train_data/dcdebe76feb24aeda55eb20305444172.jpg,1
5442,19349,4786,train_data/df4e49081dfa430c813ae5b4a3202d9c.jpg,1
5443,8057,31962,train_data/6141f387284849a391d6e254ca541b99.jpg,1
5444,9977,25942,train_data/063198cb4cde4d92a048b7a0590d61ae.jpg,1
5445,9262,55428,train_data/6d7d3c53f485417c931cca1a8ac2c389.jpg,1
5446,18460,30901,train_data/f5122b013d7a42ce99bccf3885b27e2e.jpg,0
5447,16580,45016,train_data/c0e912ecca4545a6bbd18d106ac6e346.jpg,1
5448,5597,11930,train_data/c254e767a1b8421db1fa4346b17b3071.jpg,1
5449,6466,3835,train_data/1119eabb3b304155929a7e16e548b289.jpg,0
5450,13824,27325,train_data/d5ac6c29b65c47a18d36673916c15079.jpg,0
5451,7914,62717,train_data/f73aa2f683324df8beb91cb2af931a50.jpg,0
5452,9502,6963,train_data/35196bb1d55f4dd38ef16354ea5d003e.jpg,0
5453,7221,75275,train_data/537adb1b89b54daaac4033bbb7721507.jpg,0
5454,14185,54118,train_data/a3f10ba9e2254bbd80424b83b167ee1f.jpg,1
5455,13173,10698,train_data/8aa1561d5ce241778f7af9571cf8bdfe.jpg,1
5456,18567,41468,train_data/6dfb4af506d54f0cb79c0b50ceac2a79.jpg,1
5457,9426,57350,train_data/1c382de30e814f5db310c6015b139db1.jpg,1
5458,12319,37545,train_data/d3327885e0914690b837c35b70896410.jpg,0
5459,11449,23428,train_data/0f8a0419f9454f399b4990d4a8bd9ce4.jpg,1
5460,16375,28458,train_data/0f486220bd934f2d9d8613913fd6e1da.jpg,1
5461,7428,8777,train_data/d2bd9d318aaa4d4289740d7bc05f5c94.jpg,0
5462,5971,57301,train_data/fee72ed1bdf14e6dab184c9a97865bd5.jpg,0
5463,1976,73429,train_data/fd17d8f40f9e44a8add3854e2a0dac16.jpg,0
5464,10204,43222,train_data/421d3bb1b0294eaf9ea316739a949087.jpg,1
5465,1442,17749,train_data/91b7fc3c2e2d4716ba272a0c5d93c910.jpg,0
5466,5601,47144,train_data/361f125d3a6a438786ac4cc8b66865f6.jpg,1
5467,18273,58722,train_data/f79a070052ca484b8e14c51c154b7e41.jpg,1
5468,2309,17876,train_data/c0c9c0edb2e54412a7fed676a0677437.jpg,1
5469,13653,17436,train_data/f97bbc18dc0f4e6f914807dc6284f0ec.jpg,1
5470,1766,78632,train_data/1793ca0d8e574f6eab79c7e09eaee698.jpg,1
5471,19563,38993,train_data/78a158675fef45a9bf25aea1fdc5a11a.jpg,0
5472,9382,43462,train_data/d2b095b2f551495a93ad819ad38b1277.jpg,1
5473,9489,36778,train_data/043935451bfb48a29e76fe07f77cbf5f.jpg,1
5474,1488,18727,train_data/6d5da23cbc5c4e9bad10ec27b79925ee.jpg,0
5475,4907,68698,train_data/af331e84a1b749e998985257a89f367d.jpg,1
5476,19153,77070,train_data/127c13e369964faf8e5b4fc742da6710.jpg,1
5477,6954,5142,train_data/f922d23754994c5e9c3374b6710bd6bf.jpg,1
5478,11882,3955,train_data/59ef2a5a447947e2958c4e4391f6046c.jpg,0
5479,16155,18933,train_data/6c3f7dc540394c789b899baf112b692b.jpg,0
5480,7801,52710,train_data/c8de09b4bf3a4445b6519ff4de925539.jpg,1
5481,8147,33634,train_data/6cbd1443ee35436ea50c774fcc6212ab.jpg,1
5482,13687,3601,train_data/a837dc3b5ef24384987cb445e8c769d6.jpg,0
5483,7113,66443,train_data/c24f4669380545a697ac96981dadfe17.jpg,0
5484,7387,812,train_data/757adf511b1a46a5bb34ff522d0c7e70.jpg,1
5485,4638,37730,train_data/f89e2fedbdae42e4a22053eaaa563fc2.jpg,1
5486,10038,65331,train_data/8b907e67d96a4cd3be7a62fc6a285492.jpg,0
5487,10504,48800,train_data/60d8fbd858c14332a8fd952092a1f3ae.jpg,1
5488,6547,72502,train_data/d1163a376ffe4ffca5c3b34175009cf8.jpg,1
5489,10927,66584,train_data/fe0b224d75f1436abca1dff81a54b0c0.jpg,1
5490,1655,53253,train_data/285caa3a655e430893b8abb474546803.jpg,0
5491,9012,27336,train_data/c0668a525cee44ce8dcb8b71d129caeb.jpg,1
5492,2861,56781,train_data/5a52773006e346629031d0fd315b3b87.jpg,0
5493,5431,61459,train_data/5753f11cef724862a8e4bc10ddf6caf4.jpg,0
5494,15884,66968,train_data/622d41aa883d44e7b8a4e9cbd8a047dc.jpg,1
5495,2183,1126,train_data/619bf823831a4015ba478cb94a2c5ad7.jpg,1
5496,14927,13623,train_data/3820b7e012b84907843e4ecb27e199e1.jpg,0
5497,7886,33170,train_data/79f70703292e46b68be65df5fa9904e8.jpg,1
5498,18744,40091,train_data/5f255fff26774522b8ee4fd77b7024b3.jpg,0
5499,17610,71618,train_data/20a867240f3a4d7c9ea61f7add9ad032.jpg,1
5500,9467,72777,train_data/3092d71ab67140a687439ee89417861a.jpg,0
5501,16497,43866,train_data/6f98f200a3e1477599783ff557dfd14a.jpg,1
5502,12457,28945,train_data/ff2c3c36977c4c9fb7f134ed20d585a8.jpg,0
5503,4812,5182,train_data/1368d2a749404a40a86a06b92b0e0f8e.jpg,1
5504,2126,47434,train_data/13b946e723c6482b981048725e3d9bd2.jpg,1
5505,19856,36162,train_data/0ace61f4e3fb44e79ee75970414b78ba.jpg,1
5506,8541,15393,train_data/80de66b84950478d8b9b8028cc8474d8.jpg,0
5507,1011,38116,train_data/0ac5274b5b9e4f26b0a9a9377d8feeb0.jpg,1
5508,8359,29082,train_data/25caaddd89e648509bc74a6286491167.jpg,1
5509,2088,49215,train_data/36cbd3e64e22490aa21cbe2b07d95c11.jpg,0
5510,17915,4347,train_data/5a839ab3515149e48d885475c867385f.jpg,0
5511,981,79386,train_data/b1cd4686fdd04be48c7c32b8762a553f.jpg,1
5512,5792,63946,train_data/3b576418f9ca42b6b2d6da8aaa7347e9.jpg,1
5513,6434,78593,train_data/85da24a0806b4e96a0e96423b64aa701.jpg,0
5514,14854,39472,train_data/16d1607488e94a7d96b4ad481aea2628.jpg,1
5515,4834,52359,train_data/c8ecc2e38ead4f6b858e72a69a92d6b4.jpg,0
5516,11688,55829,train_data/0fd7959e729c46b48d12dbe16e8316e1.jpg,0
5517,5267,13774,train_data/83ffd25ddee94289998731950d3a5f1f.jpg,1
5518,12133,50122,train_data/d1d1bb90a46b42b485893d1505441287.jpg,1
5519,18537,54686,train_data/e7c69e4f12564896a918501505a9c761.jpg,1
5520,1246,7515,train_data/2b4177fde1904f748d73a8990d1f5769.jpg,0
5521,7033,22508,train_data/3c055632debf472da938a7bb31ee42af.jpg,1
5522,2074,3559,train_data/27f1c70361d6457e856209f23e239e27.jpg,0
5523,7307,23080,train_data/1a16528686ab450fb045027f9d6023ec.jpg,1
5524,7030,15056,train_data/7528ea93a9ae4047b8cd4d515d42f88b.jpg,1
5525,16574,31698,train_data/18f0f5a5b97140b0be3eb3edd4328b62.jpg,1
5526,8815,44578,train_data/2adcb3d931084e988816b53192e1992e.jpg,1
5527,3290,51207,train_data/1ce0cbc798734993922df87f072791d1.jpg,0
5528,914,43252,train_data/797165e6ab6f40699773f4688c9f89d4.jpg,1
5529,16820,66005,train_data/cf628d2dcba544c893efaeb86bcbfc89.jpg,0
5530,10346,17484,train_data/a6936fe9c7b943f88e2cbf87950202a6.jpg,1
5531,11050,36459,train_data/36fd60c2ffc5436f86b0c7a37aaaca52.jpg,0
5532,10995,26109,train_data/efa4c40ae44e4b0685f15c6c1ec4953b.jpg,0
5533,18817,66698,train_data/c57775c7f13447d89b302d7cdea29204.jpg,1
5534,11729,56046,train_data/bfc6913ea58746249f767ec4eafadc78.jpg,1
5535,14546,15069,train_data/5d7f42abefba41059e4de8124ff41095.jpg,0
5536,5723,1846,train_data/a4746366a3a04e5e8025626dac74f416.jpg,1
5537,8398,42236,train_data/a89c7315347d4f43a126f32a2c40202c.jpg,1
5538,15175,1644,train_data/7bfa2ca5a7ae4fe1bd802b8e25a40b5c.jpg,1
5539,7924,13345,train_data/34f39845d7c24f1991e80c9f0419a114.jpg,0
5540,13278,73471,train_data/e4971c04e2d745f3ad67af84aa357fbb.jpg,0
5541,15371,25228,train_data/e37abd73db0d4f68bf29ffeaee6e72a8.jpg,1
5542,17021,2554,train_data/83f206ec47c8421ca1d4f0d06e0a4b78.jpg,1
5543,16935,62535,train_data/403f7653ee3b40ccaaf5110f6d300ac5.jpg,0
5544,3387,47206,train_data/53b2e0b32b16449b89a07a04ceddaabe.jpg,1
5545,16799,42132,train_data/e8b149048b8b45e2913eadc8241e60e8.jpg,1
5546,6699,46852,train_data/25b776fa60064b17934b76fea9764021.jpg,1
5547,15196,6843,train_data/7d9ee044595b4bd8850f5cbed8583c72.jpg,0
5548,7588,24393,train_data/65147529f6784ff19e9ef6978a3256e2.jpg,0
5549,3813,7615,train_data/c18c8e686fce4096b8baea1a9ffa3547.jpg,0
5550,796,68762,train_data/86238738b8f34a9a96b0c1dd3a616d84.jpg,1
5551,10202,9652,train_data/f2c50f05f2d24a05b8e67881145f2dca.jpg,1
5552,7802,66343,train_data/24873aa5aa69446687413a9f334f2df8.jpg,0
5553,17117,64833,train_data/ff7c2d43181645928d66462260545c18.jpg,0
5554,2619,10602,train_data/510c33029b6144ce949473e0f4ecb897.jpg,1
5555,6027,3284,train_data/9694c240583241cbb541aab9d5c895fc.jpg,1
5556,9273,59445,train_data/fed1f9c95eba4d9f8e839919a4764024.jpg,0
5557,1748,32912,train_data/bca1e4a5afbb49049e36fcccab1a706d.jpg,1
5558,11009,14918,train_data/174862270d1e47a89767e6a63cdc8461.jpg,1
5559,10834,23008,train_data/204dbcab898847d69277d37fc97eec7d.jpg,1
5560,5309,69970,train_data/f98692c0110b4090af182798cab18dc0.jpg,1
5561,1122,38781,train_data/049615f9fd8440ac9ac35f0e885c28dd.jpg,0
5562,3101,18555,train_data/cc3f2f60bcc343f7b3991adec4add44b.jpg,0
5563,84,16701,train_data/bb89f40db5914b51afb12dc13692ff51.jpg,0
5564,10835,77205,train_data/98944c59dc4f496a82f31d6b9a978ebf.jpg,0
5565,17292,47791,train_data/f32c4d74ad044344a2ecd3c07c5baf6d.jpg,0
5566,13549,965,train_data/0819d7a375414666a0bd6e679f53344c.jpg,0
5567,10902,25466,train_data/3092c1ad7cef4e8685484971eb5225cc.jpg,1
5568,3099,23787,train_data/2758e831f4a34db398695ea60c9e4c39.jpg,0
5569,9561,30316,train_data/3d4770ee49d6486d82ef9f085bb6312b.jpg,1
5570,17991,54768,train_data/027349a92dbe4d87ad13b78d27879c77.jpg,1
5571,16040,23137,train_data/296a8ab366d24dcd90257c2f52b68633.jpg,0
5572,16830,2515,train_data/1091b0a69af74f58bd24c3365f0718b1.jpg,0
5573,18086,27872,train_data/88787b8d424f4390bf9b59479a165ff4.jpg,1
5574,6750,76032,train_data/deda215231ca46da8385d7a034f39366.jpg,1
5575,12164,39868,train_data/8aa4583fc1d041a4826599dbe061a1b1.jpg,1
5576,10193,43101,train_data/70871dd3fc054340989a7b285ce4ddf2.jpg,0
5577,11852,37001,train_data/ca0098a9df61461d9be5dd491ea13336.jpg,0
5578,9630,56242,train_data/9be5d73291f84581b5e5eafa347a3360.jpg,1
5579,16265,47389,train_data/9eb3834b4e714dc49715f92c3c7ad3ed.jpg,0
5580,13389,19683,train_data/d48902e6287e4c62ba69a53f2882683b.jpg,0
5581,6759,45205,train_data/98864297f8114f0c99c7dc08b92851ee.jpg,0
5582,5118,31128,train_data/6bf9895558d447eb889aa711aeffdc1d.jpg,1
5583,2231,6062,train_data/df74495be00c48128918ba8d79db49d3.jpg,1
5584,17567,65559,train_data/f42bec0db232441d866acf8b4015788f.jpg,0
5585,3053,68083,train_data/e58e861e49fe42afb0d742abc9940501.jpg,0
5586,13886,9214,train_data/ba6676faed1c4518be7804a0b7f347fb.jpg,1
5587,9501,20839,train_data/57f0a3f001be4841bbf07b890e73e2e5.jpg,0
5588,6757,64616,train_data/92d3cfc0d2bf42e1bea54c215a4ae757.jpg,1
5589,9770,5952,train_data/b2b0060396e1434da93a031f1cb3c761.jpg,1
5590,1592,5266,train_data/843fc19cf5964c288d069e5d196e2a59.jpg,1
5591,4850,75461,train_data/771b57dd805b46b084503488b0a0faff.jpg,0
5592,5711,47071,train_data/22a23df5c18c47ceacf4b27c807135b2.jpg,0
5593,12799,60606,train_data/58ea5fd8b799486da858a84e84a86a9b.jpg,1
5594,9128,56605,train_data/e6874c8b1f414736af2b9c1d48429e32.jpg,0
5595,7591,17483,train_data/4647cc5d3f254ed9a462a0dbf8c05b17.jpg,0
5596,3221,52476,train_data/8f72e9b196664251915e1d24d7a551cf.jpg,1
5597,18994,61070,train_data/d0930f3dc7c2472d99621f1e1f720c06.jpg,1
5598,12305,36664,train_data/101af6908c3b44d097ee7c6addfa692f.jpg,1
5599,3546,36926,train_data/c54aa4da801d488aa5e6bcbc7f132256.jpg,1
5600,7071,53862,train_data/24cdaf14b6d04ffab5d8fd5e4f91dbef.jpg,1
5601,2404,18357,train_data/8f54a03c1547489db322d816bb21ac00.jpg,0
5602,11140,72321,train_data/1cabd9d870d7438daa966b2c97dc33bb.jpg,0
5603,8796,25375,train_data/8f370ca88fe64922bb737881d24e5b7a.jpg,0
5604,3369,22638,train_data/8e31e5856b484d5faa7c5bdaa0fee7a3.jpg,1
5605,7988,27417,train_data/dfce1e57c8c647b5a486c58aee29c3ee.jpg,0
5606,6551,28416,train_data/6ef359ca78e44afd85bb60edcc7d12a2.jpg,1
5607,14034,71634,train_data/c580b9c4946d4718b89de76afac4f683.jpg,1
5608,17107,18144,train_data/df2c5c6a7ad34bfc8c43c2bc11976afe.jpg,1
5609,11914,20124,train_data/092e427f9eb74fabb2982a017920c557.jpg,1
5610,15270,37700,train_data/19c59ce752db42eb9e6b8ceec1f49208.jpg,1
5611,8600,4093,train_data/28e546840b9c4821bb8a6cbe6ee5ac42.jpg,0
5612,13727,29626,train_data/447659aca18645c2a0a62e213b53b6ee.jpg,1
5613,14251,62156,train_data/60bc05b29db047049c74b05d6721e972.jpg,1
5614,434,37032,train_data/82cf23e6c1c242259f4e20685d71d099.jpg,1
5615,2528,65825,train_data/f682035167244371af8d63aba295d5d0.jpg,0
5616,10612,74497,train_data/de439e02edee41a3bce4bcc86a8b511e.jpg,0
5617,4856,20638,train_data/1b5a1fb133594f8e8f65cfa4b49d926b.jpg,1
5618,9754,38298,train_data/20257b43f6754b458a3ad5d46db2bd0c.jpg,1
5619,19583,23924,train_data/00fc5f0e30c146acba17dfb129deac49.jpg,1
5620,15095,54872,train_data/26659e014f1248c7b1213a039bbf2614.jpg,1
5621,2834,36255,train_data/f3b62b45e0c2417d87d05a91c59accee.jpg,0
5622,2203,36353,train_data/5523abfc068548c7bd71819d6141ffe7.jpg,0
5623,3445,3003,train_data/4e9841f36ee44f639c1dfce806bc9144.jpg,0
5624,14421,79255,train_data/67ac9c42478f46cba96d9fa3d630f8e8.jpg,0
5625,18720,23835,train_data/89e8c40f4e064e3d819d2ab30724ea8b.jpg,0
5626,509,5473,train_data/83e6b393e8894b0db3243ff166c4d618.jpg,0
5627,4280,44281,train_data/ce5469a779aa4f8d986296df81ac4e24.jpg,0
5628,13388,51403,train_data/548a2eb070664bf48793bd3da1c4038d.jpg,0
5629,17880,73746,train_data/b1037d18c7d34fe9b2606ff45641ba3a.jpg,1
5630,15336,21626,train_data/ce37a7416657458fb830a12f1895eb51.jpg,1
5631,19975,77064,train_data/5fcf0f4e8e044fad972e309f612b58b3.jpg,1
5632,5689,27820,train_data/ac710ff5f4884402b163d783599cb578.jpg,1
5633,11099,34634,train_data/c23a6039779e4e4f96b45a9b39247375.jpg,1
5634,7061,5941,train_data/c1e97744f0b54ab4937f3c1be4679410.jpg,0
5635,8902,19767,train_data/e297e751339f4b51bc3db40e057defad.jpg,0
5636,12044,51957,train_data/a92ac4863d5749d39cbdf79aca36e4d7.jpg,0
5637,11226,16336,train_data/f3b248e6ef1342bfa69ed7fae0d6de34.jpg,1
5638,9659,32677,train_data/381fcce37bf7411690f200a3fab09756.jpg,0
5639,9402,30025,train_data/752eb485350b4b3bbe12b1350651baf4.jpg,0
5640,13080,27035,train_data/6445e541e15047199a4897f75008e238.jpg,0
5641,8354,49417,train_data/d26501b6c1de40aaaf0902dcbcaad831.jpg,0
5642,19493,16718,train_data/58e503595cc9492cb70eb2de85165019.jpg,1
5643,17969,3124,train_data/6d54e40a90374ca0b702c5e2338f8ee3.jpg,1
5644,6186,56841,train_data/71d70871087a4d11b822fb3191f40459.jpg,0
5645,932,76537,train_data/1557eb2b9ab84fbf8ad47e89fa089d19.jpg,0
5646,15414,3873,train_data/c7ad842c79c14787abe4a1e8acbba591.jpg,0
5647,6790,51817,train_data/bfa44d27d2014e1b8150e6aa1040c5eb.jpg,0
5648,12705,71046,train_data/676fa1e1c94c4f0d970f351ac7f430a2.jpg,1
5649,8765,73978,train_data/ff9238953a6147f4aaae34f17b8cfd38.jpg,1
5650,3685,50898,train_data/da5415595feb4a778fcf99d9f498e1b0.jpg,1
5651,3484,5005,train_data/b60052636e474ec2bf09b3b348c8eb20.jpg,0
5652,12141,24699,train_data/ab6d278ca13f48bfbd8af926dde548c0.jpg,0
5653,9299,56855,train_data/d41283325b8341f0821c0c5cf1494d9e.jpg,0
5654,16326,8639,train_data/1afe946d819a47b2bcc0ff9a6414c39f.jpg,0
5655,10327,18963,train_data/e3ff047376514cf9bcc38221b008fd2c.jpg,0
5656,18919,76069,train_data/854d0dc414fa45b092399ce94f8c93df.jpg,0
5657,3337,52155,train_data/f855b9b5e4c242f2ba9291b8d31a7728.jpg,0
5658,1368,18979,train_data/5edb8cee98a541b7b2ecf2f2ff5cee67.jpg,0
5659,18447,14655,train_data/92021cf32cf7463cae57ff1d06c6ce53.jpg,0
5660,18736,4440,train_data/66fafad3c05e4245b00bd127b7294d45.jpg,1
5661,1547,72593,train_data/03fce30bd52f45838515ded33681cef8.jpg,0
5662,14632,77583,train_data/043eb0d9c0c8476da893f626e4c6ccbb.jpg,0
5663,2584,67105,train_data/405983ed756c47f191041b0bdb98edfe.jpg,0
5664,9871,52007,train_data/c252a49b84634df6a3a8883567f561a7.jpg,0
5665,10633,20075,train_data/c229273786c0482e9919b4fd0f5f2363.jpg,0
5666,13985,1817,train_data/ca368b3b80c14d8798d2c58c9a91054e.jpg,0
5667,18078,9694,train_data/117e6fc7beaf47779824c5fb4f4f0861.jpg,1
5668,1818,56952,train_data/ae7926be49574df7beb07626eb0b8e9f.jpg,1
5669,7981,58856,train_data/41ebe1b263ff436aa8bfe9fdb2586269.jpg,1
5670,14914,30597,train_data/a4027714dfff49e793074fa87f076c94.jpg,0
5671,353,17479,train_data/fb8a370ecc804cc39b3f16018440f37c.jpg,0
5672,9055,6617,train_data/2f4d5ef7fd6f4218a25970d9bc06ae9e.jpg,0
5673,19180,9264,train_data/a7ba04020e8c40428fa8bc1a58b03538.jpg,1
5674,1082,19809,train_data/28c69405fc834ea5be43d43afcb09d28.jpg,0
5675,18727,28886,train_data/7dcc1a102d2440c68ac3b3847c698025.jpg,1
5676,6959,32865,train_data/36ed98c22dbd4d85ac5cf90754e9a925.jpg,0
5677,1935,79512,train_data/a88a0fa07b8c4225a3c00217189b26fc.jpg,1
5678,11901,30669,train_data/4f05f01848234b96a3c805418635c943.jpg,0
5679,4899,8525,train_data/703ed30fb3884d4fbd4049051d567923.jpg,0
5680,17493,6105,train_data/8e1484318c12472d9d2126aa80ae6786.jpg,0
5681,5657,73383,train_data/5fca011e20e74b76aaf4c8dd494e3a8a.jpg,0
5682,19870,51099,train_data/549e92860f764cbc9ffbbfae0b35bd4d.jpg,0
5683,7472,60039,train_data/d937736c0d6d464f89e0fa498b2b10e5.jpg,0
5684,3991,36012,train_data/092fb87616bd42e19822f85c6011c0b1.jpg,1
5685,3447,41463,train_data/c32859a23e9d48d9b87167c7ee3df025.jpg,0
5686,18466,9760,train_data/daf5463393a947cab4d3fc3902f1a20b.jpg,1
5687,7765,15878,train_data/376cda9b845c49898b76b8b7e637ddb3.jpg,1
5688,17463,28773,train_data/c1879ce96349499db88f06f1458fa1e5.jpg,0
5689,12511,47467,train_data/53f5efcdbecf4f9f91421790322421e7.jpg,0
5690,11687,28658,train_data/dda968a06bdf4c17b99933aedc3b6a21.jpg,1
5691,18234,36485,train_data/202889944dd64871913111bfec13057b.jpg,0
5692,13631,60953,train_data/c35db290e4c742e9bfe0963ec8434f53.jpg,0
5693,11032,68254,train_data/30cf850569c04c7f86267d2a216fbc7e.jpg,1
5694,2564,1182,train_data/1d1419084c364a91911fd7833e2d8be3.jpg,1
5695,2918,63125,train_data/d723ac4d37fd470fb4dac6df845ae695.jpg,0
5696,4595,9267,train_data/97b6a3eff8c047fabe80c164c00d803d.jpg,0
5697,5157,22868,train_data/5f4e2495559045759137744630a64510.jpg,1
5698,5847,17832,train_data/ffb43d2ce6744782b6ad3f4339d16e3b.jpg,1
5699,17779,56587,train_data/4a9cf6ac4407419e9f6bfeaf10f1b681.jpg,0
5700,5321,13938,train_data/4bceebb053044769bed0572a1353b08c.jpg,1
5701,17150,76080,train_data/13989732bf4a4abab9642a820a23308b.jpg,1
5702,13073,23896,train_data/ac15d6d1537c40b9b8b48254b8324881.jpg,1
5703,14882,62626,train_data/b8a584425176494ea7523e48d42e609b.jpg,1
5704,19051,49929,train_data/b8f04702069c4275aa35748564a335d3.jpg,0
5705,14986,67138,train_data/0553399dfca0498bb0f57869591b08ae.jpg,1
5706,5142,11762,train_data/33e8a41d589640d69a919944b5c9f75e.jpg,1
5707,13457,25709,train_data/9627b7a340b84e5f9829a066657e2f86.jpg,0
5708,4993,23394,train_data/beb326fcd4244bb0aeccd4a14ec9091b.jpg,1
5709,5155,39122,train_data/851f40d7df17414dbc1893ffb633c9ac.jpg,1
5710,9960,65110,train_data/08998079889a4e1388401e7e543b8e0c.jpg,1
5711,15801,3511,train_data/fecce1871f874966938624659365366b.jpg,0
5712,2291,26647,train_data/63ffc19447ad4f699eaf9d6d0c70e611.jpg,0
5713,5804,45683,train_data/ad4c048dc3084efbb7e6d3f0db7759a5.jpg,0
5714,15489,9602,train_data/19588d6dafa74372a60c33f4068c9f4d.jpg,1
5715,3603,71582,train_data/dd67946a1fe743f88c9057f4dc6a8ffb.jpg,1
5716,5094,32339,train_data/5ac20d157b2246d3aa3ea6dcce86d244.jpg,0
5717,9233,30047,train_data/5d50bc7c325d448893fd433c4d4f0455.jpg,0
5718,8254,8703,train_data/0c8dd85b41b14b1dad56b796788292ae.jpg,0
5719,11135,69998,train_data/0dad475be6c14db0bd5f6cc509d53276.jpg,1
5720,14656,56056,train_data/8b7a78768c2e49fc92605f6b621ece6e.jpg,1
5721,8158,52058,train_data/f7e47d2e5cf04946a9cb94f55d429923.jpg,1
5722,1659,51368,train_data/315bb41cd79a466898f9429fac77e018.jpg,1
5723,10560,550,train_data/8b0a88967312444f94b27f43cb627219.jpg,1
5724,14019,31523,train_data/e6c513b23b80483ea1a20df08fc22df7.jpg,0
5725,18879,2322,train_data/a1bb910b6a19462fbaff0bdcf49e1c44.jpg,1
5726,842,19037,train_data/db5cdc916a544243889cc3bd847b80af.jpg,0
5727,2977,66518,train_data/a6a5be5d03964848afce3369137bc83b.jpg,1
5728,4026,35962,train_data/54c7175089344393961e108dceee604a.jpg,1
5729,17870,36278,train_data/b48356fb9c3c4202b00f5a8d4081c2e9.jpg,1
5730,13377,23706,train_data/1dcc22b2964543cc866696ee5e7cbf05.jpg,1
5731,2091,73120,train_data/ead5d7c2e48c4547ac2743c25aaf52dc.jpg,1
5732,19901,56029,train_data/0c41f7b28fdc428c90e6d14d155891e7.jpg,0
5733,7425,62492,train_data/6882792400724773add8006dc8f7063a.jpg,1
5734,3063,68084,train_data/a60d0d7d712a46f3ae8e8d0d007e07b4.jpg,1
5735,12560,36749,train_data/f5f6349f3b964f6382ca5174fb635370.jpg,0
5736,14903,57475,train_data/51321a455c4248c7adf334478e8f766c.jpg,0
5737,14276,66181,train_data/bd0c622ca91e44bbb2680c4aadee21c7.jpg,0
5738,13307,27893,train_data/107127dea1dd49d3b4339b0134cc6edd.jpg,0
5739,17669,67924,train_data/bde815ad2bb84ab08fbf87278ac36264.jpg,1
5740,19953,6319,train_data/36e8d0191e57458e96add0281d5f10f2.jpg,0
5741,2633,69343,train_data/299abc8cb0ab408fa7c666866a1caa39.jpg,0
5742,19645,34198,train_data/1abf73146eef460da6e10e8972902abf.jpg,1
5743,9620,45060,train_data/b34ecd65e1814868b5b116c59d741517.jpg,1
5744,7200,58801,train_data/3c6ab89585784d7eb1eab593f05a5878.jpg,0
5745,19395,62889,train_data/ce446b3869024c7884d8be37cbd99537.jpg,0
5746,14066,49672,train_data/2aa7ee8e6ee7496484a6a95b5b0b77e7.jpg,1
5747,4100,66762,train_data/cbce58ac1a744aeaaccfa5d405a83a72.jpg,1
5748,1236,56445,train_data/11a1ac44d7cf45a4af3ff43deb123c25.jpg,0
5749,2900,54600,train_data/6551478abfa44cd2be260f9d1021528f.jpg,1
5750,14507,59482,train_data/4c9fee321403451f9cc269f908a285b2.jpg,1
5751,19377,36936,train_data/857c2b2621924d2f932a191fd61c97e5.jpg,1
5752,14,41886,train_data/f3fae548dea74d60940a60e7e44ac5b3.jpg,1
5753,5652,65330,train_data/8a111023442a41be8e8655e2326e8064.jpg,1
5754,4778,69705,train_data/b6bc2279bec240059464d85fba5280b5.jpg,0
5755,2792,25743,train_data/666a0bd3da004d6e822c9b8f1cb35ee3.jpg,0
5756,2927,27179,train_data/d8d26d4b6bef42ecae61d5f1150a39ce.jpg,0
5757,16039,4997,train_data/c34cf5973b824204a7395565323bc709.jpg,0
5758,6534,78553,train_data/a9dbdd497ee744cba3abfd21bfbf9414.jpg,0
5759,17138,69001,train_data/6eb2eecfcb364e5cb7f5c9f739306628.jpg,0
5760,6489,27512,train_data/1adfdd85b16a4b60bf6708625b4550eb.jpg,1
5761,6933,45867,train_data/8b055522ef90440bbdd52321c35265a9.jpg,0
5762,9202,9656,train_data/8b7e8317587b44aeb56a640e87af166c.jpg,1
5763,16957,69046,train_data/9484e7986eec430392ee837334a7b337.jpg,1
5764,18406,12892,train_data/ecfd643014e344608b1865501ae6a21c.jpg,1
5765,14228,41781,train_data/849a81f20dd54343b36113dd11b16d03.jpg,0
5766,2606,52612,train_data/d824c1b22117464585756ad8af8fd9cf.jpg,1
5767,2858,45083,train_data/562313c95a4644e58c7de077e6bda7b8.jpg,0
5768,18215,69255,train_data/dcf4311123464761b2feba5f4c5a8da6.jpg,0
5769,16693,37645,train_data/7f1cb52ce6a84292a3bed16df1d61a2b.jpg,0
5770,16780,20295,train_data/0d80da4a23e5424ca1a448ccb1dc5696.jpg,0
5771,5,60027,train_data/7d64aafcd2a3443a91629235cff9403c.jpg,0
5772,16306,70133,train_data/8529574ad234423d8fbffcf7c5e51f20.jpg,0
5773,5012,10016,train_data/766a31f68ed5429eb2e5844ee9b75546.jpg,1
5774,11000,25891,train_data/b562a6e96973417cbbb5950326860e20.jpg,0
5775,17759,79319,train_data/ff0a67f915b44d36b6f87d9d61e7c61e.jpg,0
5776,12723,137,train_data/d5c51250043b49e4ba0c4dcfe3e62ea2.jpg,0
5777,6580,59367,train_data/b3b5256f4fa744f3a34f3002da17895e.jpg,0
5778,8407,37766,train_data/4e91ca42a3af4beab1d110ad653d510e.jpg,1
5779,19865,45821,train_data/e12547d2aedb4268af5db0a4ca72207c.jpg,0
5780,9532,76790,train_data/a926949682084b43ba253ab1911eb379.jpg,1
5781,7895,52558,train_data/f6cce6e698784105adbb939affba896e.jpg,1
5782,14687,45367,train_data/7669eacc51a4448dac98e3a2e1b79367.jpg,0
5783,19589,42390,train_data/4eef414d9b64442fa98bd3e828ce3e1e.jpg,1
5784,17902,72392,train_data/c78a01d8e9bc4c00862a7da3467f8c4f.jpg,1
5785,3362,21397,train_data/7be8422f046f42f8a673adebcb0ded0e.jpg,0
5786,13890,37281,train_data/b3ce01109660435c971c3bd05b67ca1a.jpg,0
5787,1938,42395,train_data/294c37b4b26f4730beda51a0bd115bad.jpg,0
5788,10328,58158,train_data/3ecbec86411f42378c2b6a248409cebe.jpg,1
5789,6110,66638,train_data/4b7a46edb74c420d955c5f2ea5104c92.jpg,1
5790,5833,3080,train_data/c6237fdbfc14407c9f4475562be8c719.jpg,1
5791,4870,45946,train_data/ba6e6123a2894cd3ad7da7b2b7ddc399.jpg,1
5792,3877,66019,train_data/ccbaad02eaaf43cd812b6f753be970fd.jpg,0
5793,18226,77367,train_data/75b331d1197146988edc69588f2eb1a9.jpg,0
5794,12010,66631,train_data/3c5e739d47ef45fab1ed235bff805428.jpg,0
5795,13465,19912,train_data/a402ab356bb5414fb17acf56d81ee1a4.jpg,1
5796,2884,5046,train_data/b333cc6fd5314eb99df6643e745b88e5.jpg,1
5797,3714,61630,train_data/9e0e05b69df94559bb2bd7a727f37a77.jpg,1
5798,14490,10948,train_data/593ef26334ea4c87be54c94f0afeac22.jpg,1
5799,3480,6432,train_data/a7a1afbc9f6d41398764953397f8491a.jpg,1
5800,17277,77694,train_data/e6e285f04ebf47bab84a6a0cff324f1a.jpg,1
5801,5069,44520,train_data/9ae4a57e4252460ca4b2105a3333ba3d.jpg,1
5802,17239,63608,train_data/2146348cfd02421a9404409493d4f2e7.jpg,1
5803,3027,4658,train_data/fb097a4b1a5744a89e13add333a12145.jpg,1
5804,15165,40155,train_data/d425f08b204d48e4b02032231d152bc1.jpg,0
5805,15999,20560,train_data/0c399bf6d3894fd1bf4197b71b06acf5.jpg,1
5806,18753,6742,train_data/7a92b75eb1c84104a79d1db6e30fca6d.jpg,1
5807,17758,46199,train_data/bbf5d8ddcb0642c399233a17af091387.jpg,0
5808,10119,45339,train_data/f6cc6feb05f34150a5bfd95c335b41a9.jpg,0
5809,10302,35666,train_data/f4d465b5a23b48f9becbd63b15e2034e.jpg,1
5810,13634,17825,train_data/f00cb52bc35c41a1862d7e7ce70c1592.jpg,0
5811,5465,48568,train_data/cb01020ac99545a98de9000fd0c15c82.jpg,1
5812,8833,53423,train_data/e9a2bad08af448b4b1656324e8fac5d8.jpg,0
5813,4705,26774,train_data/fbc5ffa3e0ef49b0983e279e4b2f5cf2.jpg,1
5814,16674,67027,train_data/dbdaf7789bd84f22a73129c7a779a526.jpg,0
5815,6472,62166,train_data/8dd532759ef24078b549ebb3fe652dcc.jpg,1
5816,568,32429,train_data/bd35ba06e988429ca979cde2d1abbfc4.jpg,0
5817,13996,67003,train_data/8155f8c713ad43fda6f3cc79c8235d2f.jpg,0
5818,9606,75988,train_data/52cc7d15199a486db7ec0150a8facfc5.jpg,1
5819,10261,27651,train_data/bf13824f60a74cb18d5c4ed5b371d046.jpg,0
5820,16000,47173,train_data/4a89457c81134ca2b1cf69403cf89403.jpg,0
5821,17707,27674,train_data/bc63a5b2e0d548c49dc39a6ca8b4b7a6.jpg,1
5822,14247,28383,train_data/c78efb3970ed4742bb29146655590017.jpg,0
5823,13295,12802,train_data/f9c79bd358b74d17af5e1e353bf87d8f.jpg,1
5824,17136,48810,train_data/4f4b95820a6546b6ae944d312bccb83d.jpg,1
5825,4715,29915,train_data/35f90a5448ca48e0adc4be69cad9e11a.jpg,0
5826,7589,277,train_data/8adc7c389b9f42ddabc129f2963e1012.jpg,0
5827,5916,72552,train_data/0c62bd90f7a4478b80c5975c28510e5d.jpg,1
5828,2333,25449,train_data/6f1f86d2fa384320aa96178fe3454438.jpg,0
5829,2455,57140,train_data/8f0c20af3718469783af17b2954fbff8.jpg,1
5830,19454,79009,train_data/2b958b556fa2470f9317ab4951e7ac6f.jpg,0
5831,19529,48571,train_data/12b407a5270342e8a5d06db8a3ddbc1c.jpg,0
5832,19040,44479,train_data/4b14e03aa6404b1eb4be27c9fc20c968.jpg,0
5833,2525,67981,train_data/94ebe7a734ef4c7cac269028efc8b8cc.jpg,0
5834,1684,69742,train_data/f29c66ac96684ffb95ddc73baee6eacf.jpg,1
5835,12050,51864,train_data/7828ec78ddc540f6bf20e530a53bb328.jpg,1
5836,10341,55274,train_data/cd8cdb36d5e4433eae99263aa8b3ab63.jpg,1
5837,5496,43575,train_data/271e5fc4b9274644bb691e65fd569ac6.jpg,0
5838,5535,2731,train_data/2d7d38bcbe974033a347ce1132c7f179.jpg,0
5839,14618,12355,train_data/e450280e13ac4f789454a747d66298fe.jpg,0
5840,4454,53949,train_data/818c0e6572834a379681a3b76f146f4a.jpg,0
5841,19203,3431,train_data/6d3567d2d91746ee831a83c44142e464.jpg,0
5842,12349,6451,train_data/48964a921759401a83381e91b1c396fc.jpg,0
5843,7786,20351,train_data/b87c25b5c16b47c5ab430abd22e27e1f.jpg,0
5844,17120,55358,train_data/9082e83ab3524a5a8ba23e627e4904b1.jpg,1
5845,7969,70846,train_data/d55a09461adf4a09aede3728644db7d9.jpg,1
5846,19624,67463,train_data/8d4a6ca9cfde4516b517e2f13666923a.jpg,0
5847,14593,71938,train_data/351f4495234141edb098ffc0af84e148.jpg,1
5848,2613,62105,train_data/b284ac6747684bf2a945b92ed8611b48.jpg,0
5849,9394,42014,train_data/126b86dee94340d7b769a6c35bdf2755.jpg,1
5850,9862,64938,train_data/b808862f0b284945ab3580a63b6e66c5.jpg,1
5851,13075,6723,train_data/60cc57c43c6741c697fb512364513080.jpg,0
5852,5364,42156,train_data/bfb3b8a23c6447aebb4a9e1e4ade1413.jpg,1
5853,11086,3102,train_data/9a6929719b064aa3bc3e7367e6e5aec7.jpg,1
5854,1991,71011,train_data/46c82afb081b4fe183cf463859811c5e.jpg,0
5855,19207,10469,train_data/e94c4a094cd240aaafddf973a97826e4.jpg,0
5856,3946,62093,train_data/71603157ba724e528b5692ef8881900a.jpg,0
5857,1575,27595,train_data/137a5ce9d5b84893b9b90d2cf9d8a129.jpg,0
5858,1583,67250,train_data/b0b86df3e8da49e997b272951faa114e.jpg,1
5859,1520,63541,train_data/ac520941476c403c99ddb7eefcb015a5.jpg,0
5860,17059,59548,train_data/573b972aee324b3f8cf103163ce1c2aa.jpg,1
5861,1617,15717,train_data/28964808bc86423194d881c5392bb708.jpg,0
5862,491,69021,train_data/5d34fa7f29d04c1296cee2bbb7ebfcbb.jpg,0
5863,3929,70705,train_data/d7739a84b6d64a89a5d58126c835dc02.jpg,0
5864,14023,8008,train_data/e3fc2e01f3a84d49ba95f81b2cb1c82a.jpg,1
5865,16064,9981,train_data/a615273a60714923989150ddc21b3f7b.jpg,0
5866,4446,30236,train_data/ee1057f6fd5341d184c288fea330872c.jpg,1
5867,1330,17079,train_data/193d6d728bc6415a8a4d75d5790110af.jpg,0
5868,5416,40862,train_data/7f2edae000cf426abcda14a4ffdb9904.jpg,1
5869,8908,78615,train_data/87f181d1e8db49ff96defc768a31f7f7.jpg,0
5870,13144,63300,train_data/b3c135c7804a43af9e8943035034953c.jpg,1
5871,5923,18995,train_data/108a4ebeac0647b8b02f3f3e7cb2b59a.jpg,0
5872,10807,57829,train_data/3bb3c0ce677f4869b4411f475bb47020.jpg,0
5873,5058,79534,train_data/165cb616d2e14ff98f521b9139341fd8.jpg,1
5874,3582,72123,train_data/183d8501e938477fbeae10279097548d.jpg,0
5875,8647,19436,train_data/2653a5bade6d4df7964ff9a2577987ac.jpg,1
5876,13205,8829,train_data/f7c868d0342443e6914fd43910a3064b.jpg,0
5877,18976,2046,train_data/a1280d9737ba4e3bacabe7f87111a05c.jpg,1
5878,2318,78539,train_data/af30e9c66bf240ee96d8b77dba6b50b0.jpg,0
5879,16518,43958,train_data/848f7b5fed6f4125866ae35d689ec9ba.jpg,1
5880,405,41808,train_data/8eff3300c61e4937ab79baa8c2ae80e0.jpg,1
5881,219,34200,train_data/2fb0a6a5317e42cb8e09f7c089c2780a.jpg,1
5882,4123,29331,train_data/5b8028d673044fbcbdab7b04891b703a.jpg,0
5883,6075,42661,train_data/1e9a496a29f7428ca5e05edc24009640.jpg,0
5884,6866,44337,train_data/18b73f5ef69c4695b1e71506efb72b8c.jpg,0
5885,17696,26771,train_data/a01a0fbc921e45048225547cd907b670.jpg,0
5886,12246,47094,train_data/5edb136ff501479db97a262494ecd7a5.jpg,1
5887,2037,12925,train_data/0d965b2994d941d9a2bab0a2381d5d0e.jpg,0
5888,1022,41031,train_data/e6b915727c9b46b98a603dbfaed1af6c.jpg,0
5889,17971,62970,train_data/262a6f607f7a41dcb812389dce4deccf.jpg,1
5890,15220,55173,train_data/60e16d83c7d340c090db042fdda1735e.jpg,0
5891,8008,34688,train_data/055e2b0d6c954d13ac71f5e492f8fbe4.jpg,1
5892,266,36379,train_data/58c384e02dd947fb9f889aba3a150727.jpg,0
5893,9919,64642,train_data/68953469ddb6445a88218b510414d3ae.jpg,1
5894,13314,52475,train_data/23dd26d86e9b45379c8e1efdbfe2029c.jpg,0
5895,14488,56436,train_data/ce9374e91eea43e58a4d7780fd05166e.jpg,1
5896,3827,20097,train_data/22e324b4d58449a784822fd90cda4bff.jpg,0
5897,19037,50195,train_data/cf65bdd55e0e42d492f71c93fae0f3b4.jpg,0
5898,10455,74132,train_data/64f9499bef8e4db19987d6a0f2fa5e53.jpg,1
5899,12926,52758,train_data/d826d032dc2d4c518d3819f58f7707d1.jpg,1
5900,11960,9389,train_data/f1f99b5314164fc8909bdbd696996a0d.jpg,0
5901,2742,79293,train_data/7568d2d0c86d4afa96ef2259d2dbecb1.jpg,0
5902,4665,57222,train_data/d92fce9fcead40219767f1a8ab80e346.jpg,1
5903,9985,54763,train_data/2860c0cb6d124423b4d5457b793b1465.jpg,0
5904,1263,48025,train_data/0bb1152b466a48b7aed341073fda6c06.jpg,0
5905,17280,33280,train_data/c67faddbdfb5423793a19f4398325f91.jpg,1
5906,3584,8160,train_data/b186bc012a844d1cbfa5904b2466451d.jpg,1
5907,10359,43570,train_data/48a5f7fadce84a92a83073906b5bf451.jpg,1
5908,6803,10407,train_data/dda483d89b6343bb90ce7b446511c6c5.jpg,0
5909,6259,78407,train_data/3bb2e94a10c544c097333aaa98b5a13b.jpg,0
5910,15581,75334,train_data/9b2c04ad3274448895ed852ece814202.jpg,1
5911,4762,42259,train_data/79462f07c2dd4ad997ab3aa186b0dd8d.jpg,0
5912,10873,32546,train_data/cff7a1c6e0344b0e8db519af97c0ab30.jpg,1
5913,1668,1447,train_data/11388c9aed3740c3b86bc2aed9fd6ade.jpg,0
5914,10054,2722,train_data/8a5b2baa07284026879f5dc6bc1102a6.jpg,1
5915,16642,49026,train_data/96a72d3826e44025bbf33ae2800b563b.jpg,1
5916,16706,64792,train_data/6b3a356ff01f426081438344a8f4aad5.jpg,1
5917,18391,51401,train_data/8cb0d843eb1a42599e97e283bde842af.jpg,0
5918,16962,2490,train_data/5bee740487eb4971a30351d59af6e593.jpg,1
5919,9152,71077,train_data/a44f612e108341148ee8f7e427c1f5cd.jpg,0
5920,6935,56340,train_data/7496b677bfa34ca1af2b12df3f129e48.jpg,1
5921,7198,47917,train_data/fc3da555fbf840dfbdfffe3cca6817bc.jpg,0
5922,13203,20569,train_data/cda7f99ec52b40898b8b35b4dd06330f.jpg,0
5923,3833,32487,train_data/152f34869aa0493a937ce8c1d56bc0c2.jpg,0
5924,16068,26949,train_data/ef71908752c84c679e49fcdf07d66fec.jpg,0
5925,14329,22767,train_data/ae78a694d9d64ef98eefa077c9af7ed0.jpg,0
5926,4708,73734,train_data/cb2b4c06249e4a22a18ce8084388778d.jpg,1
5927,10571,65631,train_data/5c10a42abb444c63be28d89cbf6183de.jpg,0
5928,15214,41960,train_data/15e3c1b6a1fb418db2972d5a1c83d258.jpg,1
5929,5440,15766,train_data/6b3f633fe56c4eeab0f00c35083777d8.jpg,1
5930,16718,44061,train_data/7c8ba2fcbf2f4df6a5886a6bf1b1399d.jpg,0
5931,5948,44210,train_data/67a862eed7b640e8aec661a473722e9b.jpg,1
5932,7556,53933,train_data/7b9fe49a24c54d5f995aa688e31cf02e.jpg,0
5933,13805,32941,train_data/7e76baa48dde4073808b001803cb3c72.jpg,0
5934,14426,71103,train_data/8b10956c23a74c1fa3d57675d4079405.jpg,0
5935,7459,46345,train_data/2015a771c5aa4510b4320e19f084d7e5.jpg,0
5936,6810,61805,train_data/e3bc3a526a274a73b9b1849b84fa91c9.jpg,0
5937,758,72864,train_data/de5c23a5c6ed45cead5c57f54b454d11.jpg,1
5938,17688,56873,train_data/6294088014344e9796aa590d67f75d2a.jpg,0
5939,7290,61549,train_data/256bf28754554281a746a54836749517.jpg,0
5940,15267,33594,train_data/5239d8d232784544a5bfbcfbaacc6f6a.jpg,1
5941,16008,353,train_data/f763fd42a8a3451297f29a6b91f349de.jpg,0
5942,3592,72730,train_data/f7e46114c542473ab1bd0e224d31096e.jpg,1
5943,14328,45756,train_data/6ebdd9e793ea44a28df34fdbc0e464b6.jpg,1
5944,7017,51110,train_data/e84911f91fb34b9b96a95396fdf77330.jpg,1
5945,12036,41393,train_data/81164e9671444b2fac0dc2a1aa4a9b9e.jpg,0
5946,19171,42997,train_data/b49a718dc0ba42768f813a63bee8e5f1.jpg,0
5947,11038,14966,train_data/edb8cf5dd4fe4afeb2818ec4ce9f857a.jpg,1
5948,19243,37004,train_data/11d703268a7242b4a9fd851817f22f61.jpg,1
5949,18725,10314,train_data/bc37fe19c1bb4b8ebe10c9154f1413d6.jpg,1
5950,5617,33882,train_data/11fd48c6963b44ac95a802996f92c3a7.jpg,1
5951,11636,62007,train_data/1ca902e35a5b48e49e536395ef8425ee.jpg,0
5952,895,40146,train_data/4dda5ae9df9e4057a5c62ee7fb2b88a9.jpg,1
5953,19078,76466,train_data/68e460277e5941368b720ccf9ca7338f.jpg,1
5954,8657,64944,train_data/2b7f954da02c45d4bd6860ab616bb2b8.jpg,1
5955,6383,1603,train_data/d5d34d527fb745aa9c68d22452ce91c6.jpg,0
5956,1225,75739,train_data/d65369334e454c87bafd1b1c7e16a1b2.jpg,0
5957,6307,56083,train_data/8fe2927ef0a443a79e3e815597fc5f28.jpg,0
5958,15283,53708,train_data/c20f21cea0d34715ae98bf9abeea4352.jpg,1
5959,3333,24155,train_data/89a1aeb5e93d489387fc1acb442d7b0d.jpg,0
5960,4754,23768,train_data/1b165ad09d174a9db28904fffa5d9bc9.jpg,1
5961,3619,3085,train_data/f66ccc18a46941e19f024254d6857ae2.jpg,0
5962,17272,63539,train_data/10bdb4567adf449a9ecbfae0810c0c17.jpg,0
5963,13354,2875,train_data/f92cedf748a7478a8c914ae915a1b654.jpg,0
5964,7648,1438,train_data/4db6aebe8ca04e709e3a8137027df780.jpg,1
5965,13702,27037,train_data/b08a54a6e9cd4335b3bb8b432875a58c.jpg,0
5966,15341,35833,train_data/c71203cb3bff4a9a8ed64960530ca8a8.jpg,0
5967,14164,17768,train_data/f8a1e376843441ecb674e363ddf43490.jpg,1
5968,4860,2780,train_data/bfcec5131f99496a8c877977042fbb5d.jpg,1
5969,18128,62436,train_data/4d1dcea629a8416793222e98c11d8a17.jpg,1
5970,19641,31517,train_data/3a39bb2fcb274918980e5fc9e7f84878.jpg,0
5971,11859,15093,train_data/7ea5730a2c4f46eca924bd5bf63ec9d7.jpg,0
5972,2222,27109,train_data/4243b1caf02e4061a06bb79aaaf4c701.jpg,0
5973,4679,9258,train_data/429fb8f9427345c8a20dee28e8f23276.jpg,1
5974,15013,59221,train_data/f8a1dbbf3a054669be8345b0cfd5ab20.jpg,0
5975,3796,46725,train_data/48b12faf0b524090b9d9ba1081496450.jpg,0
5976,2227,54993,train_data/04003b07a0f845d6a64e2659a8c6df69.jpg,0
5977,15370,68845,train_data/1ffe0f62d537414b930b030f494754cc.jpg,0
5978,945,64159,train_data/f221e434f7c84d06a95bfda84fe1470d.jpg,0
5979,1274,73387,train_data/6654be8c1c834a818ff1755e28527ab9.jpg,0
5980,4464,76288,train_data/ad91704b60fb4e58a22a517976e3efb3.jpg,1
5981,7100,8225,train_data/089e85b280b14619b512d15c4db5e924.jpg,0
5982,19134,69047,train_data/00c95360f2d84646a547ee5ac193ce1e.jpg,0
5983,7466,60794,train_data/61bf55ba05e74703bd72ec1924a31632.jpg,1
5984,19380,75710,train_data/814215ae7ad74432b97da0de014f5dfb.jpg,1
5985,18714,10342,train_data/21107a49cb55428baa46ce49b3358513.jpg,1
5986,15538,73400,train_data/10046feb8a0f47a5887b90768f219287.jpg,1
5987,8868,57478,train_data/28cabbb74d164ad1a5ff79b7e228e857.jpg,1
5988,19759,25031,train_data/8d0731f6898245d5aaa5e5cd08ed6d25.jpg,0
5989,10769,12580,train_data/01842cb016ed4045bdddbb740a6a0a20.jpg,1
5990,16672,65209,train_data/97c30dafe45c49f6a4818ee640a7383e.jpg,0
5991,7665,525,train_data/1cc9e6fc824f4fbb91f72a640107fa29.jpg,0
5992,11567,32300,train_data/50a01af747f24e21aba36e698b18f9cf.jpg,1
5993,19423,52481,train_data/e50334ec16de41179487d6aa0e965843.jpg,0
5994,18739,6106,train_data/89299a0c526e4a1fbd7b6972ba2ec444.jpg,1
5995,2788,51636,train_data/0c470e0e96dc4f4da305ff5cd5387421.jpg,1
5996,4901,18386,train_data/17a2e086512d4641b788bd6d99decadd.jpg,1
5997,1180,74387,train_data/02c0c41e046449f491cc01b9014f7d4d.jpg,0
5998,9249,35988,train_data/555c631e4ef441b897e4b94acfd398af.jpg,1
5999,15614,49175,train_data/d3286c40b9cc431ca9b704d29de29d61.jpg,0
6000,6480,54502,train_data/bfed67e617ec42e5814fd5adacff3fcd.jpg,1
6001,13591,1900,train_data/492ab7cfa97044d6a9c9cdb11626c0ec.jpg,1
6002,5422,40688,train_data/4caea37ecda248ae8300338cda2b1394.jpg,1
6003,3493,59159,train_data/4dc07e9833a94436ac691f140c5b7a69.jpg,0
6004,6384,65240,train_data/d54e1becd37d497e8dff628206ae5634.jpg,1
6005,1459,15809,train_data/c8c81eb0e5024b24a9aeda5a6743eb05.jpg,0
6006,6438,67860,train_data/fb02be24a1e14b64a6b3a09a30022ce3.jpg,1
6007,17492,65415,train_data/d39afd9814f447838d34e2e2f600fab7.jpg,0
6008,5358,70374,train_data/1d8c80bf2e544d50ab41c12510c060ce.jpg,1
6009,7109,6685,train_data/c553cc13506f48369a65bb00dd139585.jpg,0
6010,9272,35445,train_data/ea077d9b9cbf460fb8044cbb9803b2a7.jpg,0
6011,8626,60266,train_data/54a18d33624e4762a801cbf8ad0f214a.jpg,1
6012,16295,45829,train_data/d2acb11220044e6fac8522886efa7bac.jpg,0
6013,16983,49475,train_data/19156970d8354d558628e843415a3475.jpg,0
6014,19697,67457,train_data/1b20f285e8784dccba53494d294dceef.jpg,0
6015,1586,51456,train_data/9467e4cda22f4f6e9ab6f65e3e280650.jpg,1
6016,1395,69073,train_data/8022391427bc4a109b328597dd9220e3.jpg,0
6017,10791,51453,train_data/80151ed3635c4e4b958614b2c76166d6.jpg,0
6018,6593,30055,train_data/ceea8ddba79242df8cb2ade7c399176e.jpg,0
6019,3889,26856,train_data/84f8f3387bc345b7b565249426e019ac.jpg,1
6020,19062,40009,train_data/60f2d6cc90ad4002aba6beabdec635b3.jpg,0
6021,16504,30883,train_data/f885d4c12b754ff18c919d7849c14075.jpg,0
6022,13766,33721,train_data/2ae6c4eb4e82489ab2d1543df33f5f6a.jpg,0
6023,5620,59318,train_data/ac8e6c3f42df4e158947ed7622508ebe.jpg,1
6024,7344,40362,train_data/5fb4415c8f414d18a53ed7f39936a34c.jpg,1
6025,4851,38129,train_data/6b97cf7f76ee44bda9cfc2dea3f599ce.jpg,0
6026,12134,23873,train_data/90487b6d863a4c0b87c7fffe5dbe6a32.jpg,0
6027,13035,71575,train_data/6bdd4c26ae8e4e1c96f5afdb0e7cbe44.jpg,0
6028,15547,8901,train_data/bfc228a8f86c401ba231216cb8ea2a1b.jpg,0
6029,14653,18554,train_data/45a7f5fe2911482fbcb1533c04f11c33.jpg,1
6030,6529,13688,train_data/ae98885f4d734b789c8b76ab337470d7.jpg,1
6031,4849,75233,train_data/7c02716f783e411090e2db7fb3a61108.jpg,0
6032,3299,50810,train_data/2a8321daadac4c8cbf5f5f3543a27966.jpg,1
6033,11293,68436,train_data/c472f3eb7bba427081c73d3570cf44fe.jpg,1
6034,15575,24368,train_data/1f8e7c443444454db768b1498d3e1f93.jpg,1
6035,19477,47855,train_data/3fd3c7c085fd469f995ad82b0c149e21.jpg,0
6036,13719,9730,train_data/203c1dd725e545b1bdd768eced5f6bb0.jpg,1
6037,13816,27267,train_data/baf6f6368bae4cf1bfdb80325ffd3431.jpg,0
6038,3032,23699,train_data/2d4c166c92e34f2298da9853f3b373b9.jpg,0
6039,3903,61734,train_data/f0665b02f64d48139a12d41fd319e4cc.jpg,1
6040,2094,44342,train_data/78c9a169ac924139aa45cc7bfca15f15.jpg,1
6041,4469,44490,train_data/c60426a9236a4b91a0551aa98ee53a4d.jpg,1
6042,2182,3804,train_data/780c4e6282954d8e9f00e4060d219ad0.jpg,1
6043,15951,50141,train_data/a3f259f21073483a95787da7bb037c67.jpg,0
6044,4459,2683,train_data/7257a93ea19f4baf90d19fc841584fa3.jpg,0
6045,18741,1091,train_data/ab48900072b944849ab429bfd9aa8195.jpg,0
6046,7712,39620,train_data/2507f6622c8c4139aed45e1c030aecd7.jpg,1
6047,9253,78476,train_data/3239e39188ab47248bb5a8d075834c36.jpg,1
6048,1829,34767,train_data/7a41446597d948e3a339ace1de7b996c.jpg,0
6049,7085,26557,train_data/f49adf0cbba04c7991ac97602624c2f0.jpg,0
6050,8994,3235,train_data/e07f5b3b02764fea9809b3bed1c95f9b.jpg,0
6051,4785,65503,train_data/5c9a65bc69dd45ccb611707f518ddbcd.jpg,0
6052,13709,5780,train_data/d313647a090346ccb678aecde074b78b.jpg,1
6053,12030,9606,train_data/6cceca0266274dfa92e71885d229e08e.jpg,1
6054,2245,79922,train_data/af88791f40ba44c1acfbaa9370cb13c8.jpg,1
6055,1484,78640,train_data/7805f12a68ff451f8015f2516c512d99.jpg,1
6056,4545,12783,train_data/85f751c8746e4e61ace4e89a04b7821a.jpg,0
6057,8214,30800,train_data/016aa43bea1640c2bc2a6d09b191e15e.jpg,1
6058,8965,32377,train_data/9ccd4ae84fba49dfb491cfbb5d76e362.jpg,0
6059,3647,5820,train_data/b2a69049fdfe40c4b3c6b75715a6c18d.jpg,1
6060,4929,6804,train_data/2cd613623cd84b1c889b2f75424950be.jpg,1
6061,5504,43265,train_data/a5bb3804d15d458fb823dd8d96388a55.jpg,0
6062,11883,2126,train_data/a8f768c5f654420abcedadffc5de8cc8.jpg,1
6063,12570,47942,train_data/a18812e4ca7d403bb28312263c7f1b78.jpg,1
6064,17300,48420,train_data/3ea027f1a3194130ac259ea89c1997c7.jpg,1
6065,3831,59419,train_data/ac539827b08a4512803c0ca70c88e47d.jpg,0
6066,11812,76485,train_data/a4614352c7a14ad490c5ee9d60a801c8.jpg,0
6067,8408,70739,train_data/02a5bb8f65c242cb946b8de8b036c439.jpg,0
6068,10777,68923,train_data/5ba604060ab247cda3598977b82d7311.jpg,0
6069,17416,7483,train_data/820e6e809d8149bc85394752c3346c5a.jpg,0
6070,12227,10240,train_data/44ac30f26fe84b4ca429386001acc41b.jpg,1
6071,19574,20241,train_data/4846fc5be43e48dfb5eee94fa77bf7d0.jpg,0
6072,4915,75609,train_data/f1acb508e1584f048f7b98ba63975986.jpg,0
6073,12537,23518,train_data/9d67fd7b9e4748719bf1de017156c1dd.jpg,1
6074,15503,7330,train_data/51840736e4aa4d20aaff6e3913740016.jpg,1
6075,16666,56295,train_data/2e111570d5b5493f9ca51bf88c7d4e97.jpg,0
6076,7261,72921,train_data/5742f7dfcd074701b98c6d7636818828.jpg,0
6077,18809,23512,train_data/a1b34caf9c564b43a5a1537c35bcc403.jpg,1
6078,468,35933,train_data/2df0173579b148e7aad41c9cac6d0ed3.jpg,0
6079,27,47712,train_data/4463d542bf4349f7adc272a7e2cf62bb.jpg,1
6080,6215,64637,train_data/2bdbcdfa08a64558899da388a4601b65.jpg,0
6081,14498,71903,train_data/16bee8f9aaea4f50859da2145a5c59ce.jpg,0
6082,4147,37325,train_data/503d167eca92475190089179dbd8ff1d.jpg,0
6083,11369,50686,train_data/fe7fd71bbd3d40ee819d614d56b66922.jpg,1
6084,805,74264,train_data/be5183833a324bdba40f7201d1ec4393.jpg,1
6085,17653,67072,train_data/32e6f21cee1f480f800ff837669096dc.jpg,1
6086,9113,68067,train_data/fc0c92cb91fd4faebd5014ce4e532003.jpg,0
6087,6872,27123,train_data/8d44e9a928c44a709c0eb064d09682f2.jpg,0
6088,16341,55153,train_data/debcbad62ac54e3eaca07374e5cc95d5.jpg,0
6089,16734,62498,train_data/9277265d4373475083fcf6e7175c377d.jpg,1
6090,15872,13464,train_data/445c530489ae44fc899c408fe51b18ac.jpg,1
6091,1143,10049,train_data/1a4d8ad51c8e4783ad0883615bbfff0f.jpg,0
6092,13810,26181,train_data/c40458c6351d4179bc813dfe4aff7416.jpg,0
6093,2737,37048,train_data/3186b739447546549c00b5d2f6a577ab.jpg,1
6094,14050,46734,train_data/de6465e192c34900acbf11b91d25b8c6.jpg,1
6095,10264,44826,train_data/00c3cc17e84b408c8358ef55814ae4d5.jpg,1
6096,10256,8857,train_data/7ca20820f3124e97ad71c826b0587a82.jpg,0
6097,18686,39471,train_data/c49ed7b0a4644fecbf04ddf54525b095.jpg,0
6098,7997,74792,train_data/fa14c5be0c03442db0d1201309b0c130.jpg,1
6099,6733,64668,train_data/2cef418c8c094371b21d21261e8c5339.jpg,1
6100,14213,69725,train_data/2884984baa4346489cc4c075b526095c.jpg,0
6101,8271,28598,train_data/275bb2fb564a44f28729722d5921b969.jpg,1
6102,7728,1668,train_data/e6312ea060ab4683a039f3a15951db8d.jpg,1
6103,7369,23619,train_data/af4930c2abef4a0aa7838437bc52df2c.jpg,0
6104,15316,54958,train_data/fcdaed66c5ec424997b57b400158a824.jpg,1
6105,17518,64715,train_data/6febe7da5cb942acba728792284f0f5a.jpg,0
6106,16501,24179,train_data/4609c7030a3d419a8711db0f21f63e06.jpg,0
6107,3742,59917,train_data/7838f5719ef84c1aba129e947246ff0f.jpg,0
6108,83,14554,train_data/120f1f9336394c898f93e76e0d0b326e.jpg,1
6109,12919,70697,train_data/d816a12d7960414a8a79c1e5255c7a33.jpg,0
6110,925,18652,train_data/bb87c879e61f4ea7b7a236c8ca67a08e.jpg,1
6111,15293,30042,train_data/008c14444006451c97d1bd5f3bebcd9b.jpg,1
6112,12860,71611,train_data/e404248dd97941eb9245fe1596fbfac7.jpg,0
6113,13791,63574,train_data/9a26cbb38f294ce9a96862f81db740c5.jpg,1
6114,16061,75833,train_data/6668910afcb848aa878bd0f263831bc1.jpg,0
6115,8858,16657,train_data/8571f262267b4183a5da3b81ee81f0d7.jpg,0
6116,14100,69310,train_data/7e0c25917ccb46758d7ecc3d36b1b97e.jpg,1
6117,9618,71415,train_data/fe51e096a08145baba0a7f327c19bcc0.jpg,0
6118,16687,1741,train_data/8563dbe480d24a4e9a7aaf6295abcb72.jpg,0
6119,2536,45892,train_data/c5c35cf24ffd4df2b7873bc352db9b05.jpg,1
6120,15291,59378,train_data/dfb7079b82594dba96d2a9b5169c5de7.jpg,1
6121,16190,15165,train_data/779caa93749b4486bfe58988f12c5389.jpg,0
6122,8629,48840,train_data/91ffb8af332a4ff9ab30be8f6405cee1.jpg,1
6123,6891,6904,train_data/6deed028868f413fb54888017313e5c1.jpg,1
6124,16020,653,train_data/3bf35669e8c64f7e9ff0ee6b35808d0f.jpg,0
6125,16452,59632,train_data/d08064af9d7a4320b545e5ae46cb0718.jpg,1
6126,6930,9411,train_data/f3cc3590a7244fb29fc64a56f85d5f08.jpg,0
6127,2798,60223,train_data/441c71564509425c97b7809d18620b62.jpg,0
6128,13909,66751,train_data/881cabf701ca44bb806da6ef4e845692.jpg,0
6129,18652,41342,train_data/20ad91b5b55340358c0d3951042ac672.jpg,1
6130,16823,6515,train_data/993c3f16b36b415a8d7ca1fd22a323e0.jpg,0
6131,14193,56839,train_data/bfe39433b2d44f7189bb43b59610f3f6.jpg,0
6132,7051,62538,train_data/90660dbfc6624d1bb23e6874d420c747.jpg,1
6133,16259,27537,train_data/bcec09e88b2f4e048b104a4bad43ad90.jpg,0
6134,15155,48749,train_data/d3ac39b257454a4bb495ea66e42c34af.jpg,0
6135,5595,74271,train_data/90abad4a3d8e4d64986e3e4cda18b9cc.jpg,0
6136,17353,45086,train_data/08ff609550c54a7d825e1153ca443863.jpg,1
6137,2324,9266,train_data/c3abba31309247918c379743acbdb033.jpg,1
6138,11756,1088,train_data/0540f1a8fa6d4f99bfb8d9c32736bc34.jpg,1
6139,18788,18434,train_data/a48abb4fa21d4c2dbef42fc41b00d6d3.jpg,1
6140,4863,7285,train_data/c04ec182af43421492ae955a2566fecd.jpg,0
6141,9457,65666,train_data/e9867da19c6841c29e6a9ce98acdcedb.jpg,1
6142,14126,11968,train_data/3f76448d6a904154a9b5fcd1b218600a.jpg,1
6143,7153,68652,train_data/b70a647941574875a33b21d10e3c7501.jpg,1
6144,5441,56036,train_data/b7a42fffe5bb4f0eaaabcac141c3bc36.jpg,1
6145,14580,26750,train_data/d7a2681ecfba462a9e88f7cadd5264c2.jpg,1
6146,6235,62194,train_data/2ed593a42fd84135aed23d0f13249eaf.jpg,1
6147,5341,20660,train_data/839b070847174879b4922e84278f221e.jpg,1
6148,3730,49848,train_data/ec17651e50f84ff0b1a402e8282bc803.jpg,1
6149,8854,40742,train_data/1ee292cc05ae4d74bd82c96a556c0c4e.jpg,1
6150,10638,63729,train_data/8cfa828bf0404f25a70aed2aac3e626a.jpg,0
6151,12535,19828,train_data/175c5be977a343738eb2b93e78d65989.jpg,1
6152,17721,19496,train_data/e50215119bb34dd3af01f44d5faf32c5.jpg,1
6153,14981,4557,train_data/68c921f25c55404b83f63eebb5116276.jpg,0
6154,10884,14529,train_data/c49eef8fb82a4e818b18a502c631dfab.jpg,0
6155,16814,40085,train_data/f8cdb9f98ab3413f8d403b94b3e70f4b.jpg,0
6156,18177,23209,train_data/cdace7cfd5f44619ae71e7d2600ac085.jpg,0
6157,19564,60047,train_data/de12524f63af402e8900ca4bcaa314eb.jpg,0
6158,14085,8936,train_data/8ac3cd1faf454a198e752fd8688480c3.jpg,1
6159,11340,59125,train_data/7a5674e23995416fafae5ebde3d625af.jpg,0
6160,11012,39820,train_data/2868009c137b4eb1ad9766fd32aeff8a.jpg,1
6161,4502,1003,train_data/3d648a4e5acf4f8bb1ad6e00988763a0.jpg,0
6162,3980,70172,train_data/b3c756bf221d43d2872bab00fd804bb8.jpg,1
6163,7749,78768,train_data/6aa754592d304aea9d722039a856514b.jpg,1
6164,17415,38615,train_data/66a00f230b434d47a3fbed509c73e007.jpg,0
6165,2163,25137,train_data/424c1640bc4240329b2f761bc925905a.jpg,0
6166,6619,5448,train_data/0103bd73619c42108ed1ebccae117f94.jpg,1
6167,2896,42762,train_data/f8528bbba61241b0b1d5c993a7d8be95.jpg,1
6168,18364,19802,train_data/cb51e5d0d9ce40068f85faaab66bb5e4.jpg,1
6169,16745,74015,train_data/b9a31663992144178bc46105e990a63f.jpg,0
6170,9981,48077,train_data/5c1f4368ebc449e9aa796af8412b171a.jpg,0
6171,10354,15663,train_data/26ea649da0ce479fb0550e0bce6d7eb8.jpg,0
6172,19084,7468,train_data/5a322469598a487e8aaa15c41504253a.jpg,1
6173,13740,45645,train_data/bb93b9dfe8934fce8e51fc1b76d61734.jpg,0
6174,12711,38335,train_data/465075146fae42b9856933f11bf20eb1.jpg,0
6175,875,12346,train_data/ee1a952967824a57b291a5d33edc9ed7.jpg,1
6176,15030,23314,train_data/f833c2620969491cabac7dbf300148c8.jpg,1
6177,14940,76185,train_data/3fb89bd46d7a4725bd79c5675f4cb430.jpg,0
6178,7167,65043,train_data/ec9880bb44e841fb9df8f5d21c5ce886.jpg,0
6179,9002,55854,train_data/f88cef5a1c75496cae1277e3d1c537d6.jpg,1
6180,17311,58957,train_data/5a6bc40c1b574fb28b9b5d9c909478a5.jpg,0
6181,13908,78285,train_data/bc4f9e85c13f443888ebfe23edd5392e.jpg,0
6182,4369,32946,train_data/f74986dd4a1e48e68797ddfe26fe798e.jpg,1
6183,3021,70377,train_data/77eae74a7ee546d3a993642eb9f314f8.jpg,0
6184,18853,11096,train_data/4c3ed9b9ca1140b28b16f3f8e14e5c6c.jpg,1
6185,14978,64878,train_data/f61ab87427084d4f91bb7227d6ad196e.jpg,1
6186,10951,51705,train_data/f343a7a048e84eeb950f6ba1e3d77929.jpg,0
6187,14018,3806,train_data/c113a6ca7b2e4de1b01b8d667b44467a.jpg,1
6188,16471,74756,train_data/6e1d50579842495a8a246f1124148565.jpg,1
6189,1047,57181,train_data/16d982db7ea143d7aba495e56bef7bc5.jpg,0
6190,6916,56696,train_data/058e590b9e464790b989b339493f8bfd.jpg,1
6191,13468,23351,train_data/b5443fdae90f4dfb9e43b72ceb4931e2.jpg,0
6192,13110,4812,train_data/83c04b1d081b4729bf69fa2dec9176c6.jpg,1
6193,10551,78078,train_data/e5654c81a1b84f5cac2378e693f2f60b.jpg,1
6194,9140,40101,train_data/5512457a08af43cd9b7e26226f19aa92.jpg,0
6195,4353,20154,train_data/86bd5a51193942409d3f570b3a3532d3.jpg,1
6196,19680,75069,train_data/305956cc73514b60947af0dca7ebb8b1.jpg,0
6197,794,77160,train_data/de3a629e44df4a358353f8c21cc06a4e.jpg,1
6198,3745,74996,train_data/1a6abe0ffee34fd283c7cdc6ca95c4a9.jpg,1
6199,7702,78641,train_data/cbae3328a3664a7d975b04c9a4d3b381.jpg,0
6200,10534,53885,train_data/d0c6821f3b4d4d458b49530c273eb592.jpg,0
6201,2802,44017,train_data/6047fbf48c084fce8fe30441f24a236e.jpg,0
6202,10945,75212,train_data/5a937fab4d684afb87e71a70b049abc2.jpg,1
6203,8466,41885,train_data/29d831f661d744248ba225b5bc7a1de9.jpg,0
6204,13788,29635,train_data/3d512db132494636af69ca8cb5e065a5.jpg,0
6205,7305,71089,train_data/f80f97e875c04e14b2754725a1f5865f.jpg,0
6206,17314,53901,train_data/b359cc9f7afb462eafb31697f8a6434d.jpg,0
6207,2194,28891,train_data/007ee5940ca34354b53a148b7cc73bb7.jpg,0
6208,8478,28929,train_data/6b8787ca4ef14136a531b2099e1ac916.jpg,0
6209,17842,37395,train_data/bc6f164dc9094ef3a0a21cd9d07d80b6.jpg,0
6210,3042,1032,train_data/f6974a7deb78420483109d2468af9c40.jpg,1
6211,10460,67980,train_data/4b1e9fff9c114a28b7eb344b3b645ae7.jpg,1
6212,1043,24986,train_data/b3d28eca224444288b9f8eb8e3ea2e34.jpg,1
6213,7019,65937,train_data/fb9617fee44b40ba8ab0c8044d1dd16a.jpg,0
6214,1676,49136,train_data/fdc909d8a0ac4dae936ff422fa392b06.jpg,1
6215,19814,75207,train_data/02de63ee8b594b5b8075decd44bebc53.jpg,0
6216,6817,9798,train_data/01f45bdf66d1489db273a890b27b9c7a.jpg,1
6217,7168,53681,train_data/886fad45fcc6419d8c05d20de36863bc.jpg,0
6218,4278,32426,train_data/c8f1abca51f84735bfaedce9c1c38798.jpg,1
6219,3835,17320,train_data/5d4a274d27c04b47b333a0715f272bb5.jpg,1
6220,1880,47998,train_data/748662d9ada948288310346b41dc5bed.jpg,1
6221,14553,50928,train_data/453231e5d0a143d792978bffc75b5852.jpg,1
6222,8955,9937,train_data/70594738cbea4ca8859d8d14a02a4f5c.jpg,0
6223,5025,42415,train_data/2266906237824fbc87504553b1772a48.jpg,0
6224,13094,26867,train_data/ef81c26e0c344416a712b27e67f4e369.jpg,0
6225,1775,46769,train_data/dcd88dcae84c4de297f98fc9d10f0ef6.jpg,0
6226,16465,26200,train_data/c98e2e7783df4582b1950a43d3cc7c98.jpg,1
6227,16982,72549,train_data/ed1f06cf8bb64846b9de503f28d93ffc.jpg,0
6228,17296,71728,train_data/fcaac35e692a43e1b7b077f545b5e0af.jpg,1
6229,7793,45529,train_data/6d0ec8794f6049df8db842260b26ea7c.jpg,0
6230,6835,30176,train_data/0010316d63c54db3aba1b96239ef4d57.jpg,1
6231,11214,24349,train_data/70853511d1c54b4daee02a7a21b3a0ce.jpg,0
6232,5942,42408,train_data/36e412d892f249638abfa4a57fc6cca0.jpg,1
6233,2692,23630,train_data/d48fc84dc8d44e3a91740434cf692a10.jpg,1
6234,9639,25085,train_data/d94515d2501d4dd5847f63fa9fa81648.jpg,0
6235,9586,2432,train_data/ff77f699fe1b48f2ae1f47f6b953502f.jpg,1
6236,19632,62000,train_data/f40c7cb0bf014a90a794cf7faddbc7d9.jpg,1
6237,8031,3335,train_data/e53dcf1743364f5a89225063de795168.jpg,0
6238,8349,13643,train_data/61835e21655e4b7498069a683694ce3d.jpg,0
6239,16704,48583,train_data/32e14d4de8b44d2f90dc93804dcc4a57.jpg,0
6240,6969,60917,train_data/0a084c2f15f24a698c5a45d2f7fa3a1c.jpg,0
6241,199,36566,train_data/bb27db6155fd4775a42472d8e9177ee0.jpg,1
6242,4397,74922,train_data/9c280450379446aba353655993fa2f02.jpg,1
6243,9646,75182,train_data/88a96e0290fd404ab744625198d45e91.jpg,1
6244,554,6658,train_data/a0d7f6a1bbfb4995924a175388b8b4d2.jpg,1
6245,7341,67724,train_data/b8a129f4af7b44ccbc7f4557252d38ba.jpg,1
6246,345,19778,train_data/c6c6a572ff4048f4a8ae04002fb85624.jpg,1
6247,17916,60014,train_data/12842e67d66e40c6841ad8361198f893.jpg,1
6248,14660,36470,train_data/d9c205eac9194e42aa59ed6caba62258.jpg,1
6249,13586,24205,train_data/b29232b763634d5a80189f2e16bd4184.jpg,0
6250,4176,18396,train_data/60a07e99affa477daac124e091e0db6d.jpg,1
6251,2236,32283,train_data/ada47c0600224296a01446904f88a932.jpg,0
6252,11899,20821,train_data/22c79cc1aad246d8bacf97bbd7a5da51.jpg,0
6253,6151,62650,train_data/cc06a36ef5fa4060a5d4351a3cb5e21e.jpg,1
6254,5843,4609,train_data/8e1838dbf3a447deb119e6d3c793237f.jpg,0
6255,580,64169,train_data/16fe81d68c2444e7b7070b64f9afaae8.jpg,0
6256,2154,63537,train_data/8db66dd7c77b43c79cf96f4572d58071.jpg,0
6257,15016,58271,train_data/ed6938a8b36e4823b5479055b08b6894.jpg,0
6258,5339,27755,train_data/056c89be17da4f3c9f68af9bb0da955b.jpg,0
6259,14816,8423,train_data/44228223ca65419a8675c04dcb3f25fc.jpg,0
6260,1791,77119,train_data/36481706b2284791a662ddf8124bfa7a.jpg,0
6261,3692,61003,train_data/b9deeb9c30b645ea96686dcedd7c7b65.jpg,0
6262,8507,65427,train_data/830b5ed589be42779851c99678e42d99.jpg,0
6263,831,18343,train_data/140d85c68eff494fb580cb7e1e45608f.jpg,0
6264,9119,27643,train_data/034c1be6f479463a9025e62eca062cda.jpg,0
6265,8948,34473,train_data/813fa6d7b47c4290a10bc83bc7914850.jpg,0
6266,17934,53943,train_data/6cc67486acd248dfa0affc00b009eda7.jpg,0
6267,16075,48018,train_data/ca490fc9d8d0481b84986f6577b025ba.jpg,1
6268,14950,6034,train_data/96eabcd2ab0d4ece9b980da16b76d20b.jpg,1
6269,2453,31669,train_data/5100a502d1704469a1df21697dfd912e.jpg,0
6270,9397,34124,train_data/58ec16617e8044089d694c3287f84348.jpg,1
6271,13020,53231,train_data/6a3345ff74ba4c87ac67b54135acb5da.jpg,0
6272,10665,74982,train_data/9371824382464466bfa1fe5767a4e302.jpg,1
6273,360,16072,train_data/525aff42b5a542e381f59c94b38d5228.jpg,1
6274,5007,17486,train_data/f5dc90280b054bdf962364d0906948a7.jpg,1
6275,17883,31208,train_data/5fd93f33dfa94c8ea66bedbe0730a221.jpg,1
6276,12824,72089,train_data/50d83e6d86ed41268a70a07ff2a9b926.jpg,0
6277,289,6554,train_data/0f3d7979cc6b4007952d32ebd91d5bde.jpg,1
6278,13618,7683,train_data/2794b3aac8a8486d966fd3d9cd9198db.jpg,0
6279,2375,73520,train_data/ed78b3e8da3045d9bd430fd6401e0b5e.jpg,1
6280,15310,42846,train_data/01abaeddfc804ba288809a4b9eef4f9c.jpg,1
6281,2055,41677,train_data/8fabf86735be4658b71507fe54ec9075.jpg,0
6282,18392,29138,train_data/bb65247d9a16473e8ae0768a2f7d0f34.jpg,1
6283,10497,76055,train_data/c6d0cadfe4be4df7bb6a13a72e92a9d7.jpg,0
6284,5082,62525,train_data/194f101310c64e95b4f46c7638d28f7d.jpg,0
6285,14733,22693,train_data/fa4e048839674c588b3dc53f447e1b36.jpg,0
6286,13209,38337,train_data/84b0c3f3f6bb4197bc91f0931c45ea58.jpg,0
6287,5725,4282,train_data/c191c93a56214c2c8696074fe859674a.jpg,1
6288,7363,7251,train_data/34db48ef1b284a1690b42cea6845b3e3.jpg,0
6289,8822,16787,train_data/5010e6a3b2db45b2a7504b3f8f366fc7.jpg,0
6290,8285,54044,train_data/8d30ebed626e41209397e1de5fcae585.jpg,1
6291,11320,54972,train_data/67ebefcb833c4387b1b8fbbb6f4eb885.jpg,1
6292,7552,57074,train_data/72c802f2cf2d4828a1a982bd318cd02c.jpg,1
6293,16196,34382,train_data/89c0c9bb0fa04ea3b3cae93cf54db4af.jpg,1
6294,5386,7220,train_data/ebe01ad2e6d64368939ab5ccb981f570.jpg,1
6295,15881,8742,train_data/c839106f0f7e43baa3559d45f1376470.jpg,1
6296,5575,3647,train_data/f24367668bfd4d5dbd6abea8b6725783.jpg,0
6297,4560,10034,train_data/74bd87fc096f46dd8c05dda2609512a3.jpg,1
6298,17281,53638,train_data/205fa95a5a88431e8e1bf94666b78fd1.jpg,1
6299,7097,74048,train_data/0a83d96f19eb45fc8ba015be2ba16448.jpg,1
6300,13732,79356,train_data/46318c1b570a4eec937fa61cdb7586d8.jpg,1
6301,18148,43264,train_data/75d847ae186b4750bd9e8a721432d215.jpg,1
6302,6517,36034,train_data/9bb1769b809e4cd3b240f836bc917942.jpg,1
6303,11495,38730,train_data/852c9cd3ffe649bd89150d9a6da27ab3.jpg,1
6304,17597,40723,train_data/da01c30892434d58a3353cd17918c219.jpg,0
6305,10581,34352,train_data/b03a527d35864ef18c7e8f811165cba8.jpg,1
6306,10522,74974,train_data/d0216017c2bb43a6a18d53aae17604d3.jpg,1
6307,5278,79752,train_data/272eaf28bc6b4b1a8abe3d24c89367e8.jpg,1
6308,11679,20082,train_data/42905bb5ce4e4cbcb585faeb445d4e91.jpg,1
6309,13015,77285,train_data/62b5aa86f65c4619a43725a3f124dba4.jpg,0
6310,10039,66391,train_data/8e687c64721d4771badce2b7affdf5f0.jpg,0
6311,5133,41389,train_data/d33619a7cb474f089cf296f2c20407cb.jpg,0
6312,7278,60547,train_data/b1c484732bc74528814e7a20a0eb6358.jpg,0
6313,3108,31918,train_data/5c6f8dc439a1418e9df0437b46a6d29e.jpg,1
6314,11082,23416,train_data/fb83f43357f94ae49f04b298ec6b1f86.jpg,1
6315,863,25157,train_data/506c2adf620444c7afdb864b896fd466.jpg,0
6316,3254,39317,train_data/acee5818ffe548e29711538f63464ab6.jpg,0
6317,12957,75296,train_data/c485036b24504b3eaf61922502729b30.jpg,1
6318,6808,14510,train_data/1fd4834af6424da9a0219f6b6f1dda82.jpg,1
6319,9464,57581,train_data/351a298e147046eda6bb00a3fbcc0f06.jpg,0
6320,1508,28072,train_data/5391cb56a6434f01b99e3cfbed997573.jpg,1
6321,2872,11250,train_data/039a386f2676402bb3dfb6a7d62eb78e.jpg,1
6322,11327,13090,train_data/06d038ac20364a279b252f8d485d93b7.jpg,1
6323,19813,42049,train_data/b21cbc2b1e4d4bfba140f8edcad68088.jpg,0
6324,14151,38609,train_data/d192c6b132a24b7cb3db0db18c54239a.jpg,0
6325,8369,39173,train_data/57a5a3d564c6464abdde23f7ab663354.jpg,0
6326,6011,6790,train_data/5d77ecdc87c14c6581700ba24ba663db.jpg,1
6327,7752,15818,train_data/4c79a873c8734bd3957599b8bfe74943.jpg,1
6328,4124,9645,train_data/9f75158462e34c5dba74849322d218a4.jpg,0
6329,3438,25145,train_data/eb3801b77fb543d699c7dc63a53a80b4.jpg,0
6330,12831,34893,train_data/33f852e03c8c49068d0959b352362398.jpg,0
6331,15578,24631,train_data/16b95e282d484289af4a32002dd0d576.jpg,0
6332,15290,60219,train_data/a9c8092cffa34dc5ac919d38074f4831.jpg,0
6333,4216,54535,train_data/34099817fdbd409eb4c7a78a85ecf147.jpg,0
6334,11272,1018,train_data/1befb9ca56aa47cc811db5e52afea1e4.jpg,1
6335,17892,49380,train_data/2a03829ba20f4f169ec42faf48ecd430.jpg,1
6336,5375,54432,train_data/13231c65783a4154b97c0cff429384b1.jpg,1
6337,18137,69921,train_data/6b14ef82a2a44aeab7c1de42e8b007c1.jpg,0
6338,5613,24605,train_data/209d328856604ff796edc6ca7079c783.jpg,0
6339,2734,33212,train_data/02b5e7045bf8478ea665ebd8f0837ccf.jpg,1
6340,12218,20833,train_data/15764a3c0f3c433390ae422cd153b6d1.jpg,0
6341,674,19030,train_data/f6ffbca4e5134bafbe6abbaab3c2e3f9.jpg,1
6342,1711,29567,train_data/c4978c7eccc041a5a4f01e589dfd7165.jpg,0
6343,12543,49693,train_data/b5cbea127c08439a821d558f68da32d9.jpg,0
6344,13430,24294,train_data/ef280f0dc5184e15b73d503a8450938a.jpg,1
6345,6685,20680,train_data/52e651ceaebe4ece8aba563fe9dd0dba.jpg,1
6346,4789,38959,train_data/c662beb42ab74b64bd194ea9523a70d7.jpg,0
6347,8764,33794,train_data/887c8d0463d24f78bcf133e36d6c488c.jpg,1
6348,8303,45576,train_data/e3d42f66f17a42a6ade1b0a1a22e9e6e.jpg,1
6349,2899,28574,train_data/89acf762664f4e4b9759b18ccc4622af.jpg,1
6350,4035,8972,train_data/48111cd5f5ff46369ab98c256533344b.jpg,1
6351,12033,18416,train_data/9c2da3e7092944f3a6e001deb42c5a6f.jpg,1
6352,4990,57317,train_data/15164cea492b4e648841881667cec9e8.jpg,0
6353,12034,43373,train_data/1aec73c744354912a737b5732d0c481e.jpg,0
6354,13806,78080,train_data/100013484cc64649b0c21879db76cbea.jpg,1
6355,4257,18252,train_data/02622396742f4fb39499a44b4daf9173.jpg,1
6356,6887,52397,train_data/29ce37a5dfa44dc1bd5f10e35c0ef20a.jpg,0
6357,5473,43515,train_data/4af3f9418368499da28d3b34631a756f.jpg,0
6358,18918,48412,train_data/405e084f88ba4e2c82d6e6bb94b7cff1.jpg,1
6359,14967,20290,train_data/15bd2777de294b39959ac92c09075f05.jpg,1
6360,7551,53615,train_data/0036569d040140088408a9a0dc3523c6.jpg,0
6361,1254,47528,train_data/f410e767f3e84f8786b1dae57ac70b39.jpg,1
6362,14323,69527,train_data/61279e6fe379472fa4f3227be5069805.jpg,0
6363,15351,65811,train_data/9997f7d8b8db4680ab94ea969ca279c7.jpg,0
6364,11557,14519,train_data/3eb9465c523c441d851ab7dca19ad6ad.jpg,0
6365,14366,34823,train_data/c829691b77374dd4bf4b5fc2b27d198b.jpg,0
6366,2122,74523,train_data/6e15d63ed207427399a2743c68678a29.jpg,0
6367,2673,40220,train_data/02b7b037621b4886a4d629c3bd58dc41.jpg,1
6368,12998,23151,train_data/6b0b2b96e0a3429f83789805e4a3fd6b.jpg,0
6369,14952,54472,train_data/2558a58d188a4482aa8ffdc28098c2de.jpg,1
6370,6118,61199,train_data/a60785da649143238e505d671ab9fbc3.jpg,0
6371,3953,22338,train_data/da481aa8b1ed4f73abd90d9b75820fb6.jpg,1
6372,1516,63205,train_data/88331f3143c442f08662db2b97588c11.jpg,0
6373,16415,53694,train_data/3c3aeeaa4fa0404cb76faefc623de47b.jpg,1
6374,3611,73195,train_data/fea961fba57e402bb054e087c05cfbf7.jpg,0
6375,791,52707,train_data/be498c30dc5c4f809922a6fa8313367e.jpg,0
6376,12882,38843,train_data/0231b539e49f495daa9f48da94c92617.jpg,0
6377,1865,78409,train_data/6a5fa50a08934df18a9203b0b5cdff80.jpg,0
6378,6064,60196,train_data/4639beef0b964615a2d8f1f4fcefa917.jpg,1
6379,337,66153,train_data/73be54ff62e44d51bedee97af6966cf5.jpg,0
6380,13973,26068,train_data/f66fd65dc0d04fb1bc61297408aa5dee.jpg,1
6381,9406,33703,train_data/0f558bc1c97f42ba9d078547fe50e653.jpg,0
6382,2344,29648,train_data/e83e780515b34bad865afc981ee575e6.jpg,1
6383,4004,68396,train_data/b9f8acf39bea47bfbbecc4af486c7caf.jpg,1
6384,15918,8881,train_data/01eb4833117f42f989d2b20d4d764255.jpg,0
6385,10583,46131,train_data/8e211d28195246b2aae684aa2b460da3.jpg,0
6386,19923,65743,train_data/e824b60327314cc18952810f3ab01d03.jpg,0
6387,16827,5763,train_data/10fb0ade32a04794ac31800c8bb2df69.jpg,0
6388,5706,51241,train_data/01f32c6d93854b56b32982658b1d01cd.jpg,0
6389,13418,43992,train_data/cdba3e00fcec487f9d235d19632ca363.jpg,1
6390,8108,45008,train_data/3c7a59aadea446ecb85308cfe38f82ab.jpg,1
6391,10479,53043,train_data/939cd7c2c520499b9efbeb4de5b55961.jpg,0
6392,17146,2181,train_data/a47c6dc7bf8d4ec7ae8add18a4c2c380.jpg,0
6393,10577,51277,train_data/1042cee411a14d8a9085bcab9fa23351.jpg,0
6394,6815,26161,train_data/599a1e43f1d846478bbf48e91af509ae.jpg,0
6395,15704,23334,train_data/1db3b3176bcf41f4b84905cc82ffcf42.jpg,1
6396,18357,39402,train_data/8b5db38dd8d841af9367e315016b2aec.jpg,1
6397,17987,55603,train_data/743e575b1c0b482390d80ea0ef122f77.jpg,0
6398,10911,36478,train_data/a0db5c23d4b141a2992e9b268d25e7ad.jpg,1
6399,33,48201,train_data/0804ae3123614941b156638d37b5309b.jpg,0
6400,1076,57085,train_data/8c8cae6000174c9bb4234344b4f31482.jpg,0
6401,311,5860,train_data/06e99753f16a487cb31222c099d40ef8.jpg,1
6402,18800,55219,train_data/660f19f480b145d38ffb2abc26a31b08.jpg,0
6403,10660,2229,train_data/8fb7a8e5701c464eb868f0f907e97bda.jpg,0
6404,12414,68729,train_data/112de715f30d4003905a6d7de03b2be2.jpg,0
6405,13974,43494,train_data/46e884ae00b94ef1865d05ff94d4e588.jpg,1
6406,5399,61817,train_data/fc114b4a14e34cdcbb6e1d9ca897df33.jpg,0
6407,9090,436,train_data/a1bdb3bed7a440018ec2b2272897af31.jpg,1
6408,9279,21282,train_data/92976fbc2fac404e9f6fa40643c97b81.jpg,1
6409,15952,31993,train_data/28049611805b46fd8c4c0d4e26ab7dc2.jpg,0
6410,15345,22751,train_data/a1f75e6c290a4e7e80c3e89bbab44678.jpg,0
6411,12053,26584,train_data/dcbaa338aaf54298bcdc73ea7c0e93d4.jpg,1
6412,239,61326,train_data/a1981d64e7cb42a1a2b26a52c2cda159.jpg,1
6413,5158,35871,train_data/dd31f5cea4ad4f4193a6409eab8c9fa8.jpg,0
6414,16213,40758,train_data/c55267efb4764aa2b5f1f516bfe3309f.jpg,1
6415,472,6373,train_data/081b120279d2478e81500f715ddd38fa.jpg,0
6416,8191,67127,train_data/0f4bd3dd9277469dae17809944fa7bbf.jpg,0
6417,17078,20643,train_data/b4a6d74c99e640bd9096973aaa7a94b5.jpg,0
6418,5886,28260,train_data/b07878a411b14c18a7cbeaeed847d717.jpg,1
6419,17387,69993,train_data/ba9bbaf1a13649b39cb6317a7ecc2d66.jpg,0
6420,5270,61594,train_data/26a793f1666b42b6a3770d36ce4e76e7.jpg,1
6421,1745,50287,train_data/3c207fe28bbf47a6b2f6be62a3d95ec1.jpg,0
6422,13663,41807,train_data/c03e6151e8cd42e58a7c038e6c819f63.jpg,0
6423,10137,20135,train_data/264f635404014f8ebb2674bf4c61ab99.jpg,0
6424,4256,52698,train_data/47224071a7a74caab0949e27cff5b54a.jpg,1
6425,5280,31861,train_data/0a5b9803aba14a818296237a4103a4b8.jpg,0
6426,12621,54867,train_data/f885896d1ec94954adf6610ff56bf895.jpg,0
6427,12878,38160,train_data/a9a647e153b749db89d30385771140cd.jpg,1
6428,9075,24933,train_data/e5692bc60b124d38a46d42595999415a.jpg,0
6429,1024,26481,train_data/da54405597614d30b7e0979ec09c2f39.jpg,0
6430,4718,61065,train_data/7200dcde2b3e49f99a52aa7ecef54703.jpg,0
6431,15170,5658,train_data/52fec02df3e243f6b3dc6ea7c27f46f9.jpg,1
6432,15815,2652,train_data/4c27f51e9a624d6a92bf6c91c2812624.jpg,1
6433,2906,32909,train_data/ebf121179f2847f8aac18eefdc9bc878.jpg,0
6434,11906,29951,train_data/347117e48fca4153ae3ca6cbf6c3d4e5.jpg,0
6435,11733,64439,train_data/46a246365d7e4002b59ba39113140d29.jpg,0
6436,12483,25417,train_data/0a2d8054348748db920342f5c601b703.jpg,0
6437,1703,11307,train_data/37b83035d9414b47b7f068ff3799edc5.jpg,0
6438,9748,48451,train_data/343f561056fa4ddabeda485a74ba51f7.jpg,0
6439,6348,7389,train_data/f1ed29d42f6a4e6ba1df7cf09243b161.jpg,0
6440,3743,67705,train_data/f2df7ba31b72443782bb955750f024e5.jpg,0
6441,8882,69471,train_data/27a2bfc2885144018e21d9a4ab172a5d.jpg,0
6442,14579,51579,train_data/18d9dccd717b4d29a57abd2121c050e7.jpg,0
6443,18824,54901,train_data/e5403276c5d242289f0e79b85b5f9144.jpg,0
6444,19926,30400,train_data/3114e9febb6a4d3f94fc78a6dc326fe8.jpg,1
6445,8951,34179,train_data/3d144ad22b96424d844ab29d50dc0795.jpg,0
6446,4203,4155,train_data/158c0771d10f4558b6eeb4c405727e32.jpg,0
6447,12531,33425,train_data/59b426b2291a4ca3a4f17078ce42aa09.jpg,0
6448,16703,8780,train_data/8192d1d4bfb74430875b3114cb53ba42.jpg,1
6449,7120,6683,train_data/c5ab4da2cec347f98f9dad39b6e5d324.jpg,0
6450,10011,35802,train_data/bfc5d7bf0e0e4a1baaf0b158a8f62ef7.jpg,1
6451,6904,13858,train_data/765abf2ad53b4b2bb36ece2214b39545.jpg,1
6452,14789,31859,train_data/66eb614cd1444a50b5f00388afb94d0f.jpg,0
6453,12140,39446,train_data/ea250769ae0b42b69074879230aee927.jpg,1
6454,11946,38944,train_data/7d7ea10979d04248932de177fa53f232.jpg,1
6455,18989,72854,train_data/279aada7ddf54766a79dfb377def2de8.jpg,1
6456,12832,47643,train_data/6702b797a7784063861992601f396c88.jpg,0
6457,8225,14964,train_data/f8906f6eaf58453a9552456916fd5fe2.jpg,1
6458,6706,76268,train_data/61bde25438d84ef38751b47cff3bee5b.jpg,1
6459,18099,52546,train_data/e70b7787ebf145448467e994a9f4f46e.jpg,1
6460,12157,64312,train_data/c903bc5825a44db88867e9a2db134954.jpg,1
6461,2357,41339,train_data/b994d18074cb471fb8d3db6173573ad9.jpg,0
6462,4664,78708,train_data/439af05261644cceb976d911f8392f5b.jpg,1
6463,11660,2783,train_data/2b05a8b16d58491a814b966866f21de7.jpg,0
6464,14883,33608,train_data/3e2ea08c14e74f5cb90ca8b028d099fa.jpg,1
6465,12760,51059,train_data/0a79fe62dbfa40f480c9514148aef617.jpg,0
6466,4127,50514,train_data/2b2b036057d8494087737c2b0a3d1f4a.jpg,1
6467,7442,77442,train_data/d11894d0d0c842969b54e56b9911ffaf.jpg,1
6468,9958,40044,train_data/6b388d70d01146039ea5c6bc6e657c8c.jpg,1
6469,11750,75412,train_data/4ef6f4ec7c6b4f52a149b67d373102a1.jpg,1
6470,5707,32968,train_data/93cf13065fd3477b952f22449fd87ea6.jpg,1
6471,9393,44284,train_data/ca17048e7f2d46bdb2aa9c173140e38c.jpg,1
6472,9459,20849,train_data/bbf8bea728e54d4cbe72955cb1d2a67e.jpg,0
6473,2124,71533,train_data/ff3cda582d6645c7b39d6696e3f440a1.jpg,0
6474,17469,49822,train_data/9eeb888ab6e04ac6903ce5e115f2fcc7.jpg,1
6475,5659,20690,train_data/53bf4cf17ad14654af8ec6b061f606a9.jpg,1
6476,10974,23204,train_data/649de1202ab844b8ace7a67c3e57d745.jpg,1
6477,3976,34367,train_data/a0faa59a7e594f8783b7421685c35395.jpg,0
6478,732,63438,train_data/1c0cc8be0fb24e8ba92955131e0da3ae.jpg,1
6479,8239,62950,train_data/1690bd5188ee4c97a68235e99eda54b6.jpg,1
6480,5196,14217,train_data/d335ddf9cec8443a80cfcaa92e531596.jpg,0
6481,13301,73002,train_data/473a5d7cad994d63bba38b5daf7c10cc.jpg,1
6482,3763,53665,train_data/eb3920cdb8b54b85b203867a3c84e332.jpg,0
6483,79,12714,train_data/dd60f11861294512b247927f4b22b5ab.jpg,1
6484,4561,70240,train_data/8e50f9c075b64c7c8dd933e5f72c44fa.jpg,1
6485,2331,9053,train_data/9719437f3d5d4155a91a376912b7545d.jpg,0
6486,4506,63384,train_data/c64db73e9a1c49438f86c1f4dd74835f.jpg,1
6487,15893,13992,train_data/83dd03ee40c74eacb33485cc700b1e5c.jpg,1
6488,333,45218,train_data/f9f779b16c72484780a2debc9afbbff2.jpg,1
6489,15739,78327,train_data/8b054ef6522d4e309f6aef99ba228444.jpg,0
6490,5180,76358,train_data/8a7de9059f4e452babea9d5e77c5b947.jpg,1
6491,9645,24929,train_data/04da5a6e2c4c47e488369cad42eeca65.jpg,0
6492,8029,57792,train_data/8ea89f88abc14d23a555b12a52ea4f3d.jpg,1
6493,19383,40095,train_data/c7313a8ce9dc448a8371a285e6356107.jpg,0
6494,16567,46461,train_data/9358fbbce69c454bbf917fa99db055af.jpg,0
6495,14630,261,train_data/d8b49c1c9aae4a988d786672b7affaef.jpg,0
6496,2188,44631,train_data/8559c40692f04cb5a42ea0559207f0de.jpg,0
6497,17431,67852,train_data/f7bab26623bc4c339f04fb3fc9b75f83.jpg,1
6498,9391,17930,train_data/3f029fc486a2439e89fff739a3868b98.jpg,1
6499,15113,56603,train_data/0e6e2021d5c14105882e033400fa9b79.jpg,0
6500,6177,54884,train_data/fb36dfb2af164469837392805f871101.jpg,1
6501,18205,38940,train_data/c04cb5d2a03449d491aee7a7bc7be51b.jpg,1
6502,15051,14149,train_data/1ec33c51f49d47d69e0e76cc7e63e012.jpg,0
6503,12735,12330,train_data/584ce5bb7b594ee6803d30481621c80a.jpg,1
6504,4289,7119,train_data/d6690559d0664b9dbbbb872c44569093.jpg,0
6505,11024,67368,train_data/c8776a1fe0ca422b802fcd7619511dcf.jpg,1
6506,10880,45960,train_data/840ca3bb87d14d659e11338bc94eab2c.jpg,1
6507,11370,44164,train_data/05baee1aef214eb1b5d8a4e8f81835db.jpg,1
6508,12121,11861,train_data/2c5c3c01ae7344be91c5d30222c8cdc8.jpg,0
6509,5400,63777,train_data/0103c7ca67bc4b188339fc00007b7018.jpg,0
6510,214,278,train_data/2c350fe54675458db09746b896486095.jpg,1
6511,12883,56341,train_data/7cfed89f6d234d56993e2b8b6dee6b6d.jpg,0
6512,16321,67338,train_data/4b9b9df3c4aa4fadaaee3cb5a3de4230.jpg,1
6513,7945,11150,train_data/6b26e3f871394ca08df04451bbf9daef.jpg,1
6514,15953,59271,train_data/cd6e1c8e7ad34301b16b4074a9eea414.jpg,0
6515,16076,75426,train_data/bc66cf58d2744037b5d283dd4c08e33e.jpg,1
6516,19440,15260,train_data/ec21540d7b454f4cada1cf11a00782bd.jpg,1
6517,3154,12229,train_data/3602fc32ba564a6ea6b082947d9997be.jpg,0
6518,8188,70750,train_data/a8840b0edc784f52b97d7e76f669aae3.jpg,1
6519,19723,57129,train_data/54c929b7c4ee44c2a02921bc9e8a0957.jpg,0
6520,5049,39306,train_data/cbae14c553984673b49c546329590a7a.jpg,1
6521,106,70648,train_data/b64b4e8d5fca4c35b6f02434a8d54c82.jpg,1
6522,17742,56161,train_data/18333e842c8e45eba6c75617e859ae03.jpg,0
6523,16331,38873,train_data/b818e2f499614054b89f3427d04f2ed3.jpg,0
6524,3404,65430,train_data/7c0028045aef45459cd06f324a07d887.jpg,1
6525,5639,32880,train_data/7f49ff438ce447edbc7b114d41c43618.jpg,1
6526,7453,24534,train_data/d8dbcc40fde741d6946f6272301ac5c8.jpg,1
6527,19438,46801,train_data/6f7757a2ea344afc95a35caa95bcfa6a.jpg,0
6528,19830,56285,train_data/3e5bc61dab8e42d1abd85d108344a53d.jpg,0
6529,6525,26516,train_data/9682c2854371429abca4b09b0b56975f.jpg,1
6530,14170,34011,train_data/662f3ccb8bed41bcba669925eddc3a74.jpg,0
6531,6387,41481,train_data/4ab4fc98d2d74eb4a670f6426e61112b.jpg,0
6532,11903,578,train_data/77dd07a2cc7a494f980fbc9a3753c4fd.jpg,1
6533,5096,68651,train_data/3473ae7ae72141e48510a62b8c0ca351.jpg,0
6534,17187,54,train_data/16bfac23537b4552845604e7665c7a3f.jpg,1
6535,11924,36618,train_data/e1886eb33ea341f385933c676e6e559d.jpg,1
6536,1528,46391,train_data/ce62e5b71c064ffb836cd558734ead41.jpg,0
6537,8689,73766,train_data/bbe79be19bcb480fbb4c0c6127c49b7b.jpg,1
6538,6987,44172,train_data/191ddbaf980a430d8c67255641cb5e9e.jpg,1
6539,965,59054,train_data/242a0bf072d04be09c77fe48d62798a3.jpg,1
6540,12292,26126,train_data/7b965b1fcbce4f3dac9e706fba71f723.jpg,1
6541,1662,52827,train_data/04fa4278080046af871ee5cfe6d901f5.jpg,0
6542,455,25776,train_data/1a1eb00caeb042aead2eb4b6c3e72d1d.jpg,1
6543,6848,9008,train_data/0fefaa540a1b4f24970e6a77e3c563f0.jpg,1
6544,17503,64728,train_data/a7b648ebbc1c482e9f5bb04e80daac0a.jpg,1
6545,15780,63571,train_data/66b1717ef96b409cab0249a57e59f956.jpg,0
6546,17206,61353,train_data/75d2edf919724ebe8352d57ea8cd96bf.jpg,0
6547,6798,56994,train_data/32f149ad589743baa4ec471915568800.jpg,1
6548,15386,75975,train_data/0e1aaba72e644ab4a3be248f13704ae2.jpg,0
6549,8873,33358,train_data/adc2a067d09f4227bcaed1b630ac2083.jpg,1
6550,17402,75817,train_data/ae1ddc1b5d694c46834e6d4448dd2b2c.jpg,0
6551,13352,43510,train_data/01ce4ef7e31c474b8d65238753e03ca4.jpg,1
6552,13963,11400,train_data/1b80ad78b78e4f2d968631bb2be45725.jpg,1
6553,15255,25424,train_data/d2afa99d17014aae862ac508b71144b6.jpg,1
6554,14544,2868,train_data/f441c3437bc64b42bb29579140ca555e.jpg,1
6555,15705,42227,train_data/8a98f5cc21104e318871373a9fdeb8e5.jpg,0
6556,17830,17775,train_data/3a6943e6cade4a72ae8829cb50c56db6.jpg,0
6557,7808,53346,train_data/e2b3c47530e74d6f9a4839f261673873.jpg,1
6558,8830,49155,train_data/d697e2e2f2414262a846a5ec294ad27f.jpg,0
6559,17306,18063,train_data/4ea8edb7c6ef46fabfedccb7ed1ffff9.jpg,0
6560,19937,46231,train_data/e06f002362a0404eb6c31e90a03ecdd2.jpg,0
6561,7859,65879,train_data/a4488536e9be483db459da777f4d24d9.jpg,0
6562,16137,55617,train_data/1c476864920547c4b70a85a14772a173.jpg,0
6563,14218,30670,train_data/157896cd1f1f47558116f8dddb8bca8f.jpg,1
6564,3646,73925,train_data/521ecc67293540dd9e42c861cc156958.jpg,0
6565,9859,32936,train_data/a31a068b1cf641dfb173c195ccde0f0b.jpg,1
6566,13254,44728,train_data/0706d8269cb64f8f9a5a00bae8c49ee5.jpg,1
6567,16627,63269,train_data/6ab2f59759bc493987e10384ef6f6a4a.jpg,0
6568,173,22192,train_data/9c031fc8e42647e39b2b91361eea6afe.jpg,1
6569,10869,66145,train_data/1b08f383adf54ad1ae095638df19f6a6.jpg,0
6570,335,35384,train_data/3d6168786c3b435a9429b30eae3ae6df.jpg,1
6571,5151,26100,train_data/3c2086f62548495699c6e7beb4c01bfa.jpg,1
6572,14268,18249,train_data/d16ead49f2d54685b25865b114bdc92e.jpg,0
6573,10507,2290,train_data/aec2edde6082495fa1a3fa46f272721f.jpg,1
6574,10536,848,train_data/e61dfe5d30ef44b28e9359ec4131d7bd.jpg,1
6575,1526,57468,train_data/e7564e8d54bd4eec9a5106091110b543.jpg,1
6576,399,61419,train_data/c5cff63ca23a40d1b4dd2740c2e4043d.jpg,0
6577,19835,17532,train_data/edda2b85704a454c85079e3da3d67703.jpg,1
6578,5388,74734,train_data/bffaae7c734c474c814993a0fb488467.jpg,1
6579,749,34683,train_data/cb8e933bd5464c4a872f05b51f399576.jpg,0
6580,611,18488,train_data/b3bbbea827254d95a4ad8c9a2a8c8226.jpg,1
6581,15955,70530,train_data/96d39652f78b469c82076a9cd53b93b8.jpg,1
6582,11603,52814,train_data/08e057f0969040ffa51338ac6aea1f9d.jpg,1
6583,7053,54447,train_data/e2802c6e1d5349b1838bc06155072ad8.jpg,0
6584,12994,60435,train_data/90d39d3ae3a846c7b836d8ccb3184996.jpg,0
6585,15671,77627,train_data/7f89cc25b9f442c6ac8c35ade2097e1b.jpg,0
6586,12741,74998,train_data/34881692444c4587a3803e89c4c52fea.jpg,1
6587,5175,61751,train_data/85580dd6c9564d31b44efe1d2d00ce77.jpg,0
6588,8570,68202,train_data/786730454a8e41f88a3f00451ad8cc6b.jpg,1
6589,16104,55513,train_data/884a49d0a99040eca7d3803037f28db4.jpg,0
6590,3087,60588,train_data/54954abe2b924670850ec276ec666e21.jpg,1
6591,14175,23335,train_data/84b1f544bbbd4808bf96b2db012910f3.jpg,0
6592,10684,24397,train_data/9c443b086ac24a80829f3906017a13ab.jpg,0
6593,19594,71469,train_data/092fd47219874fd0ad5e0a54f19468e3.jpg,0
6594,3187,36779,train_data/b63d0444530943b8aae567fa66f70ad1.jpg,0
6595,15703,62692,train_data/957ba0e4c6014117ad2dd1b8dea01dc5.jpg,1
6596,2030,64986,train_data/27b93352ffc34af1947c7ed4eaa3f058.jpg,1
6597,14798,13321,train_data/b0cea0c36d48466fa79e4b73e8b7fe84.jpg,0
6598,245,6425,train_data/88e892a6cfba4d76b5798a0e245ee587.jpg,0
6599,14233,68793,train_data/31f1c5eac2b14278a356a70ead961647.jpg,0
6600,12754,14010,train_data/6c377931822f45dab6b43dcf81906a02.jpg,1
6601,19555,38350,train_data/480c8c0d6f98414096ef5f3ea670a341.jpg,1
6602,18322,54329,train_data/98716ea988e5466fbda9ef542e3298ab.jpg,0
6603,13577,24500,train_data/8ffb8a7276e7422fa8bd38df04a410ca.jpg,1
6604,11057,5610,train_data/5093bd0cacb347ef80d7019de4cb4844.jpg,1
6605,18365,5093,train_data/566fa2e957684045a58a2fdb118b12b0.jpg,0
6606,13532,40991,train_data/1512e678b9f241cd85a2e8970813e42c.jpg,0
6607,17812,30829,train_data/ebdfda4315894f578b0f241b264742d6.jpg,0
6608,15045,49970,train_data/2061c21215884d79b25ae6ae908c7c1e.jpg,1
6609,3736,5601,train_data/6eb2a7c613524e69bf91a39f3412c005.jpg,0
6610,16033,46251,train_data/3297ec37544c4345bec8acbf51d94f4f.jpg,0
6611,7499,38309,train_data/838a778e6c3f4551b2b367cb4edbfa27.jpg,0
6612,8667,50422,train_data/5c565d221d874bff82cb5323ee0e0510.jpg,1
6613,10977,37910,train_data/d94f611ae47c4f659dfabb78bb57c5d8.jpg,1
6614,13498,9579,train_data/e1c9682790d246f69ca826dab74f8d75.jpg,0
6615,6788,11597,train_data/c19afe03c769442a891b6352f72ef445.jpg,0
6616,1562,46288,train_data/b0100bec697144e28d42f03bdf64f179.jpg,1
6617,14370,63494,train_data/80ce258280d94c56bdb3d4f2a038f085.jpg,1
6618,19670,25348,train_data/2bf11183acf940f18ca2f39f89ccac02.jpg,1
6619,15691,31907,train_data/4966607923e04a8d80bf9d5d26da1d16.jpg,0
6620,5623,58170,train_data/3398257e7ced4e36a2f86fbe5ee21d21.jpg,1
6621,17811,76853,train_data/caa14eb63fad400393716d0d37e1acad.jpg,0
6622,8442,24257,train_data/0734fab036274774a722f95372368913.jpg,0
6623,6682,65264,train_data/3406b380caf0435d8a5e1f8451ff062f.jpg,1
6624,2755,63855,train_data/3927914e3b464c55891307dd9f0c8bb1.jpg,0
6625,3212,40259,train_data/0e35d3c709ef4123bb7b8cff23c885a4.jpg,0
6626,2694,70563,train_data/df377c73f5ee4883ba1739c850186188.jpg,0
6627,17829,32170,train_data/ef4d338a0d894890bd6de84be1d6894a.jpg,1
6628,14101,71137,train_data/3e7898aee71f402f91056eeeaeb043d7.jpg,0
6629,17579,77180,train_data/d8f44c752c834e2384ac5102247d61e9.jpg,1
6630,7530,6730,train_data/4dde3e00dff947d68f19fa090167f258.jpg,1
6631,12929,57524,train_data/96236ae364884438ace275f14ab058a0.jpg,1
6632,4721,46967,train_data/25e9712bae534b5bb310958bcefdf9ef.jpg,0
6633,14513,66315,train_data/70d04ce4d6d24afb92904a03d25032ea.jpg,0
6634,17471,46791,train_data/3e607f41a5264937965e00d1eaa20a46.jpg,0
6635,18074,22494,train_data/379cb31983c04767b85a7c20eee974fb.jpg,1
6636,14258,5453,train_data/ca63f3daaa1c4b9aa119848a89ca5a78.jpg,0
6637,5965,75490,train_data/2d27861d368d4fc48019a1694dd419c0.jpg,1
6638,12680,21981,train_data/829bd0c7264c4cc48070408110b005e3.jpg,0
6639,18045,44920,train_data/2bebb1f44914432a95622603de422ea3.jpg,1
6640,62,6391,train_data/cca3ebc47cac4e4691b87866762759b4.jpg,0
6641,18319,49218,train_data/2ec1793e28444c62918dc69657fc7e2d.jpg,1
6642,10281,61454,train_data/ac27b35e236c422d9117b6e970adb8f9.jpg,1
6643,4096,5398,train_data/6920336dce43452eaaa5d1f03df4f04a.jpg,1
6644,6459,9293,train_data/ff389a4d2df044a1b7a7ef8fbd2aaaaf.jpg,0
6645,2213,52535,train_data/7a050faa821147cd99ce41f09d4e969d.jpg,0
6646,18101,335,train_data/d4da89fca2ee4efa8329f03d22d0bd5b.jpg,0
6647,13114,48396,train_data/cc5ebd4b63e248b09899ffa68197fb68.jpg,1
6648,3336,77504,train_data/216b53e523e549a78a7cc6f56d890418.jpg,1
6649,6913,15871,train_data/53cf7e932ac14c58b43d570389ca12fc.jpg,0
6650,17813,50159,train_data/cee17d949832465a9a4fdb94078c337e.jpg,0
6651,2348,35599,train_data/f14475a08339414c8cc8ee5afae48479.jpg,0
6652,12525,12586,train_data/ebaecd5046bf48b489fd91a19572f1d2.jpg,1
6653,12532,41729,train_data/2f2511b6db0a49d2ad4e9def53bd8958.jpg,0
6654,19025,828,train_data/504b4b081f2c442594fc418d328ef3ab.jpg,1
6655,17118,51193,train_data/3cf062fa82684facb1501a14da90a82f.jpg,0
6656,5146,26097,train_data/1d25f42a402547359a56ceeb1b7ded0c.jpg,0
6657,8807,60254,train_data/c1ce040a9ea6421aa51f07587cdb9140.jpg,1
6658,16293,32384,train_data/7898f4daa3a9448782f644641df4cce0.jpg,1
6659,14356,69675,train_data/fea7ace35d4f4141844b61b7e05ca389.jpg,0
6660,16069,65857,train_data/0764eb876ccf4d219415c23c5d24316e.jpg,0
6661,15361,18200,train_data/080209634bed408e94b4daa612434aba.jpg,1
6662,7912,40763,train_data/3645095495f1410089cfe7a4a5e7a5ed.jpg,0
6663,6698,48538,train_data/be32aed821be4bdc8662f65fcbe35225.jpg,1
6664,11489,60773,train_data/a9849a0f7672451bb0e4c8f6d27804d7.jpg,0
6665,15264,55500,train_data/c2eadfa863a14eb19cce566f562e1e87.jpg,1
6666,12083,78758,train_data/8961c59d71934595b861ce3b24d8041e.jpg,1
6667,11724,38823,train_data/07a1612551ec480c8ccd80734aa01d56.jpg,0
6668,11184,41151,train_data/28689f64a3a4440eae6287b73ad01f90.jpg,0
6669,16180,40338,train_data/8f7ac71d84dd48e796cdfb6451f6d8d3.jpg,1
6670,2683,30514,train_data/e4cabf00735b4c558d262ccbcba0e3f0.jpg,1
6671,8200,67022,train_data/c251cf15c6cb4bb886902e8e7ba56761.jpg,1
6672,8784,11421,train_data/92af648f0fca4e9aa1215dae70121c42.jpg,0
6673,13099,34071,train_data/5ed0c99b53584737a9b1e8fce30ddda7.jpg,0
6674,7722,23160,train_data/902a08c5f4504949b990bc1d182f7f22.jpg,1
6675,4422,63857,train_data/b7cac517a86b480fa5c73892921d2b82.jpg,0
6676,9534,62603,train_data/bb140cb87886400e9a8394d220c9c89a.jpg,0
6677,2679,55343,train_data/59f177f6b6b44d0a8a24c69aa592f6b3.jpg,0
6678,16841,11538,train_data/45c391083962457cbcaa3156f5362094.jpg,1
6679,17190,14225,train_data/0d52710f70a341abb5456e92f5dd9954.jpg,0
6680,9431,45233,train_data/0a63cdce05134268a6501b8c587e479f.jpg,0
6681,15455,28335,train_data/43c2fe43c23c487e87b6e4efc94661a9.jpg,0
6682,1521,78140,train_data/6a96334fc54d412786f40fdb0e6b3412.jpg,1
6683,7502,19284,train_data/5a7421e322794a45bc3db832101ca0e1.jpg,1
6684,7661,56357,train_data/58ab9767c2274908af38b7cab9e759e9.jpg,0
6685,5030,40187,train_data/05da4702f11440b7b2a5c1a0e2c7fd8d.jpg,0
6686,12780,16933,train_data/45500c2fb1f14743889ec16a29aebb65.jpg,0
6687,16395,63862,train_data/3a53074994dc40fb8b81d9523cd49c34.jpg,1
6688,19163,44304,train_data/2e5f5212c64c45d9b43c70fadc63c5cc.jpg,1
6689,2527,28799,train_data/cb0cce2b5bcf486b822501273d9067c0.jpg,0
6690,8826,58437,train_data/d43a2a75efdc47e78adb72906ce057f8.jpg,0
6691,3591,73614,train_data/84b024fd65d5453a9234e432900aa807.jpg,1
6692,17803,77232,train_data/10d098d06d894991827bda499e9ade78.jpg,1
6693,9054,16235,train_data/015afaea53414cf68aba5bb2881a3435.jpg,0
6694,3905,20624,train_data/cba28e4971d94ffba2670a4157207bc2.jpg,1
6695,17297,30167,train_data/846222fd909e44ca98d9b5ac504bd7b4.jpg,0
6696,14685,26840,train_data/e18d903599b649e19c0b45a057b6dffb.jpg,1
6697,1675,45886,train_data/36fcc7b95d47488d9650bdb81b58d267.jpg,1
6698,11791,31714,train_data/c05ad183ed88455092f4511352758c96.jpg,1
6699,18889,49061,train_data/c55f700558a2444caed7363ac556e21b.jpg,0
6700,19707,76777,train_data/719c1689c5984c6ca936fefd6c6746d4.jpg,0
6701,13138,50267,train_data/f5f65171950f4223806fa85e75f33455.jpg,0
6702,2056,45473,train_data/8465b6ce8147473daf8534e492545aef.jpg,0
6703,15695,6422,train_data/8870280fec134039a96c2d658d065df8.jpg,1
6704,19001,13379,train_data/48512d297e3b4f688fc0c45410db29df.jpg,0
6705,2304,25647,train_data/0fe04a31b0a6440f8c9fecd87ce2c1ce.jpg,0
6706,13797,29243,train_data/c38073fd373b4176b16ae597e0f0c34f.jpg,0
6707,4553,23617,train_data/314d843f20af4edcb252f9c69b0d0eb5.jpg,0
6708,15527,41903,train_data/6755c257d8dc436e9fa353dcbb7f20f5.jpg,0
6709,7103,19287,train_data/eb2007e3041042458751495cc588c0be.jpg,0
6710,19270,29364,train_data/eefd0a6e1d744278abade8590f2c2714.jpg,1
6711,16508,911,train_data/82cb853adf8249c6a3ea283f338a166e.jpg,0
6712,14675,34059,train_data/2ea417891e314cb493ffb7af11b80bab.jpg,0
6713,19436,37512,train_data/fd5d30546b9c48daa6ad03682b6ec6cb.jpg,1
6714,9771,66441,train_data/0372bc23b329420dae00732a0c05d475.jpg,0
6715,5346,68108,train_data/e6db6e95450f41338f2fb467c2976b13.jpg,1
6716,13220,44150,train_data/16257cc58e784aa4959a3781e89d8dc3.jpg,1
6717,18474,33702,train_data/f25044fffd844aed8519e056f478237c.jpg,1
6718,5361,57058,train_data/cee20462b6944062abb6f7d870638a29.jpg,1
6719,5284,70436,train_data/f6dbe85c6f6b427f913fa6ead55bc4d6.jpg,1
6720,14809,47016,train_data/4a461880466841eab53f7204a79009ef.jpg,1
6721,1896,58376,train_data/bd6a0fb05fd04bc4b73bb4e2ae8f9ba7.jpg,1
6722,15733,69167,train_data/691f44135fa349e6b0ec6753feeb3498.jpg,0
6723,8798,51602,train_data/edf28b7158db48529d83d6b2c5709a9e.jpg,1
6724,4429,24433,train_data/3e07d9d9ae3441b0801a596281c5e4f0.jpg,0
6725,11144,3108,train_data/694ebd23c26f46adb8348f9c5ad427fd.jpg,1
6726,9872,35432,train_data/a57474b33a5349288484d164c99d2e7e.jpg,1
6727,14982,18702,train_data/6965cfecad554f0fa873bfa47853dadd.jpg,1
6728,3774,31842,train_data/37db796f4ed6478488a1f1d17a09b6bc.jpg,1
6729,9060,24484,train_data/3f6c2f0f82ba4003881548c9dfd03ffa.jpg,1
6730,3316,22125,train_data/18cbff67f2a54a17aa26cbf61a688cc6.jpg,0
6731,8109,6724,train_data/caa79f15f6724a028a490cb8cbeaa505.jpg,1
6732,14331,78435,train_data/86c10c26fb9d4c6c9ed955428e6bd4f9.jpg,0
6733,5291,30957,train_data/6684db8a25094b378fa4dc2e82875a4e.jpg,0
6734,9992,42171,train_data/0975035de8164d838fa3d262cc28794c.jpg,0
6735,14266,50066,train_data/3dcd0d3c8bce4319919ff622740481fa.jpg,1
6736,16172,53068,train_data/9c79cb10f957457d8f74f5c6708d37eb.jpg,1
6737,17754,74257,train_data/9b3b82f52f374a0d865ee9d12ec42922.jpg,0
6738,11236,44952,train_data/642a6fbc650d47aa9cbdf9f1d65aad1c.jpg,1
6739,4221,32386,train_data/f4dfaece8206409a96d20292c0ca7edf.jpg,1
6740,14359,20391,train_data/61e83a6dfad34c8bba28d5980e18b498.jpg,0
6741,12344,28969,train_data/071d15ca4b8c496da0b873d61f2db069.jpg,0
6742,4424,58879,train_data/44850bedc91c4824a386294c3c589b42.jpg,0
6743,11178,19497,train_data/4b376f69f26f4279b904d20044b0cc3c.jpg,0
6744,17867,43299,train_data/63e3c166b6f74e97a51c8590813de3e6.jpg,0
6745,13915,78071,train_data/296ebe6c5cad4f7da3ed2ec8be9d5cb0.jpg,0
6746,1615,79085,train_data/3cd672cff02f42f39b1f1d41bd8b371a.jpg,0
6747,10870,27034,train_data/a675d1eb4a13416c9694b85c453b036e.jpg,1
6748,8460,40476,train_data/1c7b37bf6dc64b12ad650c48a6d37e0e.jpg,1
6749,3973,69679,train_data/79ef200e841540ce8c8235d44274fca3.jpg,0
6750,9022,57891,train_data/d307bd9352d04d45a493a3f4d7b169d8.jpg,0
6751,5567,75738,train_data/b0839098f9364629b11a5c9d1a0bdf77.jpg,1
6752,11552,67716,train_data/beada4c4b98f4b2e8ca960431b00c8e1.jpg,1
6753,1598,8194,train_data/1bdff7be02564334aadce8709e57aafb.jpg,1
6754,18746,36750,train_data/4ad84a44631744b1b546363881b0b4b7.jpg,1
6755,18409,29383,train_data/588d86c2854e423b8e6894ea3af7c2df.jpg,0
6756,1803,46559,train_data/c28d2ba6248d495eb6e5a3ee56da40d0.jpg,0
6757,18025,59606,train_data/a8ad92be484648a98ddc9068fb775430.jpg,1
6758,19775,53122,train_data/460418d7d77f43c4a4034709b4bf9912.jpg,1
6759,11902,70504,train_data/eef35a755c474055aa58db647cd4bf83.jpg,1
6760,9932,41549,train_data/ac4e1f53a1b24dcb9a825e6850a68560.jpg,0
6761,18453,12761,train_data/bca9caa2b02849e582f21beb770f46c7.jpg,0
6762,8513,38151,train_data/21876218ca1d48efa082ca1ba480f786.jpg,0
6763,19952,32681,train_data/efcc3cfdaa1348d29b876c0102cf298a.jpg,0
6764,15813,72867,train_data/664be657da3642bcae564af0691d242d.jpg,0
6765,1732,10307,train_data/a4787fb2f1064abe88e32f7f02611770.jpg,0
6766,10349,63678,train_data/17337f84c0b34d3cac4d8400d908a10e.jpg,1
6767,772,55496,train_data/d229eb18acfb4ddb9f557e2fe03a4476.jpg,1
6768,8589,63028,train_data/2b99d14817364a38a2a373aa3f073463.jpg,1
6769,17756,20427,train_data/ed0bbdc537a54dea935676cd7f3330c8.jpg,0
6770,8510,7911,train_data/02c8cb2b665b4779930a847f61d4dfa7.jpg,0
6771,2332,18911,train_data/d313057e417c4df78790ecf76a1e3513.jpg,0
6772,7361,75238,train_data/038b2af9895141e9a138a0bd408ec7b7.jpg,1
6773,13435,890,train_data/12fff9b845c149b6830f9d83a20b72ae.jpg,1
6774,6443,34976,train_data/d06e9d4b859c4b51ab21b10ae837dd03.jpg,1
6775,394,46316,train_data/7d59a4e0fc194a93b344026e3bef0668.jpg,1
6776,10331,56850,train_data/cc17aa6667f546e286305fac51c4b2aa.jpg,1
6777,3427,6578,train_data/23add74aa51648bd8001cdb72b0bf86a.jpg,1
6778,14324,13716,train_data/76935f33c42a4abb882bacde559d8128.jpg,1
6779,2595,77328,train_data/c657985a98d845bfabecec17c96c3f44.jpg,1
6780,12162,37283,train_data/653b89c673d140d39896ade5152b3857.jpg,0
6781,4948,42920,train_data/15e9d5f0db3d46ef9a7eb3cfc57d10f6.jpg,1
6782,5125,14087,train_data/2f1cfbb474c642e88143f53f824b6453.jpg,0
6783,7553,19354,train_data/669df58d405f4f308c18d5da2908426d.jpg,1
6784,10585,46273,train_data/9b8ecbfc9ca34811aeb08ac0861018c5.jpg,0
6785,17225,2616,train_data/8520feb844e3468ca3b71c27f63945b3.jpg,1
6786,16973,68200,train_data/cca0abb7b00e4424b4819212c905a5d1.jpg,1
6787,13078,41794,train_data/1886e0fe7c3b4d7ca59b662bf6c22bcd.jpg,1
6788,16368,24779,train_data/8b5516cf194442aa929d2c0bf8d6c4e8.jpg,0
6789,7571,24753,train_data/9b838895fdd3430083c1c73edf25e33e.jpg,0
6790,18839,5076,train_data/e6e6cdc57829454696a5221596ca73f1.jpg,1
6791,5717,71980,train_data/5418538aad864b49b0955e26c68b0336.jpg,1
6792,11668,6636,train_data/f4df14e4cc6b457d80b53e3f78e07f7d.jpg,1
6793,2029,66551,train_data/f98b717e04c14e439b97be297ca7470d.jpg,0
6794,15429,52956,train_data/ae7a9011ae7b4313b7e115b6e743f974.jpg,1
6795,19837,28921,train_data/639fcd8a6eb349eaaa297ca6f0dbaea0.jpg,0
6796,2057,25980,train_data/fa3979f1d961410189b78d7ed7cb93b0.jpg,1
6797,17545,53851,train_data/69aa0b6fe6af4abda46c1d8821f3006c.jpg,0
6798,10007,56791,train_data/c91428313f844fc4b44bf0b75390590c.jpg,0
6799,13715,66306,train_data/78d6cacb71f54294ba7f2163773e5d8c.jpg,1
6800,4237,71026,train_data/d21f2dc2661e4771968aba8e123a7425.jpg,1
6801,8097,69490,train_data/bfe08f8ed764407781eebb2e6c746393.jpg,1
6802,10961,1480,train_data/3e29fac9685a4b17bf962e16f7a64971.jpg,1
6803,4723,68383,train_data/557a8d48c4614066acfb1d9f9b628281.jpg,0
6804,19705,53791,train_data/81046be7b3ff40cfba486c92277807d6.jpg,0
6805,14196,3575,train_data/bf178ec6f1ee4907b6c56758e1770c08.jpg,0
6806,8489,47515,train_data/a29e2fe20d7a4676a16bc2fcb226c01f.jpg,0
6807,14713,61308,train_data/26c3fbb5a5af49d787ab3d3b56de4776.jpg,1
6808,871,54444,train_data/ba199c56b0ff4386b4ba96e37167628f.jpg,1
6809,2816,29149,train_data/c19a18fbf2cb4a8b9433dfe0cceee459.jpg,0
6810,17438,61848,train_data/e1f179bb24e842c58d3da37b135af82d.jpg,1
6811,18038,43600,train_data/ec1bf92091f94d76b3f65994e684f6a3.jpg,1
6812,10069,34083,train_data/8cb59bbde3264909bf301653f1acb7b4.jpg,0
6813,15802,22685,train_data/31c307ee72b14e2485c3b3b0d5a7318a.jpg,0
6814,4098,25529,train_data/5f6bd7702cb7430688ce537df7dbc2da.jpg,0
6815,13554,20536,train_data/53b3ce2cf76e46f6b8d4238221ec529c.jpg,1
6816,13214,47413,train_data/a168c844dc17425ea52eb69a8c70be50.jpg,0
6817,14744,66662,train_data/3b8aa45b99e048a3b310d524a8acca94.jpg,1
6818,6934,57998,train_data/8710cd62d354451c940f3f5bf35c8809.jpg,1
6819,9414,52888,train_data/fe7d969d6fe1440c9c912aefe904da3e.jpg,1
6820,19736,60864,train_data/6eb60e2a43fe476f871bac20e72e4880.jpg,1
6821,9124,210,train_data/e5a66d2bb65c4f92be67f0eb93e3a846.jpg,1
6822,16453,56475,train_data/56e49a5d04d341eeaf89471be37be5c1.jpg,0
6823,2288,3175,train_data/cc5c45f5a5b3466d92962a1862095187.jpg,0
6824,1943,5324,train_data/9eb59adb34804d999244f8ab4692cf41.jpg,1
6825,5721,43762,train_data/bef11d6d34ec40f4a85550d0a4f1b9f1.jpg,1
6826,8046,41434,train_data/b34359c7d04d4eb5b5bccfc9cb38995d.jpg,1
6827,9165,3418,train_data/1726c1c7d804455bb6478f1a9c5ebeeb.jpg,1
6828,14249,49852,train_data/7d9415f9d1594499bd19c05a18678ced.jpg,1
6829,10257,37417,train_data/4a16834abfe140898ed2e1320a949dbe.jpg,0
6830,3025,24695,train_data/f905c75f55ed4c6c933cdb20aea8bca4.jpg,0
6831,4057,50173,train_data/9ca55eeac0184d3da86d20258b3ee9a8.jpg,0
6832,10440,24764,train_data/ee96352456d94a6d955a998d925d6f2c.jpg,1
6833,19869,40132,train_data/b3e1bcff15b24a2796ae5cf17e513330.jpg,1
6834,891,19711,train_data/27287cd3f575470eb43343576d21d814.jpg,0
6835,275,19313,train_data/45924efe7fa446e3bacaadd671e1d1ac.jpg,0
6836,10294,50915,train_data/88e33ec56b8e4c3aa344c0d904fc7b01.jpg,0
6837,3576,6691,train_data/50bebd3370fd409aa3e284cdbefafb5c.jpg,0
6838,10726,29029,train_data/e6924be11a8f41539915a7f624992356.jpg,0
6839,15723,35296,train_data/6d66c00a09944bee9e3d2f9a046d669b.jpg,1
6840,5516,54969,train_data/1248e0b4a6ff4459a3a7aea293ebd361.jpg,0
6841,5910,28703,train_data/466595b8bb534a82b9aea5da8c5f3e16.jpg,0
6842,3678,53032,train_data/fe11dbee4fed4e179b49abbc9b984cdb.jpg,1
6843,5681,10855,train_data/6b0d8e6d274248a6bb5e4e83d98f7c5e.jpg,0
6844,13415,20902,train_data/ba24886cf46946788696fb5aef18a4d9.jpg,1
6845,11615,79275,train_data/8cf45a8825724d7a8371e888a6ebc888.jpg,0
6846,17896,3382,train_data/9db17e3290bc420fa788e42226a32bde.jpg,1
6847,17936,16950,train_data/078c76810c1c476a8b18bee4772857e3.jpg,1
6848,10615,18641,train_data/3b8add38404f48039909bf9ab083eca4.jpg,0
6849,1399,66248,train_data/1ad373d820874b8bb58633c259912a4b.jpg,1
6850,20,38378,train_data/161eeb92726b43899f0ac0a3a5cad566.jpg,1
6851,8260,22561,train_data/0ba7b9e5bda24c7a9d4f889007126583.jpg,0
6852,14543,12958,train_data/5cac8b69f7164bb5a0a446685467a327.jpg,1
6853,14332,70549,train_data/68dfb8cc78af4371815820934e9ad388.jpg,0
6854,18673,44679,train_data/d881d26d66f045e0ba5f829deb23a08b.jpg,0
6855,8993,45353,train_data/1327fdf3faa24db6bd98b0d2f576203c.jpg,0
6856,14403,15557,train_data/db72951997194f9983321ec5efa03d8e.jpg,0
6857,17293,69377,train_data/bfe4747029194041bce23cc17fad7ad8.jpg,0
6858,1851,6528,train_data/57ff28c2151e454e839e96b693a2c887.jpg,1
6859,4139,45385,train_data/ef5edbea19d04a2ca5cc9118281a493c.jpg,0
6860,2473,72845,train_data/0317ceb6e69f48b4a08c4dc9c480c212.jpg,0
6861,12846,56629,train_data/fafc0b5498a84174b9b28337f74f7103.jpg,0
6862,4592,26744,train_data/f32908ff7bdd4c6f9f2ee8c8455ba79e.jpg,1
6863,8117,31984,train_data/8dae8eea2aac446dba0c395683d8965f.jpg,1
6864,12160,67409,train_data/4b6d578b7b7f4a4a9b0450f59bf83598.jpg,0
6865,1922,27583,train_data/45bec6c2fcba470794ec9e9a02675764.jpg,0
6866,19862,33446,train_data/03ec0fc4efc542d8861588c0fe039f48.jpg,1
6867,16826,26021,train_data/1a26d63db275438a8aa4e5f63341898e.jpg,0
6868,10175,5986,train_data/4b05cdeaeb5a4101a840c6da6d47d946.jpg,1
6869,12196,36209,train_data/4369c034105149b3aac96c75da095ef4.jpg,0
6870,15425,15722,train_data/42e879082ab643d19ac003a99201b15b.jpg,1
6871,16160,20350,train_data/2665924a7bd94a26bc682e4a2a739f04.jpg,1
6872,2342,78829,train_data/15f32eb556fb4a95bc242d6f5e2419d2.jpg,0
6873,19798,26435,train_data/aa995d68b03b4e3cba81d57a29d9693d.jpg,0
6874,11456,10239,train_data/9462a149ad11420aa71308c6a3c1a0fe.jpg,0
6875,13812,923,train_data/846167ce91e04be6afe16a0b8b4a8550.jpg,0
6876,6260,58425,train_data/ed58bcf1967c434797e92cccd00181d5.jpg,0
6877,9558,5048,train_data/3c30d58d128e4a8eb34581c3b541bce1.jpg,1
6878,6932,63559,train_data/8be4d7a223c6412a9e1a83db89634d76.jpg,0
6879,18204,25126,train_data/535d5c1e503642b6ba11b3e4273c6a63.jpg,1
6880,15154,17960,train_data/2bafdc57370e42b0a00d4b7e21bb3dd7.jpg,1
6881,15041,5562,train_data/81ff781e0f444712969cc97f4bfd244b.jpg,1
6882,11414,72266,train_data/f6f071643e624839aa20082060fff21b.jpg,1
6883,7077,4221,train_data/b17ae248d9f9493dbb9d7374534c4573.jpg,0
6884,15421,46948,train_data/8015ed465819480e89a16a24b81f1e68.jpg,1
6885,11854,40781,train_data/1403ad8e686a4a7fa3acfd530414fe99.jpg,0
6886,6955,38206,train_data/3efbede2131f4438a41ca205758c980e.jpg,1
6887,4130,68596,train_data/c38dfc2531db46b4985872e122a7e57c.jpg,1
6888,15040,30476,train_data/36001600489c47fe9f1ee93f93a3cafc.jpg,1
6889,18404,74583,train_data/eda22f434abb4f65ba7049059700c5f4.jpg,0
6890,3220,39975,train_data/b73cd02cf350488188924f02b546d054.jpg,0
6891,1217,2114,train_data/71cf5c9b7b3842e48c2c5cff9106b207.jpg,1
6892,11430,29172,train_data/c026473b4d6b47c881d7601331e596d7.jpg,1
6893,10212,58984,train_data/defd44543d93470ab178ea7533a90d7a.jpg,1
6894,6827,37053,train_data/dd570ad93a4040258affab6383771a5e.jpg,0
6895,15540,15887,train_data/a280282c78d94c81b672918a5838e0a0.jpg,0
6896,6345,63302,train_data/9c903922d69f40f5900cb314f5c75bdf.jpg,1
6897,17333,53107,train_data/e39e54970bc848fab4fa2fbc2deddaa2.jpg,0
6898,9613,69505,train_data/1b0da0d94f89410d9c159c0d735431fd.jpg,0
6899,2391,68032,train_data/929a7f9244c84b17a9f78e3dc6e3f1c4.jpg,1
6900,15782,56090,train_data/707b4df6530840fcb62bc0e1ad6c325f.jpg,1
6901,1954,20016,train_data/0a5c27cb967840749d95f5d6bd564794.jpg,1
6902,6321,50002,train_data/25611fcfdbe141699273848d41615ccb.jpg,1
6903,16004,16361,train_data/14d4841984ce4a619bb38fbc1079f7fa.jpg,0
6904,9925,5204,train_data/22e50040cf524c639fcce6f9e33ca93a.jpg,1
6905,5545,68755,train_data/808e9ed712e942a181e36c07ebdab74a.jpg,0
6906,1740,28053,train_data/5486838f68a94726aad9422f77196fa7.jpg,0
6907,6053,32378,train_data/040d565574644a64ba48710dbb4757f9.jpg,1
6908,19422,68462,train_data/ef6c22debf334f108ba0e45ed54a4786.jpg,1
6909,15619,43540,train_data/06187dc5761a42c5ad2e7d9864ad9976.jpg,1
6910,13011,77228,train_data/a3cf31b7566e477896e1932b90d33a37.jpg,1
6911,457,49231,train_data/ec9edb65ee7c49e283cb578dc9c6393d.jpg,0
6912,18035,53308,train_data/367da5cd8584489ca0430ff160b8d73f.jpg,1
6913,8727,72248,train_data/5d0e6851443f483094a9f2a49882c3ab.jpg,1
6914,5962,53844,train_data/5c50c9c23fa549d6ae95addf94a3d6c8.jpg,1
6915,12386,70205,train_data/88427888457f4d13a0fe8df8c9055fc3.jpg,0
6916,11153,56945,train_data/70042a3fa24f49ea8782ac0bf63f2cf0.jpg,0
6917,1345,32095,train_data/38af157d055d4a42a9cde124997ed63c.jpg,0
6918,63,64785,train_data/7913ed391b7f4a96ac498ea0ea1b9fe6.jpg,0
6919,17641,52478,train_data/dbd72883f1e84d21837f6ad1a87caec0.jpg,1
6920,11709,54653,train_data/dd936cee655f4635952106a899201ec3.jpg,0
6921,9698,68179,train_data/e160fd61fe844e3f9e8473ee75349e15.jpg,0
6922,16584,42958,train_data/aa45dd0b6cfd44b9b89fb2cdeb4671de.jpg,1
6923,7474,69804,train_data/d221fca42d444497b0ae2000745ef29b.jpg,1
6924,3029,60169,train_data/72bac1cdca424380886b62dfb88462b2.jpg,0
6925,16416,58575,train_data/3ae1a384275b4598ac001f48b45ff06b.jpg,0
6926,18223,52216,train_data/b30ffe7b5f3e42a3bf1393d86e105663.jpg,1
6927,16169,71709,train_data/50aba6c5923843e9be20b65ec74253c4.jpg,0
6928,8889,53923,train_data/0fb59e9aa0784b4a8dd2de6a5d364d19.jpg,0
6929,18366,15492,train_data/556767c0faf5456aafedba12b15ec0b3.jpg,1
6930,7711,36350,train_data/05178e1c4c494a33932e0278dd22e2ca.jpg,1
6931,13346,74472,train_data/d5d8765bf27f4130868c3d2f2269fd00.jpg,1
6932,7567,36662,train_data/a90754b762a4494facf64be6c156b0c2.jpg,1
6933,14810,71690,train_data/53a0c0cfd42e417a9a244a7656e1d614.jpg,1
6934,1454,27954,train_data/4c131ddcf54c4f43bfe6e06650951a1f.jpg,1
6935,10336,69247,train_data/861d5f35ca3f4aafac56785b74dee795.jpg,0
6936,18189,50761,train_data/842e98c6f42947a3b65d9a36623dd879.jpg,0
6937,3451,6974,train_data/4ad457e0e3fe451886e61cf3121d8a75.jpg,1
6938,17964,15356,train_data/ca5cd33c9e5f4f0a8b0fc227e308ffd7.jpg,1
6939,13090,54744,train_data/d67cb7e8de6946759d3fc0db775a5483.jpg,1
6940,12645,62938,train_data/56de0f1d51814cf8a63cee565c2ffdbe.jpg,1
6941,1817,16871,train_data/bf66c3758c1f49849bdb940a95ff0299.jpg,0
6942,18713,55551,train_data/9c557b43ede042caa5355349ec071678.jpg,0
6943,16352,40749,train_data/3bd59e39aa6d4a8782c06cd82e0b319c.jpg,0
6944,61,24760,train_data/25c6b84aaa06412ab0069f6cce68ef3e.jpg,1
6945,10269,48097,train_data/9c0f0c97d3574b269600e842689d2a17.jpg,0
6946,13924,62777,train_data/6faf682531a542c5a1ea4c192cd114e1.jpg,0
6947,5312,11713,train_data/9f63f13a254a4229980d3f783fb9a461.jpg,0
6948,3098,13287,train_data/71cd33dbcdaf4158ae4ca70d43ca4871.jpg,0
6949,16549,55054,train_data/5655c13462a94502abee49920845e260.jpg,1
6950,7066,19443,train_data/43c96e4f581d4951a9c9779daf686fa3.jpg,0
6951,18111,64462,train_data/5f1c1d57d5a34683acd6ff667485300a.jpg,1
6952,9477,10055,train_data/8162eb17519b4b49bca7623ff63d5b35.jpg,0
6953,9016,32508,train_data/9eed5cb5b17c46789a6bd0e8ee662dbc.jpg,1
6954,5164,8771,train_data/f7159ea58b7649cb975bb85b915ed593.jpg,0
6955,7836,23744,train_data/3af9b0c53aa0423590683b5baeef1163.jpg,1
6956,14691,38895,train_data/f825f33100584a96b8f5b611bee9163a.jpg,0
6957,11519,21860,train_data/b63e777554aa4241a8803fbd772f8009.jpg,1
6958,6822,75505,train_data/f6df6f8588af4df6908f97bbbca14416.jpg,0
6959,633,67068,train_data/cf2fa42586364a7ebe3591751872e5c7.jpg,1
6960,6707,51066,train_data/b2ca9ce7227e473c8fed2adfa226b749.jpg,1
6961,1923,45142,train_data/9db1f906c5da47fab512f796ef9204ba.jpg,1
6962,13443,54138,train_data/105a997616f94f43ac4388f9ed8ccc56.jpg,1
6963,7877,58781,train_data/cc5ca32ea81d40708cf9952f2bbac403.jpg,0
6964,8850,2992,train_data/2fadc118b61e45fcb4e0ccdfb63e485c.jpg,1
6965,3132,67689,train_data/a5f1da40693946809fe6f8979eb6e64d.jpg,0
6966,11937,15562,train_data/e2f6e2605b5b47a990ea1bf9c480f95c.jpg,1
6967,11020,49791,train_data/6160ad374e1e4c788e25319730c733a7.jpg,0
6968,13376,45297,train_data/b2594b58a30f4c47864e85f76315c604.jpg,0
6969,13252,35041,train_data/6bb310ffbf81450cbf876e987e5964d7.jpg,0
6970,16319,69909,train_data/103ab1e65d3f428c9ee15edaa27fa205.jpg,0
6971,10598,34326,train_data/e332637c6e3d4dabb5e2a5d045781901.jpg,1
6972,13698,60688,train_data/99a576d9ad704f6191f765f1bca18485.jpg,1
6973,3147,23646,train_data/1b4802ca9fe44a949c7f4cfaccdb4bb4.jpg,1
6974,17409,27261,train_data/d59bf1828fa3407ca08484713aaa095c.jpg,0
6975,4714,71950,train_data/8bb5dbadf8624d4dbc8694c4eba11dfc.jpg,1
6976,17294,27709,train_data/f380d05df14e41a0a9991ee52ff76e39.jpg,0
6977,5001,14215,train_data/d1787d18569b4a7285444a76e2e3cb43.jpg,0
6978,8170,45410,train_data/c896b2585a7d41ea99879d56b81fc362.jpg,1
6979,6804,56495,train_data/bc0c6aea9e8a49489891bd25d8ed5797.jpg,0
6980,18794,21268,train_data/01613ebed62d46fdac35bfbb9875e36e.jpg,1
6981,18560,47107,train_data/c80b30bbedd440058f015f000dad5848.jpg,0
6982,3437,62127,train_data/0cde4ef5cbe54983a18a18f3dd7b1ae0.jpg,0
6983,19726,64867,train_data/9df7f01e224d4d3a902dff58b5ea10ae.jpg,0
6984,18097,52266,train_data/aee56f4c07434984b8638e5d2c3bb693.jpg,1
6985,4965,4251,train_data/620e66d36eea488997b076c2a7dfba89.jpg,0
6986,10788,74529,train_data/728c381e0f4a442e9a2ba29550514bf5.jpg,0
6987,12443,47273,train_data/1a169f09306d401eb6da626e663b46e8.jpg,0
6988,7827,18577,train_data/6d91368834d749da909e151539843e58.jpg,0
6989,7029,29944,train_data/d136d295ef6f4c8dac95a49a5eebfc3d.jpg,1
6990,18058,53265,train_data/a7a3060851ec4a589166e4eaf9bd8090.jpg,0
6991,4169,62877,train_data/e4ed640862a14be9a3e1040faff56e4a.jpg,0
6992,8463,57914,train_data/de91a9ffa4054d8382facdbf6b0f67c7.jpg,1
6993,407,40593,train_data/a3b0a45a01014e6387858bab45ad1a0a.jpg,0
6994,11974,28161,train_data/90d0fc814be8429da599f48220b3e111.jpg,0
6995,7775,70713,train_data/2bbe4b5e43b34bcea3902483695225a6.jpg,0
6996,13933,871,train_data/f0c361c7376b4b4ab8f818b64a2b5f32.jpg,0
6997,4122,7411,train_data/43b3ba8088194e7492e65aa720b6b08c.jpg,0
6998,1623,17714,train_data/31fedffa2d0749e48aa65129017545fc.jpg,1
6999,1595,59259,train_data/9807b6db49d4422484fb111fd0bbd417.jpg,0
7000,8819,45911,train_data/26253b92e66149369b51138c5b2f21df.jpg,0
7001,17502,18850,train_data/e6a374b418ae4347bd80d93612222d0a.jpg,1
7002,6356,8317,train_data/51e6edc3c6af458b927a544b42ac6fb7.jpg,0
7003,170,28092,train_data/7ec9e86f4336497d9abf83d98f3b0a7a.jpg,1
7004,4904,54385,train_data/7371a78cd5ae4ddb9eccb647a6a123a0.jpg,0
7005,2882,73097,train_data/4cd5b8140ed24adf8b22085cb0bf0851.jpg,0
7006,3205,74963,train_data/53d3bf4aeccd4723bd4c807821f3811d.jpg,0
7007,16558,548,train_data/3d4582d73dfd45b4a2d4c320bd235aa0.jpg,1
7008,8360,47505,train_data/05382458a5ab441b9cb2a553be9adc94.jpg,0
7009,12809,73877,train_data/4769bcaee1574df3a183f2937e068b6a.jpg,0
7010,10369,30811,train_data/e3d2ade17b61473097124b0c205fd8ed.jpg,0
7011,12368,22227,train_data/10a1eb2f228c412c84ddc4cfbe7f2be6.jpg,0
7012,14054,77557,train_data/186c6824ebc34b1187eca1927fcf6466.jpg,0
7013,5405,17835,train_data/c0694ba75f484a5e9f4da111dd3c968a.jpg,0
7014,7139,73124,train_data/e14feecd93374084b359f572744379e6.jpg,1
7015,13105,67813,train_data/a055f1901cdc469cb57a74273b3a5bee.jpg,0
7016,17180,29306,train_data/d2b5a21c627f40be91029c8a1ddb8dfd.jpg,1
7017,1385,69131,train_data/c32848d5a99c43efb089254e291fee07.jpg,0
7018,16875,54009,train_data/9ad4b4ead60b4b949666b5772f7456c6.jpg,0
7019,1295,74326,train_data/db5d75df21cb4997a2fbc6800a1c3737.jpg,1
7020,683,2913,train_data/b8ef93a424bb47e8ac3dc7e1c14bf496.jpg,0
7021,7748,58143,train_data/b5ffd5d1bd2549408807bbaca286890c.jpg,0
7022,17351,77496,train_data/551db86bfe46460990154a77844d426f.jpg,1
7023,18583,29673,train_data/e55806cdfd2e419ca0b3056dea2085b1.jpg,0
7024,15944,72896,train_data/fc33c59626264e4ca42896d8e5217fe3.jpg,1
7025,15377,44582,train_data/d524a399cdb646ac9b06f4abbb932b7c.jpg,1
7026,13477,23503,train_data/7e138e932b7a4713b901e9e4f5f22bd0.jpg,0
7027,13263,60876,train_data/4869441fdf9249aea82d3e8d9ed5ed43.jpg,1
7028,16007,24337,train_data/65edc01219e94a16a73da88b73a18b4a.jpg,0
7029,679,64879,train_data/38a3f2d417c94451b0ab00b433dfd822.jpg,0
7030,16975,49097,train_data/de27c56c0ba346eb87c1f3929c93f3f3.jpg,0
7031,1497,10359,train_data/ef382583eeb646338468783af8b72f30.jpg,0
7032,8010,60881,train_data/9ebbcb3f227f4d418a2ff9e547c3fd2c.jpg,0
7033,800,61649,train_data/3de2f47d007a46c5b327de0142843617.jpg,0
7034,19622,75513,train_data/b580090ed79f42b2b5cc2aeab4f4c029.jpg,0
7035,747,71076,train_data/4bf025d86ee94599b60b7257cac2364b.jpg,1
7036,16854,1298,train_data/7669e2eb7f2b42438fdfe0666f214e13.jpg,1
7037,4029,40445,train_data/0bb38260b19e4063916b811fd96772d4.jpg,0
7038,5981,75938,train_data/118e81b7c8c84b7f91e57b96999796f5.jpg,1
7039,9672,35898,train_data/646ecbd447574bbf828028b98c3c4f51.jpg,1
7040,18257,60670,train_data/76fb100ade124e1388136a89960e5a43.jpg,1
7041,2206,33603,train_data/e8dfeccc1d8c4371939aaa9c2ca947be.jpg,0
7042,3056,36311,train_data/eab8cffe9a754fafac2ba19720273e53.jpg,0
7043,10883,18233,train_data/d646472db5d24ca0bbc6adaedcc948e9.jpg,0
7044,590,46247,train_data/d414227fd1ed49b0ac1255ec36766e1b.jpg,0
7045,17716,17760,train_data/91be94effaed40f59bca9869d475714f.jpg,1
7046,11629,21581,train_data/e20beb3d818b4d68b6bc9735f142254e.jpg,0
7047,3689,16913,train_data/48755ab8998447459868921255d3311d.jpg,0
7048,17385,39518,train_data/b02325fce6a940d6920898c9154b4d53.jpg,1
7049,1491,26387,train_data/220ab2d0b24642b1b845aa0fae99b704.jpg,0
7050,10446,23273,train_data/6d2f20cd2e5e4f4eaede942165075d36.jpg,0
7051,11930,78135,train_data/bdd9ce68a5134a5a96cb2963e8f85a67.jpg,0
7052,14717,66219,train_data/e982592fdd2c47688b97afdda4fa3809.jpg,0
7053,516,48369,train_data/123d26350b834e10ab590954dd2580c8.jpg,0
7054,17662,4623,train_data/3d87ad8ab06a4d28a0dc86642afff288.jpg,0
7055,1405,62341,train_data/879bc88609d54c55ac03287c7c035027.jpg,0
7056,5265,70245,train_data/3629ceda0e354edebb73ae81d3528eb4.jpg,0
7057,10404,23871,train_data/150f1fdb3fbe4e258ba1fcf1d22e5cd9.jpg,0
7058,962,39508,train_data/f073151a17d84c7d82d761d816257d38.jpg,1
7059,15863,10374,train_data/e6ed6657b5474d6f8518deaa6b16b63d.jpg,1
7060,13641,37288,train_data/80974905ed1a4883829d7fafdd8d80d2.jpg,1
7061,8280,26210,train_data/07833285356d4581bce77f715ba246c8.jpg,1
7062,13572,36064,train_data/b19c354667ab4b2ebd1cf89f740f963d.jpg,1
7063,19353,70179,train_data/27773330adcc4e7fa72fed6273b10330.jpg,0
7064,13672,77680,train_data/ffc95d0f1e044eb7b484bbbfca018e6c.jpg,1
7065,8898,8538,train_data/796a483abee14fa9a706d5abeef45eb0.jpg,1
7066,12430,38917,train_data/6526bfe13d1447b59ed3c21d0055bd1a.jpg,0
7067,3286,38850,train_data/85050fb974394ed3b50d7f4a344539c5.jpg,1
7068,11384,55155,train_data/07244a261728437ca64d4b8a3d1a44ad.jpg,0
7069,10210,55660,train_data/1b85e4340709459fabd64184083417bf.jpg,1
7070,5841,48876,train_data/819e1fef784643bf8dae629172372c5e.jpg,1
7071,7093,77790,train_data/45f67ba8f1ec4580b80c7648e440683a.jpg,1
7072,5803,61513,train_data/0800b380771c4de2b4ae12aaca9601b7.jpg,0
7073,19766,13972,train_data/3ffb2f9bf85a4f4388d3b96a68f908e8.jpg,1
7074,6518,1824,train_data/5bc69296ff3b433eb04b4477b758bc4a.jpg,1
7075,1503,70829,train_data/e3d65223548643b098d48570b7c5cac0.jpg,0
7076,1187,2339,train_data/2e12eea034cf469fb5bfd08427f9ab66.jpg,0
7077,4316,21731,train_data/c70fb64b70fe4738bd703f5691d88409.jpg,0
7078,16581,52391,train_data/68a7df1731ef41c48ed407404d667102.jpg,0
7079,13312,33041,train_data/760f8018b812458b935e57d7cc679c40.jpg,0
7080,9931,26971,train_data/8ec394b884794b4cb3777a6e5a778ff9.jpg,0
7081,15852,21371,train_data/8f42dbfcb16e4145a65df0d9652f18c9.jpg,0
7082,15098,45322,train_data/9a02665e3cb8451bb2066d17727e8304.jpg,1
7083,4685,57723,train_data/16d0cabfb0784e0482e4a13d9e31c406.jpg,0
7084,7180,48947,train_data/3a5a7e2d4aeb431e9f92acb29744b038.jpg,0
7085,4682,75025,train_data/af3a4941a33e45a1b75bd8f2809786bd.jpg,0
7086,10742,77588,train_data/8eac56bd913b4b8a8640c983e9d10bde.jpg,1
7087,8122,41047,train_data/88a78adbe9ab493fbf171c59eaa1fd66.jpg,0
7088,2991,30874,train_data/78ed6dc0a581484189e0e6f8867242c0.jpg,1
7089,12077,60804,train_data/a55da48d5cef436b94384773f7b6e7e8.jpg,1
7090,4764,19858,train_data/6ed62b6a94e9475c814b7b441d003036.jpg,1
7091,19610,57534,train_data/bc480fc5104148a5ac9667157eeb203c.jpg,1
7092,18079,18945,train_data/1bb1f25701a1452ea994183ea00dc818.jpg,0
7093,3325,40548,train_data/77eeb362e8754a2a83e252c5a0b2518f.jpg,1
7094,11078,66750,train_data/7c672ffb1184483ab64b7340b063e03d.jpg,1
7095,16601,76595,train_data/bc48f22d31614a4daeaf4ef87df15941.jpg,0
7096,19579,22587,train_data/f5d61dcb2a19422789fce3559c0cd699.jpg,0
7097,8049,42992,train_data/7689d742e5f54511a9249277566fbc21.jpg,1
7098,824,31176,train_data/eeccaf247b514bd89a18d57d45002b7e.jpg,1
7099,14444,54490,train_data/c69ad6db941a4d8d9fb40c76875f949f.jpg,1
7100,19770,61650,train_data/f2a764684b77489fa17ebbfc168924d8.jpg,1
7101,16235,24382,train_data/c87257c3325b4430b6a380efdadcdc86.jpg,1
7102,11467,16331,train_data/9918f6d668ac4056af98276ca6d6c604.jpg,0
7103,8394,33502,train_data/da3982007ec54434ac915121ca7f4b82.jpg,1
7104,1612,9898,train_data/137ec523ff3e484dafb9f2ddb691cb7d.jpg,1
7105,4955,34653,train_data/c1511126070c4976ac6d506dbea85192.jpg,0
7106,7732,61891,train_data/cef027d0c7874aefb81d7b6ef03c4f03.jpg,0
7107,14371,65707,train_data/5fdb2754965642959565c5b25342abdb.jpg,0
7108,6133,23947,train_data/aaebec8d891a4922b5e38cc6b263a530.jpg,0
7109,6234,67811,train_data/9c93c49e59ae4132997ee1fec4232ca5.jpg,0
7110,12367,28457,train_data/e7f7cc26f59f4854b3a19c76765bb742.jpg,0
7111,14112,10947,train_data/7551b99a3da945e79ff9983034327b4a.jpg,0
7112,7771,45750,train_data/47ed214770f5425b824485dc6b041404.jpg,1
7113,1451,56925,train_data/5164ea467be64551ba20b1bf07f52946.jpg,0
7114,15702,76317,train_data/7faf8b032ee64a9293d32a7558910a1b.jpg,0
7115,1513,45250,train_data/196cfdb642ab47edb9e43d89abea5482.jpg,1
7116,2675,5981,train_data/9fd342ff2d2544c9af6bec167241945b.jpg,0
7117,7789,62144,train_data/7f53a7aff650434891bcd13433494d9d.jpg,1
7118,16882,31370,train_data/876c555a02984c82ba21cf31509f1015.jpg,1
7119,6608,21100,train_data/b379694b37f046bca076f47cf35f3218.jpg,1
7120,16793,56409,train_data/1fc108d6647f479e89568f9318e965cb.jpg,0
7121,7806,23657,train_data/fa7fdde676364f98a7b7d2f1ceb6249c.jpg,0
7122,7666,5667,train_data/cc8e740317f5482dbb1f978b4b41ad4b.jpg,0
7123,16865,64433,train_data/aa66f96d4a084f9593ccb0cbef82ee5e.jpg,0
7124,12385,19140,train_data/47ce6e71759047a19df7f553476f7279.jpg,1
7125,13852,3587,train_data/94824790cb194f1e8883c15f46ab3ff5.jpg,0
7126,1744,36156,train_data/7142c75e40014050a029fefed2481604.jpg,1
7127,17684,39324,train_data/8b397e629d314b5a8e5561fd97ae1f71.jpg,1
7128,4862,5314,train_data/f6fc3ba73c6d4bee849f9ba7bce2d0e1.jpg,1
7129,1822,19334,train_data/74d3344bb1604719bd4413971384fbcd.jpg,1
7130,811,32649,train_data/65dbc65c956346b7935ffe814741c1ce.jpg,0
7131,868,73101,train_data/1d03c984b8f14579a2dd326bab8eced1.jpg,0
7132,12589,13438,train_data/6efadac824f24ba89b5cfc70aa55d738.jpg,1
7133,11387,16955,train_data/8ffa606cdf9f4022be226fa3c40df1a2.jpg,0
7134,13901,32497,train_data/79c16e90ff3c4f2eb2e22eeb9961f56a.jpg,0
7135,19474,2058,train_data/8078a5369dc942eb90a008021d289bef.jpg,1
7136,18235,9621,train_data/5d32b14fca8148d7888ea000a2ba03ab.jpg,0
7137,7021,54493,train_data/3bebd834b90e4675bab18c11a5d8ca72.jpg,0
7138,8860,68970,train_data/9724227e2fdd4319958656f70ffbaa31.jpg,1
7139,3280,23842,train_data/9bcca21732cf4dfdad01e3a99cf0b0dd.jpg,1
7140,19678,78325,train_data/a043320dc41b407c99e152d7fe204231.jpg,0
7141,19330,63071,train_data/2aff4b265f1c44159a7137712fe00529.jpg,0
7142,11187,56544,train_data/fb33b8f086884851b3321ef9444817e2.jpg,1
7143,9924,60592,train_data/70347a2873594c77bc5ecaabd62053ec.jpg,1
7144,17966,20629,train_data/ea58f08e5ecd4b30b21c28867493e860.jpg,0
7145,18315,34065,train_data/c77fbecab439495592ba62955c2010a1.jpg,0
7146,19175,45107,train_data/3644d0732b314059b6512cb81815bc98.jpg,0
7147,8361,28096,train_data/e3dc83d428204561af9e13d69bddeb0a.jpg,1
7148,19607,15502,train_data/a4c44c2f5cc94c3dbd9f16379d747d07.jpg,1
7149,5414,15275,train_data/57159f7177c34888906db89ebc209dec.jpg,0
7150,19644,46928,train_data/d3b4bae5a27048b3b1dd0072477fb4f1.jpg,1
7151,16778,66367,train_data/765463596d5a4ced820c7611ab7987c0.jpg,0
7152,19368,51382,train_data/a13151fa2c954dee9f98ef93c50073fc.jpg,1
7153,11686,886,train_data/0d8cb0d0876b4ee7bce094cfc94d6d07.jpg,1
7154,7316,24639,train_data/99e3f82864eb452c9a143aea5d144b83.jpg,0
7155,3524,47778,train_data/daf4256288854f808bc44a812b3203fc.jpg,1
7156,19668,40269,train_data/75af714e434e4779a74d60a5737c702c.jpg,0
7157,11149,35370,train_data/fa216723dd2c4f33a03a3db8c8315694.jpg,1
7158,11031,1433,train_data/948b3855971d4a3c8ca83b8461e7da32.jpg,0
7159,6149,66161,train_data/d3cd8aca5eb946b0a2281986bfb57121.jpg,0
7160,5420,46481,train_data/b0686d5b606844bc8d980d91a120c676.jpg,0
7161,6724,57635,train_data/43099961d04e43bebfdd3afdb482e307.jpg,0
7162,15983,65899,train_data/e66b970d090f4ff38d326c86186bdc77.jpg,0
7163,5079,16353,train_data/acd69c7f244240f4bae7353dbf17269c.jpg,0
7164,18056,61387,train_data/4d8d9f243c1641f5b8e1b0a9c422c13c.jpg,0
7165,2558,22850,train_data/d66b0628ff774df8a328284a97668d0e.jpg,1
7166,4963,21793,train_data/867356314a894219918b2d6e7e818992.jpg,0
7167,17872,1829,train_data/2c88867eb3c14750981d9ebe7c989211.jpg,0
7168,1844,71648,train_data/444fe0c6ef0742e1912da0c05f7a5473.jpg,1
7169,16665,31524,train_data/192d37388aaa47a38888006a8f9db0a2.jpg,1
7170,17783,16822,train_data/12fbd0f78e204b7da10847db73c664c9.jpg,1
7171,12498,13391,train_data/b95e21eca32f4b039893991b66e46e89.jpg,0
7172,11131,19821,train_data/7bcc1bd28dbf4dc78b8b93dd8fe51008.jpg,0
7173,11287,64180,train_data/c42276efc1ee4191a112f242096ac045.jpg,1
7174,19497,72417,train_data/396ba536ad3b48ca9476df2c6f5d3e66.jpg,0
7175,15239,77554,train_data/d9fa87f45d9d41029198c3fb65e3c975.jpg,1
7176,4533,44684,train_data/781d103017be4f62a7434daa111c0f3c.jpg,1
7177,10199,43917,train_data/6889204e85584aa39b510b25c6b7b9d2.jpg,0
7178,15624,72891,train_data/24c5d09bf56444a197bae4accb34004a.jpg,0
7179,4044,66280,train_data/531f221783544c0d8c52a529d498db0b.jpg,1
7180,14851,17969,train_data/964985a978b3432a985e4729dffbeb5a.jpg,0
7181,15875,69301,train_data/794958a3109f46bd922f0516432fd519.jpg,0
7182,8649,50273,train_data/b7baf8762522482fb6eafa5284892b05.jpg,0
7183,18821,34942,train_data/5421216b45f2412c9cf71e704ae37cb3.jpg,1
7184,5294,22882,train_data/bf43e99b01ff4fb2b7ed99245ff36ba7.jpg,1
7185,4473,76297,train_data/2e5c21951f5045fa87dddb2db21cb00f.jpg,0
7186,3372,42943,train_data/4fa627f03a194c0c9aa6c3ab58b4c756.jpg,0
7187,17290,44010,train_data/940618b31ae34537b78791064f54a509.jpg,1
7188,6408,49493,train_data/fee27723a7914157a91e28b5f7cf58c1.jpg,0
7189,17753,58757,train_data/e437fc328dd14cdb99ede9cce034cebd.jpg,0
7190,3634,43054,train_data/f390049775a542e8b5837ee6eff5317e.jpg,1
7191,19681,1296,train_data/629ebaa1667e4ce0bfae08a4279c0fce.jpg,1
7192,13531,31866,train_data/61c5387484f44e9bbefc26bb4a41a235.jpg,1
7193,1743,49118,train_data/e9feea56c14142b4a2e0c3c269182709.jpg,1
7194,5349,55449,train_data/3cbd906ed9754e4ba6e29d403aac0f27.jpg,0
7195,10263,38797,train_data/05b0153183f646a6900e61e3fb51a9fd.jpg,0
7196,10838,24478,train_data/a373857d4fc54ca2b4ad6eac6433df92.jpg,1
7197,2016,32595,train_data/a6e91bcb40b147639b69790805120229.jpg,0
7198,3517,30710,train_data/50b536c37e964cb4a6fe76542371f7a4.jpg,1
7199,18256,17345,train_data/7f95fca54261424d86d44b48d7f4914c.jpg,0
7200,18557,66810,train_data/0fcdd79bcec341b8bdba43b7dd39bca3.jpg,1
7201,14401,41789,train_data/84479e5cff1b45d08bce2532479050eb.jpg,0
7202,13643,69214,train_data/00b52dfbc4fb43bdac9793926e6a8a6d.jpg,1
7203,7294,75705,train_data/e4810159d5d94440a3552d8f0c449e3d.jpg,0
7204,13235,14668,train_data/b950e95097c948ccbdb139f7663a6df1.jpg,1
7205,14862,51563,train_data/ecfa3c6dc32a4e19b02cb5b9148fa06d.jpg,0
7206,4604,68453,train_data/93db38f47c40436b866cd7b71394f256.jpg,0
7207,3396,65866,train_data/083888a388a346ef8c6f079d69f9434e.jpg,1
7208,6147,37150,train_data/1e07a97e0bd74a9587b2fcd294fff318.jpg,1
7209,14648,17695,train_data/c168ded1361e4dc88bffe057996db0c2.jpg,0
7210,29,10997,train_data/263f2999ec184a68a132e3b959e2174a.jpg,0
7211,520,41764,train_data/fa98e2b4d521404fab6bd7097fbf28b5.jpg,1
7212,6128,20361,train_data/74a17708541e41e6b7e7040d36d77565.jpg,0
7213,17823,53487,train_data/190b053164b5437da256c16ba38a216a.jpg,0
7214,14650,47665,train_data/95c888bae3e24046850257dce38044d7.jpg,0
7215,19341,71496,train_data/127be12f7add4e26b07c79c6c6c0195c.jpg,1
7216,131,52721,train_data/4fb473ed098f44c685adb24d1ec35a48.jpg,0
7217,19883,46027,train_data/c9ea24de2fdb4956becc9bb4cd2cfe91.jpg,0
7218,4643,48682,train_data/92c289fb12174f188c6574c8130a2952.jpg,1
7219,5524,29645,train_data/dd88508588b641e8af1c824654f36855.jpg,0
7220,3817,46548,train_data/988d5f427fb8448b882e7bcd446e4e3e.jpg,1
7221,15684,508,train_data/c38a5ed3679f4effab1b711f02e7a5d9.jpg,1
7222,9987,7325,train_data/8abd82d41a4a49f483f1dbef970ff7aa.jpg,0
7223,17678,54887,train_data/255db2c5622c455b812364edd4f70c4d.jpg,0
7224,16727,10972,train_data/fcc883896646496ab76b72dfc970b160.jpg,1
7225,4826,74191,train_data/59d5f129e55c40c9bba9ceb028cfaaf0.jpg,0
7226,9092,69547,train_data/9bee8cb979d7452190f8a559b22336b6.jpg,0
7227,6174,70462,train_data/c1723e15c29943b89d85f2f0f75da2f2.jpg,1
7228,5528,10405,train_data/ce9c63dc1d3a40b4aa1b56e5ad2857ac.jpg,0
7229,19413,68031,train_data/40fd3d6ca97c4fde9f9e68b99860fdb3.jpg,0
7230,7839,3618,train_data/0a56fc9d75ea4f3ea5d2f7c99756356d.jpg,1
7231,1979,50365,train_data/5bc7238eb6444b878c5788e1eb028383.jpg,0
7232,8477,69159,train_data/a164c99bcedc47129b54d01c6741e68f.jpg,0
7233,13540,48407,train_data/cdaac46426954d25a2e9450741bcbfe3.jpg,0
7234,12459,49528,train_data/cc63d03ae1d34a55b154b6b569d67d98.jpg,1
7235,7883,74455,train_data/45a37a6894464c65bf75523fd2958f63.jpg,0
7236,9622,26223,train_data/6e8e9f240c5143aeb3fb3c721d61a46d.jpg,0
7237,15123,3787,train_data/e637e409898044eb9b2c81fae8664081.jpg,0
7238,9839,2138,train_data/7aba8e57df5146819c0d123540413e33.jpg,1
7239,16141,18218,train_data/5d5b1a1dfada4f81b822911822c47b36.jpg,1
7240,16579,3813,train_data/1a96a755b6e0488bbdb516464d6ddfb6.jpg,0
7241,8195,30347,train_data/433ab07499144378b5a62b4ed71d9be8.jpg,0
7242,3597,39645,train_data/8b4d86c9b6754632ae55a1637ae29e04.jpg,0
7243,15855,74146,train_data/40e8185d17a740778cfacdec2587cd21.jpg,1
7244,14858,12393,train_data/6b023141aa8c4f69847f2e791b778ea0.jpg,0
7245,2201,35000,train_data/c03eb383b60d46fcaaf5d6f7b8904074.jpg,1
7246,9955,9155,train_data/ec8f86b37cef457baba62b17e74a2c2b.jpg,0
7247,1579,25735,train_data/6d4810f2ec08463abccf2d080c91aa88.jpg,0
7248,4398,23945,train_data/526f3a2a0d5842a6a614003f4a3b54fe.jpg,0
7249,18735,19209,train_data/07ff68fd498b418ca3542cb093744892.jpg,0
7250,19133,17353,train_data/6532be480f624cb08231eac894e7c540.jpg,0
7251,2326,42799,train_data/2dddf899a7da43f08870136a4bf2b19d.jpg,0
7252,16569,60893,train_data/9d09c930baca4a159d64e41c62b165c3.jpg,0
7253,16663,79841,train_data/0cbe01530a584037add3fdb5a135f67e.jpg,0
7254,8233,47264,train_data/c0b8a5ba20db487087080445936cbd5b.jpg,1
7255,13160,33493,train_data/98ac5457cdb0466398a3ad88e292f656.jpg,0
7256,11355,64098,train_data/29ae2e3131b54e73bf0f86a58d75f6f8.jpg,1
7257,11051,66789,train_data/180723f51f9440ab8e7817bb18dbbed2.jpg,0
7258,17767,195,train_data/e64403979d084e34984fa07b41361937.jpg,0
7259,7974,6498,train_data/de5617b9f2354854b3d16a52b05cd319.jpg,1
7260,8694,43213,train_data/1a4242ab1d4a42a4a507ebee6fe04668.jpg,0
7261,14932,68300,train_data/9a009e8b5e1e48a0bdd87160c08d305f.jpg,1
7262,7511,53746,train_data/f9bd50ec9a4b4149a6f56ef1088e82f0.jpg,1
7263,5924,63282,train_data/724edbeb6bc04397bcf764e5eda4a21a.jpg,1
7264,9687,53141,train_data/1d868ade34fc4ef7b2d843ca6906b732.jpg,0
7265,7471,56283,train_data/661df9c8050d41d0a5b3fbad4e81c82a.jpg,0
7266,9313,31641,train_data/8a29e91e05c24dbe81802c86ac4b4238.jpg,0
7267,6864,64608,train_data/83a67f7de35748b385e2ad19d74ac943.jpg,1
7268,5066,13868,train_data/ca2a87be295146d0b4ada3f640b1b2aa.jpg,1
7269,6840,1764,train_data/a693897045b94a76886f520d62a8aa58.jpg,1
7270,11628,8266,train_data/ef42d3948e47406ca97f2829690401b8.jpg,1
7271,11850,69999,train_data/5e1c14ed92424368b3bafcea4409656a.jpg,0
7272,16831,73395,train_data/b98b860b06e74568963a6705ad0a2101.jpg,0
7273,2769,69751,train_data/411704c35dba4e0f8513579249aa39ae.jpg,0
7274,388,76500,train_data/1a06191e30db45d79537b44045878a19.jpg,1
7275,1953,73850,train_data/8e3d62a0dfb3449b82e8d1d7ba234ecb.jpg,1
7276,16186,6568,train_data/ef4bee3b0cf14d84930817c521551f66.jpg,1
7277,12166,53690,train_data/de775da64c374ede9f4bfe7eb556dd57.jpg,1
7278,12354,61045,train_data/3f9b7b9832834841a4394b85bab303f0.jpg,0
7279,16233,49908,train_data/7303b69e06084cd69bdaab7b4ecfe89f.jpg,1
7280,12022,13853,train_data/87013e1051b04c3084c5a95764e7fb1f.jpg,0
7281,315,39689,train_data/f0cdd2089b364ca18ee5589200e274f6.jpg,0
7282,2004,73176,train_data/890e108503334791a0c9dc97fd664a0f.jpg,1
7283,13894,44913,train_data/278c5df0a89d4048909ca14d963d0898.jpg,0
7284,413,23941,train_data/674adf5adb8b4e1ebbfa2b769e1deef8.jpg,0
7285,10876,41195,train_data/7f8bccfdcbcd4a548ba0969418e2633e.jpg,0
7286,13725,24872,train_data/00346698d1774801968ff36c7937f018.jpg,1
7287,18470,60175,train_data/4ab7a2aad9a344f5b267740a1faa0067.jpg,0
7288,6625,10121,train_data/62ae8e56d4524967b482f623b9aa7897.jpg,0
7289,6086,59260,train_data/1070051a18ed46939a375da644fcdf05.jpg,1
7290,3383,48746,train_data/a43eb089148f417f9b04fb225f853cb0.jpg,1
7291,14156,31743,train_data/7e1aba4fd714489eafde021fb768c4b7.jpg,0
7292,12825,17901,train_data/b70c2603d3a84bea8853085e6db59e23.jpg,0
7293,605,28905,train_data/75d59dc69b29420989aa464f8ba3cac6.jpg,0
7294,15,39596,train_data/0df6f0d855144e68b0a6e016548d5469.jpg,1
7295,11540,2265,train_data/aabff88715d84033bc07845ce8543b1b.jpg,0
7296,7626,41114,train_data/27b03130d6c04be8bbbdf8e2828f351b.jpg,1
7297,6412,68196,train_data/9fa7b5fab231436fa464e2db0fd07e2e.jpg,1
7298,15094,30828,train_data/2fd6b209c5c2473fb5bcd83387a77a83.jpg,1
7299,8599,30411,train_data/b05cf4d7c7714eeaadda939b42adb540.jpg,0
7300,10790,76404,train_data/3c250ea007784b0c9bcfb1264c5df9d6.jpg,1
7301,5766,51815,train_data/cb29b9ae74fa40b7837d9376cdd86f6b.jpg,0
7302,3049,8018,train_data/cf4e29e1a16f4261930a0f38ddc9f828.jpg,1
7303,3952,75306,train_data/de4fca402505461a9638ff43de2951df.jpg,1
7304,7735,42433,train_data/8059c163698448fca59fdbeb95645308.jpg,0
7305,309,31141,train_data/bc79c78d2352412f9adbf1d2c62cd804.jpg,0
7306,5464,72275,train_data/9d3c7fdd25e74901b6f0eeed4346abb1.jpg,0
7307,1483,55834,train_data/255d93973bf04f8a9a6eadffd8d7491b.jpg,1
7308,1253,18657,train_data/ea168a0aba0145e6b1d5ccebb666a9fb.jpg,0
7309,11231,40866,train_data/bfdc3fad4dca48ffa6eb0c619643de7e.jpg,1
7310,10172,8426,train_data/b65d63a071664e698a4eff1b4ac3e2a9.jpg,1
7311,5987,25520,train_data/01b65ad1878d4c1981636c9e2d662054.jpg,1
7312,6036,15039,train_data/e92e7e3747ee4fe9ac9e114dd5a99c3e.jpg,0
7313,1149,34009,train_data/90ff66f3b313473fadd0796122229ca9.jpg,0
7314,14613,63550,train_data/84745e5c01a5416fbef72266732e4b5b.jpg,1
7315,2517,5288,train_data/71668918a06a42458b6c960feeabe683.jpg,1
7316,13420,18143,train_data/859aeb6e03364d1b8c42aee956de3a3a.jpg,0
7317,17326,33019,train_data/8983937368484c1581e0a0a3f414930e.jpg,0
7318,14925,18118,train_data/f1b29b3e533b4808b97ebcf22e2b47c4.jpg,1
7319,2128,61446,train_data/4257b9114ea143cba5a1e8b5259acb3b.jpg,1
7320,702,51294,train_data/63803e36ff5749c297d7a67629674abe.jpg,1
7321,1947,57858,train_data/510f02bd16804854b1ba316f2fbcedbd.jpg,1
7322,4866,37237,train_data/a0c409491c194159a35e2b3c58acada4.jpg,0
7323,3674,42466,train_data/d0ff58844ffb4838a9fa6222463df8cc.jpg,1
7324,3842,57629,train_data/667991b4bad246368f0ba7f5997dfb99.jpg,0
7325,6569,43684,train_data/4a3cc25a709a46798c242c4e6d3bd808.jpg,1
7326,7569,36318,train_data/3ae9f8ce9bbc4f6eba491d739ec90866.jpg,1
7327,12187,50698,train_data/bd8b54c3d1434ea3a3d45a5baa4179f9.jpg,1
7328,9787,67187,train_data/a2c8feae1f6248aa8356e248a56cd471.jpg,0
7329,1111,56780,train_data/53d4adc64b7549d2a079f5562d235bb3.jpg,1
7330,12051,65413,train_data/197e4c27be46400c95d22cde38917ca4.jpg,0
7331,1904,21702,train_data/d33a556945bc4161b4288653f2c5e5c6.jpg,1
7332,7668,76628,train_data/beced0593a16490dbe83ee4f50730017.jpg,1
7333,637,79296,train_data/33c6173af1de4f67912c7231ff632b43.jpg,1
7334,248,75458,train_data/445fcc61069e428d9b92bcb4dd821a63.jpg,1
7335,2406,73901,train_data/e8c8d7f901db4402927972cbb1e0af81.jpg,0
7336,7603,22367,train_data/8b21fd90664a4057a5af0af0d6061b19.jpg,0
7337,7501,40840,train_data/b18d852f684946f9a3620add77f9cc3a.jpg,1
7338,6746,9090,train_data/17d6d7ed94d644e896aa1da135a1a28e.jpg,1
7339,696,79177,train_data/04c67099f0a940bca43b5460ad088ed2.jpg,0
7340,18880,374,train_data/f9c539595ecd4c399ef26ae64ef0b7c4.jpg,1
7341,1886,52572,train_data/7b80b80f49424fbc95980e9d7a483276.jpg,1
7342,17601,74935,train_data/720967df2ad9494d8ea4289afc091e18.jpg,0
7343,15015,25111,train_data/81b80cf5d232422a92014ee3c7447348.jpg,0
7344,2228,62037,train_data/04fa1ffadbe14497bc84d36f99587e31.jpg,0
7345,17203,24494,train_data/9858ef494cdb40cfbdc02d2162737bdc.jpg,1
7346,16595,78691,train_data/e8c6ce626a9d46de9780c53bc4dccc6b.jpg,0
7347,15289,20882,train_data/4eb9d79678cd44c18931a0eac0797858.jpg,1
7348,5612,4301,train_data/48331870acc44267839aa5c338481f37.jpg,0
7349,9791,28711,train_data/b2ee5a8754cb484bb5ecbdb0ed3f6129.jpg,0
7350,16262,17385,train_data/31ca81823e5546c18185c4f5417d22a0.jpg,0
7351,7155,49411,train_data/70c06f76d7bb4c82904f8d7a45f525b6.jpg,0
7352,70,13969,train_data/b0a38ab6b3eb488794e340a1b126ccf4.jpg,0
7353,8725,59299,train_data/af3769cbdaa4451e95850dd6e9c5751b.jpg,0
7354,16357,11949,train_data/846d09e1e97c4b02af5dc18fe0258c78.jpg,0
7355,5768,5137,train_data/cbba4f846fb043929069e92c5cab7aeb.jpg,0
7356,1178,7200,train_data/febf9566920646eb8d17a400d5f7bb77.jpg,1
7357,12049,72120,train_data/ed97d29ba78a47288e9577fb11fea4b9.jpg,1
7358,12811,53138,train_data/9221b0882fe24f3798eaea03e47b70fe.jpg,1
7359,17775,16033,train_data/c3f323327b454b94a256cb610e8ef7f1.jpg,0
7360,1891,13352,train_data/8cf3722a003e4fafaf7dd5ae9bb538cc.jpg,1
7361,4844,16678,train_data/bdf6e246f8844ea2aa00995f87108b29.jpg,1
7362,2010,22573,train_data/ab66ec67c9294830a170dea3bf6a457e.jpg,0
7363,17266,8530,train_data/060db7c71264490d8bbcfef978a1d1bd.jpg,1
7364,18655,12499,train_data/30fd29a6560c45e19a069c7472c40aac.jpg,0
7365,13515,2417,train_data/c214cae6841a4f13b6badbba9f45f3a9.jpg,0
7366,6425,15612,train_data/2a32dda5431641d683b2ddb117d81240.jpg,1
7367,17328,42166,train_data/51eb5dfa58b649d987296d0c5441dbb3.jpg,1
7368,13206,36842,train_data/503eda7da332451393a980c759916616.jpg,1
7369,5964,63025,train_data/7301832fbaa9426e863b25ce84831a07.jpg,0
7370,6247,71796,train_data/e9fda95581cb416fbe6efe7572365161.jpg,1
7371,18370,74632,train_data/b8fcac46492642d68956dcf7b9aa94db.jpg,1
7372,2089,32111,train_data/e14eb8f88a854b4c92d43c5a8ba15bc4.jpg,0
7373,18872,12102,train_data/edc5076f4f844c8bbf847453306375b7.jpg,1
7374,16625,52119,train_data/83e55cf3b64841b88eed38a76150a5eb.jpg,0
7375,4191,34748,train_data/688de05a7e604a24b0554537539ee290.jpg,1
7376,17583,2909,train_data/09dee787bb874e178d667491588928ad.jpg,0
7377,16128,49537,train_data/2d8377b2fa78463a9539ae99cf8c0082.jpg,0
7378,19943,6571,train_data/0b5f9583da114a579c31236917ffecb3.jpg,0
7379,2957,78674,train_data/779b70cbed964489939e7b318351897b.jpg,1
7380,17543,79905,train_data/852c51464ead47d8bf66fe67abae8210.jpg,0
7381,11972,33004,train_data/05b50e20eece4089842b46e2ef596a1e.jpg,1
7382,433,53579,train_data/3af97fdc399948c08fb38dbd949f1f33.jpg,0
7383,3538,13551,train_data/0dac59e2136340778295b285e4122726.jpg,0
7384,1083,65684,train_data/326e235d727841b6ae8f62271e9a8f6c.jpg,1
7385,6907,34188,train_data/2597106ca539404d90ee14539178bfbc.jpg,1
7386,10087,7975,train_data/281c76a671fb40a0bbf9028ce47c9ddd.jpg,0
7387,15546,14561,train_data/b8d521ed8f3547599f3ec4a84a9edbf0.jpg,0
7388,2853,22779,train_data/a66d51db55bc46568f33c8c13ec6c0eb.jpg,0
7389,4120,24963,train_data/432579487a3142ab851c768fb0e6eda4.jpg,0
7390,19948,30559,train_data/8cdbd0f919684e6bacf290d88a05ba59.jpg,0
7391,7078,32329,train_data/514254db8a3741d6ae4a3c5512b332d1.jpg,0
7392,19717,50960,train_data/dfc30d16c79c46f088af03f6ead2fc3d.jpg,1
7393,8544,70962,train_data/d4481847476548c4aa511d8be80023ba.jpg,1
7394,944,38299,train_data/d9278481435f44709df7c7c5ec9cd101.jpg,0
7395,9403,27436,train_data/ddbb0ff743164f6ca3475bf004c97366.jpg,1
7396,12397,7716,train_data/bec3eda495894757af7b39245058f6eb.jpg,1
7397,10919,50635,train_data/631f74bb436f495392b616534f7b7f8f.jpg,0
7398,8396,14952,train_data/fc7c95d6969c4654af61be53410f9f7b.jpg,1
7399,15752,31991,train_data/04b24d8356584bcbbe89616d091accd6.jpg,0
7400,19256,35202,train_data/6ea1ba471e204c98a556933d1c72b33a.jpg,1
7401,13207,36875,train_data/ce14a26e3c624e13a9a17f777ea237d6.jpg,0
7402,19576,60226,train_data/e4af63c19cec4576ad51a6e2f9a9442c.jpg,1
7403,1588,65245,train_data/d8b3ceca11af43c49b8b8bb7e9931579.jpg,0
7404,10540,22039,train_data/fdeaf4f625784926a57e68a37eff7b00.jpg,0
7405,15645,31251,train_data/1ec3df49faec42f3b9b64a1a8890c569.jpg,0
7406,3328,46493,train_data/6cd48f8fc63c4abd9642cacebb1d8f74.jpg,0
7407,3638,30026,train_data/58f74eca938a4363bd5aa553c291eb00.jpg,1
7408,11988,40869,train_data/b82a7f447b8a4abeba621f5efe9f62b5.jpg,0
7409,11760,76170,train_data/1c28880ec25a48c9a4b1a2d1621239d4.jpg,1
7410,15295,64784,train_data/6abad5f9f1ca4051aee1430f9f227454.jpg,1
7411,367,2730,train_data/c1271f4538fe45008cec60e529f4780e.jpg,1
7412,15650,49126,train_data/f191bffef6a64f358daf8ceb60759eda.jpg,1
7413,17097,9194,train_data/be1f11bcb75b487f9cb00995f8e28676.jpg,1
7414,8612,42566,train_data/21bebfcd76e849be9ab2b7a1e5c0a015.jpg,1
7415,12978,43708,train_data/3154d61972a446f08bd31418b5754c22.jpg,1
7416,19927,22753,train_data/ed11083057ad485da67ecc4ae4e0376a.jpg,0
7417,1152,27565,train_data/8776e357264042a08ea39e87b5a00553.jpg,0
7418,18044,56474,train_data/7f3d387eeef740a2ac63f7a243a2847b.jpg,1
7419,15418,20979,train_data/6dc311c76c7548ab8635b02fa080d5be.jpg,0
7420,7936,77601,train_data/736d0dd8126246169f6f5c180e95fe67.jpg,0
7421,15847,52294,train_data/fd1d43b304a2467dad542f5a819d6401.jpg,1
7422,16313,28023,train_data/50569aced4ce4879bdaf08449db63ff8.jpg,0
7423,4313,16126,train_data/8b8538985b8d4bc28baf6a5b0588adfc.jpg,1
7424,6274,32197,train_data/a8bdae30f14f400ea0b6b73a9fc5e516.jpg,0
7425,18397,1975,train_data/aa863c051075431c904863d6a476d033.jpg,0
7426,10653,2383,train_data/555b56fe3f7e455089d2f4cc4583e953.jpg,0
7427,9853,49351,train_data/a2de7aa8ccdf4807878003e421dbb7b8.jpg,0
7428,17163,70,train_data/a6a5c6f38fb54650999c1bafd6faa6ee.jpg,1
7429,2012,9206,train_data/d3f746261cdf46c4ba9effb686747a38.jpg,1
7430,2615,9120,train_data/4dfe7c3ef02d4874ba1d01afb4e8d00f.jpg,1
7431,6787,27343,train_data/5f640811a678484c8e1f6ec1713f970d.jpg,0
7432,2474,72061,train_data/53d2af9cd5f5481e9674ccb6006b290d.jpg,0
7433,6765,79676,train_data/87b43d4c20694105b1200dc5514171ec.jpg,1
7434,14095,52425,train_data/54f16ee1f1ae4c568fc3815dce6fe2e9.jpg,0
7435,2945,58640,train_data/44f18b518ef44b5da3d3dcb16525a285.jpg,1
7436,12487,79026,train_data/6bffc8495cf446dfa948d595688d1ce5.jpg,1
7437,13462,73705,train_data/38f82317e0d74fc18d6becb262124814.jpg,0
7438,16922,29818,train_data/5c72ac4388044201b4f15f03d0202e9a.jpg,1
7439,14081,41399,train_data/c8b0c4858ca749c0b35c0e0174f5aa65.jpg,0
7440,16090,64966,train_data/97c63d595ed44f8eaecc2b184c531fd7.jpg,1
7441,5860,79198,train_data/8878bcc194bf49f992bc1cc0256887a4.jpg,1
7442,184,40411,train_data/abf207cfc2ad45e8831719947f744989.jpg,0
7443,3711,72577,train_data/714143c053da4cf69a41a4969b888ff6.jpg,0
7444,14157,22686,train_data/4f3b147152a54be9b924c65614fc071c.jpg,1
7445,12797,61312,train_data/e869c08fe56f476c8b491ab0402b5f5d.jpg,1
7446,9084,45417,train_data/b6db82ece9554ed7b741ab5f0c0c1ec7.jpg,0
7447,12068,55088,train_data/5e4b2fe85ff040e9bae223e20627f7be.jpg,1
7448,14865,16889,train_data/44982e0b46e54d5b995c172d671cd88d.jpg,0
7449,3694,369,train_data/fbf241cb3baa4b6c8ce0881baebd50e9.jpg,0
7450,10078,14004,train_data/34cf0bc4ab834ef2b9494279299d9813.jpg,1
7451,19805,50446,train_data/96dfbf6f57e744cf8b4efb9d68b361c2.jpg,1
7452,5541,72412,train_data/0b28632dd7f846a08bfb3d2e643255c4.jpg,1
7453,10501,6948,train_data/807fc99525514719a03230720151bace.jpg,1
7454,10609,42206,train_data/512a070d3fcb44f9b246adf87312ca65.jpg,1
7455,18010,64693,train_data/c42f0d1d22c54cc19ca280299e2cfec5.jpg,0
7456,18125,20573,train_data/1c3aecf6fd2846969846448d6ab9354a.jpg,0
7457,17476,75728,train_data/319ab23badf04ae58c3f91cc1452f527.jpg,1
7458,15225,42314,train_data/1ac71c650b5249e4848f86f4846b1e82.jpg,1
7459,592,68940,train_data/827c8928aefd45529c6eeee17e358932.jpg,1
7460,7720,16405,train_data/cdebbf0644e84552afe728006de7751b.jpg,0
7461,11317,52374,train_data/199e57bd445d420ea58e8b80038e3e92.jpg,1
7462,6018,47615,train_data/ed1eace46b5f49319868f7e554db695b.jpg,0
7463,3665,49526,train_data/1ef42e1901ac47f5807e8b540e698b11.jpg,1
7464,1028,57896,train_data/96891621adf045ee9b3520cf7285e218.jpg,1
7465,10393,6975,train_data/7adf5d329c7c405d8addc2792f994008.jpg,0
7466,3925,38667,train_data/4b009a5692e94be2b153f480b47142a8.jpg,0
7467,3162,78910,train_data/0f9ab0b451b24443a2c7c9b8473b492d.jpg,1
7468,5777,78856,train_data/6e48c754e85d44858dd13e5f46138e91.jpg,1
7469,819,4232,train_data/d59bc9f45a074f9eb7fe1a724aaa0ead.jpg,1
7470,538,2648,train_data/52af0e07f8cc4ce7925466ae2959eded.jpg,1
7471,7834,27085,train_data/37ec1a2953ca4cf19d8d7bd3b94ea458.jpg,0
7472,5562,6529,train_data/86bf79be806e434eb80e11ac90d0d549.jpg,0
7473,11325,12214,train_data/b755c4b68fef43d1a51e84e6001ca4f1.jpg,1
7474,1360,30487,train_data/fa92ec8f01fa4aaeb8eec08fa907048b.jpg,0
7475,5950,60812,train_data/cfa64f9402604783acde482055bd4beb.jpg,1
7476,7717,75782,train_data/8ff782eeeffd45a4b863b5b10de3daee.jpg,1
7477,15327,22611,train_data/39de50c0a1db453e807e4a50495647e8.jpg,0
7478,17908,6779,train_data/052495268f17472eb96a3099e6861580.jpg,0
7479,9545,28306,train_data/1dc9ec0c29574d838ed7884aa208cd29.jpg,1
7480,11409,20510,train_data/0f7badf33843442fa2bc18a0a7fb86bf.jpg,1
7481,4905,45827,train_data/a895488aff5846489288b339f3ca273c.jpg,0
7482,11880,5083,train_data/8b383b6b77e64430aae3a72ca4daaf59.jpg,0
7483,6656,31520,train_data/15eaf5e8b4da4d7e934994be75334e12.jpg,1
7484,6538,66278,train_data/dac7064fa9d94804ab9cc60fd7c01ca3.jpg,1
7485,5727,49075,train_data/28b75cefc0e149419faa1da9f46f4e74.jpg,0
7486,15470,28928,train_data/17ab8a5ef196497d87d868bc5b196766.jpg,1
7487,13265,63101,train_data/176c298a1cc24146af4419d8fdf95f08.jpg,0
7488,16318,29166,train_data/795a232582b5414badec34bfc724ef96.jpg,1
7489,8973,44613,train_data/893f82e3e87547839c5c34d6d114fe29.jpg,0
7490,15481,71347,train_data/956d98ca78ff4c3e9f71a1aba505ae71.jpg,0
7491,2310,28168,train_data/58771f1b60304306a7a98430620826fb.jpg,1
7492,528,75102,train_data/3da4d366b56847b1bc78f73565da8aa1.jpg,1
7493,14834,54706,train_data/5b61ee05a2dc493bac1a03f8b32ba42c.jpg,1
7494,3467,56480,train_data/adefcc8661fe4a8a87b02474b7771a58.jpg,1
7495,2369,44089,train_data/8ee5f2636a45497c9aa8f91892c07ab5.jpg,0
7496,13836,42209,train_data/f70c96ed5a4b462196af8a1503bba252.jpg,0
7497,3455,79572,train_data/76abb4712d424640a4f22f27a223f371.jpg,1
7498,8732,8772,train_data/572a57c437914c648470a942280e8415.jpg,1
7499,15766,9661,train_data/ac3b6d4c3a6d4350b3768f7e4b5202fa.jpg,0
7500,9432,47702,train_data/15410396b6e64b3dbdf8d2e1ba50c2fc.jpg,1
7501,12245,23114,train_data/64de4880db894844a69589ff26d5ca51.jpg,1
7502,2631,32929,train_data/217da20975284226b722d9265abb957b.jpg,0
7503,16161,59552,train_data/eef91ae35462402d993bab367c881580.jpg,1
7504,14525,51846,train_data/ef633ff100334adeb0b7d229ac5fd98f.jpg,1
7505,10162,40885,train_data/40bc6e07329d4ea794e8b7da0ea9f7f3.jpg,0
7506,7326,38743,train_data/a51c4a7c78834b30964409882930274b.jpg,0
7507,19295,75951,train_data/dae4316efa7e4bc882e4d5b762809627.jpg,0
7508,18902,16902,train_data/6ead778497454584bcb308a178d070ae.jpg,1
7509,4579,38972,train_data/fb5711d055a04ed7b8b5656a6d7ffa70.jpg,1
7510,17530,79625,train_data/c47d051617c24cc79c4134fb4411df6d.jpg,0
7511,303,51454,train_data/ce24c8f0a29e4c76b73da0f2d15e1599.jpg,1
7512,4162,44856,train_data/c8f722a4c05244d0bf22758b6da8d715.jpg,1
7513,1765,22823,train_data/437b3b4b5a5246d69a831d9de92947b2.jpg,0
7514,19418,3091,train_data/041d562a3d14428e9cde3df0885c0893.jpg,0
7515,7559,40267,train_data/a1bed1a66d4044f6a8018b3cf69ab60d.jpg,0
7516,4536,68491,train_data/a2fbbc076004496a945ef5858baadbad.jpg,0
7517,16747,19536,train_data/656d51a4488f4f0aa9d7436baf391f43.jpg,1
7518,9071,71483,train_data/00cce8739597467db0bef7bff2c8ef25.jpg,0
7519,12151,31515,train_data/650be4bcec3e4ae49d458e007a214bdf.jpg,0
7520,17560,45308,train_data/dd7f230ee42e4577879a5a040aac8fd8.jpg,1
7521,17700,50197,train_data/d3ba12aade09452cb0ef2f1491755f4a.jpg,0
7522,465,61405,train_data/02bc972449624851a7633bea96378b0e.jpg,0
7523,8546,73550,train_data/bd889e431c234017b589ef8c7c3f9351.jpg,1
7524,1197,52240,train_data/db0389062c7d44b182dc2dad67e1b434.jpg,1
7525,8136,58024,train_data/c89f8e357a744c1c9b1dd957586a0f5f.jpg,1
7526,10277,63041,train_data/6e5638ef0d23427c8c80946e3ea09544.jpg,0
7527,4209,58312,train_data/5ab04f85a14a4edd924fa5f93d52ef5d.jpg,1
7528,19322,77388,train_data/ab96621a59ec46d799308490448b28c9.jpg,1
7529,16316,17586,train_data/c11d1cdbc5564b32af1a8d51f9d22fb1.jpg,1
7530,8875,45319,train_data/a712f3316c9c4d6eb2eb00cd631fa947.jpg,0
7531,6187,71580,train_data/6e814076c6ce4705910625081ef22637.jpg,1
7532,5123,11097,train_data/fb560e34f509476c993e7be2fbcbc617.jpg,0
7533,17020,34183,train_data/ad80955142584f88a03d24ca66f874e6.jpg,0
7534,14805,15134,train_data/3b418f453a214f4780423ab86dda4d3f.jpg,1
7535,12526,64463,train_data/227bce0a5b3243cc98b36116628d3e6a.jpg,0
7536,17504,17291,train_data/1cb93dc3dd91407c908aac995fa3ff68.jpg,0
7537,7215,15469,train_data/2cee01103c754db18a5105fa8377ee31.jpg,0
7538,19651,73194,train_data/7e975125bddc4816b51591898507be13.jpg,1
7539,11319,54366,train_data/83091b7e421a44bd800125a10a25eeae.jpg,1
7540,11072,43643,train_data/42b0f955e06c4a8fb052152f116361fe.jpg,0
7541,6693,2544,train_data/863918020fec4f669aae0be7e2c6bd54.jpg,1
7542,2531,10221,train_data/7d435268e974420798a579fc9065428a.jpg,0
7543,17160,54408,train_data/a91f75d81ce846799be7e3edefb939bd.jpg,1
7544,11455,6013,train_data/d9e0e196b49c4e8ca5c72dc01f0632bc.jpg,0
7545,4003,7301,train_data/ac405ff389a54c6abfd3524c2501197e.jpg,0
7546,10708,12071,train_data/6c31e69e348c47f19b73d94aa1505fb7.jpg,0
7547,2320,8893,train_data/876bfa0aea284480b2ecb17a05991a45.jpg,0
7548,11011,66298,train_data/f0e1c3cd73c44783a67fe26f10b6db7d.jpg,1
7549,2019,22306,train_data/1522860035664b2abce83bc14b382356.jpg,1
7550,9438,74587,train_data/917a55c392fa4a66bdac2c4eab18c9cc.jpg,0
7551,13601,23322,train_data/e69a675bc104443686469cf95d256180.jpg,1
7552,567,73917,train_data/e191ec56ec0a4989830bc3a19d9664e3.jpg,0
7553,19407,40637,train_data/54e8dae677214671bb665334b370f5e7.jpg,0
7554,12546,69727,train_data/0bd300fa87b340ffa7ad66d691c55963.jpg,0
7555,13720,72554,train_data/9a2cc23dbcb9457a88a5f65a9d6f2f3d.jpg,1
7556,4111,17062,train_data/e3312b4abcc34856a878d7ab68a241e0.jpg,1
7557,17703,40432,train_data/4794e0dbbd42441b992bd2ca61dc27dd.jpg,1
7558,4486,27269,train_data/e222d33bdd2942c9bb636c00589b8613.jpg,0
7559,9572,42117,train_data/9565995735f440af8588bd0db82bd696.jpg,0
7560,19201,61184,train_data/a6e705a570f141a295361840a7c7299b.jpg,1
7561,1945,55697,train_data/88ac623d81ce46ddb7eeb0b798bfaeb6.jpg,0
7562,5169,52541,train_data/b26984ec983a4e4da7db47fc7c9d7da6.jpg,0
7563,13191,30007,train_data/8fb22c5bb49e450a9f1015ba05240d61.jpg,0
7564,17585,72900,train_data/4a6ad097462c49d380e9263f2a0f48a0.jpg,1
7565,7487,63940,train_data/ea911991e8e54063a2d9966d45ae46ee.jpg,1
7566,15673,20718,train_data/523f74a1e8694aa6a3367bb29f87b1bb.jpg,1
7567,14840,28862,train_data/f856c2e420664d4aaba944f9d81f424b.jpg,1
7568,2570,24445,train_data/28b2a84b45fc4fc1b12e839d64265ef8.jpg,0
7569,8528,37253,train_data/840243753bf04d92a6af3c26e27f016d.jpg,0
7570,12195,5254,train_data/5827234ab1fd40e5ad009c066c349886.jpg,1
7571,12591,1960,train_data/04e29ec1128e49d99c10a7169d758560.jpg,1
7572,15028,50947,train_data/ec06b285df3e4fceac346c262e6b5924.jpg,0
7573,7713,902,train_data/51a51d6027d143b1a46f91f63dd575f2.jpg,1
7574,6921,19602,train_data/38d1356529c84c6ca794489d771cc6a4.jpg,1
7575,14416,23803,train_data/740e5ed36960447b8c47428bdb0632e3.jpg,0
7576,5050,54426,train_data/717a9e321e9743f5ae51b547ebeae093.jpg,1
7577,19239,35624,train_data/b6aaf485818a4b25a571356a9c6a2342.jpg,1
7578,15699,78550,train_data/08293a56149f4f258c3f5267d19d1e3e.jpg,1
7579,19486,42532,train_data/0b5cebc947a34dd0820b8560c5c16549.jpg,1
7580,10480,20552,train_data/3ce59ce5d7bc4bd581e7ae3bb9b265c4.jpg,1
7581,12562,69076,train_data/5eb94afdf37649e8863217968a08eed1.jpg,1
7582,4455,52926,train_data/d11546fe2f354402b23d5691c6815e11.jpg,1
7583,18127,12223,train_data/ca9b1a8e6d914017841ad26f9d8b2831.jpg,0
7584,3283,44120,train_data/a45ba42453a54c3d83b073b6592c098d.jpg,1
7585,12914,20701,train_data/dd787e0d35b743fa85e6e223b2951422.jpg,0
7586,1138,67333,train_data/043e063d484e4fc5b9ba6f380399220f.jpg,0
7587,12047,39375,train_data/a966070dfd2b437f98f7549bba7f46a2.jpg,0
7588,10778,19370,train_data/089e56ab28b74d78833d3f35beefee7b.jpg,1
7589,8483,59880,train_data/841e9571a9804f948ee552bb7522ebfd.jpg,1
7590,18894,32423,train_data/68e7a1ff6b0b4b6088dd885acd87fadc.jpg,0
7591,9895,33364,train_data/3e018ddc0adb48e1bb834714a6a5b54e.jpg,1
7592,9892,56497,train_data/55804b699888445997373190ba7d1bc7.jpg,0
7593,12290,69148,train_data/cba096381e7c4a7c9272c2a2775b7184.jpg,1
7594,7514,36638,train_data/42241b4812254809b6843852cffd01f0.jpg,1
7595,14929,4389,train_data/cf4f7b567a1940f0937c961158384c5e.jpg,0
7596,2596,19429,train_data/d2e46cc342f1467da878ab985da2040b.jpg,0
7597,9315,41502,train_data/967eb4abfe844b3fb4d516dd2aafaeab.jpg,1
7598,13499,31106,train_data/b802081f9dd5458d8aeb8d3e38b44c76.jpg,1
7599,158,72053,train_data/45f87ed59cd24c93a78d3ef065467918.jpg,0
7600,13696,14139,train_data/e6a63857e1d848b6819ef5f3d1dd9299.jpg,0
7601,2452,41029,train_data/8baf2314f209436197b5f800ca9914e0.jpg,0
7602,8527,66794,train_data/638fac91988a49f4be9cdafeb5925062.jpg,1
7603,1237,30947,train_data/55cbc898ab514c6b8e8111b705d028af.jpg,0
7604,11990,11280,train_data/52c8392503024b288f4998e4ec4c2a73.jpg,1
7605,19549,7881,train_data/fe68a2d2b5624303a5349e2cdaa0642a.jpg,0
7606,8829,1326,train_data/91f45fae56f04b518e2b99191d47af75.jpg,1
7607,2060,10243,train_data/e657183238224b358d4519cd5f7fdd93.jpg,0
7608,881,30637,train_data/433f0870b4ba47589c298d518d939b9b.jpg,0
7609,5871,44107,train_data/0c35e09fedd24648a9af4e01c3f7ccc6.jpg,0
7610,3307,4219,train_data/166b829b385447c4b16a57efa31ff686.jpg,0
7611,17156,76309,train_data/78fa917434ea48faa88afa11eaee5583.jpg,0
7612,13487,1448,train_data/61514f9d30fb4993b5d4d9a8313f8082.jpg,1
7613,7547,50675,train_data/a4d2f0680ac54ecea91ef66735b8471f.jpg,0
7614,4959,38341,train_data/7729dcee4d01435e974938edcd19c2e6.jpg,0
7615,7050,27536,train_data/69d8477137614c0e8389f9964f481b8a.jpg,1
7616,16556,36151,train_data/24638d2ad48f4f4697a11dc9e51c0274.jpg,0
7617,133,78802,train_data/2d032dfdd6244ef1af830fff6ca0f8f3.jpg,1
7618,8499,43960,train_data/a3357fd5bca3481b86158ca492dfec21.jpg,1
7619,6762,21611,train_data/98bb382333cb452595196ce9b0194f26.jpg,0
7620,15530,14861,train_data/fa66c0518b454d1ba410e31e56dd3dcb.jpg,0
7621,15410,18145,train_data/72a157a6bd29478c87b960abc6faba17.jpg,0
7622,4802,69699,train_data/8443a5e6f1ca4e3998dce607274d2026.jpg,0
7623,7691,16789,train_data/824e1aa6b7b145b0ad027ade9021101e.jpg,0
7624,6299,11986,train_data/d3e0a597d1ee4ad7b91fa4e2db2d4cf3.jpg,1
7625,11562,416,train_data/7e8c3bbbb5f5420c94ae744803771f50.jpg,1
7626,12399,69450,train_data/b3c78b0f1f4b45f89aef67747d9b63c3.jpg,1
7627,18119,49442,train_data/5775b27ca4e4455e935b25712b6f0d35.jpg,1
7628,6505,11550,train_data/95e855c161124ad79d1511e822643a79.jpg,1
7629,408,62876,train_data/eddc460df45846c0a68b9cfa61a2c41e.jpg,1
7630,19100,39455,train_data/7b27a781902b4f0da586fe4c182b0009.jpg,0
7631,16546,38282,train_data/d7d4f7493ecf44f688b3bc76cce0995b.jpg,1
7632,13538,3867,train_data/5a08001610ed42efa780cbfe6d07924e.jpg,0
7633,15976,76947,train_data/3e03b4db210347a49baa5e9e8652120a.jpg,0
7634,2058,1965,train_data/fc5cbea04ab246debd7b3d912a7cc009.jpg,0
7635,19689,14606,train_data/d70e81d207314deb8bb4d8fd8c1a1dbd.jpg,1
7636,12944,6787,train_data/43fbb4ebea904950899ab606794bea3e.jpg,0
7637,13574,3395,train_data/d14afdf0292444649de450352f176464.jpg,0
7638,5098,31244,train_data/d3e91ae3f9144b379667f4b47ec4d035.jpg,1
7639,19099,24735,train_data/11480e11d0ab491d9f97c05eb7eacaec.jpg,0
7640,7075,65312,train_data/a0916fee06ee450c89074956002b0c9b.jpg,1
7641,8237,58925,train_data/2e07d22842ed4f3a88197c3f37a1ca5f.jpg,0
7642,2764,14117,train_data/021f8bb9dce84cc69cdf5cba1f1eabf4.jpg,0
7643,9683,41643,train_data/da45b3eba9c54e28968d4219c3f160a9.jpg,0
7644,6339,76436,train_data/c15a0069a828481fbe6497fad9309659.jpg,1
7645,6498,9492,train_data/83b2f99b16844dc8bebfa7269194c7ab.jpg,1
7646,14887,2313,train_data/4b16dd967db5442fa5ba79501594566f.jpg,0
7647,5821,6656,train_data/4b42791c4d544ec39c3fab433b81cd5d.jpg,1
7648,11396,32030,train_data/9f625349038f40f9ab7b13f677456c9c.jpg,1
7649,4716,8585,train_data/1a502e7d02ef4a79b7f4c9b399e99a54.jpg,0
7650,5045,10676,train_data/74174455ee624e36bbc231b21c696b5b.jpg,1
7651,2215,76893,train_data/e6bd35cf17dd49939030af19b6de350d.jpg,0
7652,8952,62124,train_data/4487d16b4bfe47179cb93e301711ad2b.jpg,1
7653,6994,2240,train_data/8571b42484524ddf813e18b3235ad3e2.jpg,1
7654,17411,9501,train_data/a654a9b7a6a7406e9afe088d495b9740.jpg,0
7655,12238,25987,train_data/751d78fa615d4068a18ea7fa46022d04.jpg,0
7656,3045,60914,train_data/8fb1782bdeba46c1aa9f36ecfcfd1102.jpg,1
7657,19720,69665,train_data/87bae3c79bb74493ad828763889a6243.jpg,0
7658,1482,67601,train_data/024b4482abb241a8b6f55f9d1ed52205.jpg,0
7659,17737,10279,train_data/8a6dcc45009e4fac83296d088c17712d.jpg,0
7660,5042,51032,train_data/7e449e45bf49423e8e575e57c68c4b58.jpg,1
7661,16751,79131,train_data/6b9271a69b4a4a588a436ec2878ada5b.jpg,0
7662,2943,75812,train_data/e6d4ae53748e454d9af5d2ca865ae4f6.jpg,1
7663,19086,2210,train_data/fd235b2aa52d4e4db17cf967af1bf255.jpg,1
7664,8878,24758,train_data/8a95d42813c3423e9e5a7d1449c683be.jpg,1
7665,6632,42989,train_data/479933ec20e94c198cd9f3213e97d234.jpg,0
7666,7700,49796,train_data/652ee30bc6d44322ab9dfa01ff7805ca.jpg,1
7667,5444,383,train_data/02ea162101304e228238314ffe020553.jpg,0
7668,8439,35821,train_data/95a3de8dd82c4ff9ad5187094167d32c.jpg,0
7669,11863,15197,train_data/b45c27dd62224352818ca02bccb3b9bb.jpg,0
7670,19241,62772,train_data/4cec85ace944407a913c9d010ed4dfa2.jpg,1
7671,17526,50487,train_data/df9e218e959445228f4031256aefef85.jpg,0
7672,9415,42582,train_data/0dcad738991d4efbbd8418d44fd9cfa8.jpg,1
7673,15212,46396,train_data/2813686cb69943e1b51254d2f8639777.jpg,1
7674,11200,32670,train_data/720f56dff8ee4ee998cd143d6338f2ec.jpg,1
7675,369,30821,train_data/5e27510d017c49ba94576ba726d25a23.jpg,0
7676,3693,22932,train_data/f8f85d93410140798edb01a258d9dd85.jpg,1
7677,2548,28033,train_data/b09f5eafd0bd47c3a44d849e184e1e93.jpg,0
7678,13657,38461,train_data/3c185da5f53a41e0b9d9176345282a41.jpg,0
7679,642,51698,train_data/b452a32ec8774f95ad38930f35e85bab.jpg,1
7680,15128,31998,train_data/6211b596f52444cca252c44ebecb0f56.jpg,1
7681,10132,69376,train_data/ddbef433a03b47efb2590c041be5730d.jpg,1
7682,3469,17782,train_data/904cd99cd75e40bd94fd8e05b39a9807.jpg,1
7683,15043,65604,train_data/7b36341f99a0483daa3e4e822e268c17.jpg,1
7684,18374,15284,train_data/a060e28e494d472f82dcacdf06549d08.jpg,1
7685,13271,52869,train_data/d40464c3f5404dfea0b3936581360ced.jpg,0
7686,17871,16338,train_data/63cabf3a37b44b1998a5b3296e43dc9f.jpg,1
7687,8871,73303,train_data/e29bf28bb9c149c3bc76d084dadd7979.jpg,0
7688,4064,8913,train_data/8bd2b5eeaddb45bdb5d1796437cc76d0.jpg,0
7689,4781,29282,train_data/e6d97b781ccb4edcb16fe8d6322e776c.jpg,1
7690,1858,56822,train_data/9fbf228763ce47a6aa6d748f705d9de8.jpg,1
7691,10719,49276,train_data/da624e4842e54df7802feb96c1b4a0ab.jpg,1
7692,6579,74858,train_data/7c618ab4241a4d43ae7d743d8d0de116.jpg,1
7693,15221,75847,train_data/123232dce76e41d58c45b9203da1f0db.jpg,0
7694,13246,72732,train_data/359e290ec632410aad13c328faf68621.jpg,1
7695,4343,59651,train_data/8fb97c92652e432aad6f78129f5ef811.jpg,0
7696,18650,48775,train_data/043c36cafc5c4a58bf685738c3ce81f6.jpg,0
7697,8769,31290,train_data/ce995d6694bc4c2cbb436e2418e57c27.jpg,1
7698,7922,6483,train_data/5118d88ac29645a38e504d2f4d380b0c.jpg,0
7699,3355,48572,train_data/0d64797b4e234f5c93b2b271a6c8e4a1.jpg,1
7700,521,51684,train_data/3f4c0c68468c483988ab71115668894e.jpg,1
7701,4030,69446,train_data/4e82ebf9d38649ed938f1bf6c9ab1133.jpg,1
7702,19406,6497,train_data/455aa79d23404d18b036191e031bcc2f.jpg,0
7703,17433,20052,train_data/30f90b10fdda49899e9f587d0489e18d.jpg,1
7704,19428,79554,train_data/8455409a3d9347518705c7c40cf6caf4.jpg,1
7705,18516,71233,train_data/89a6c19f511e4ea4ad9cea21eff1363e.jpg,0
7706,7256,5104,train_data/be0486368c8f4ba6968c47c5e011d9af.jpg,1
7707,18419,33054,train_data/aa6433ee4e0c4145b507ec2420074569.jpg,1
7708,19425,26773,train_data/57d0e74f6f8a494e95e2f817bc700164.jpg,0
7709,9237,4066,train_data/cde1ddfc23704aa2b98f74a1574caad3.jpg,1
7710,5700,31733,train_data/11b006a858884e19a53829ca82556ce2.jpg,0
7711,13104,69645,train_data/2200ad19e91d4af19e2a03c6f94579ec.jpg,0
7712,17212,54885,train_data/7c20b6d0dedb473cbb5615829ef0ee84.jpg,0
7713,15779,57404,train_data/6fe7054b3ced48c49d8fbed127a76318.jpg,1
7714,5437,59398,train_data/e74fbfb45e424477969432947a047f6a.jpg,1
7715,4744,72316,train_data/d154d60782ab4488977b869b64e747e0.jpg,1
7716,1057,61725,train_data/d1cec64c01db49408d73cb976718e864.jpg,0
7717,18973,32063,train_data/1da8ab668cf14cdcbcd4f2bf14b9c838.jpg,0
7718,13962,79243,train_data/54a44d6436964401b6da37bd3ae2ea0e.jpg,0
7719,19217,70256,train_data/f69976c9313147c5ac744e926ee4b71f.jpg,1
7720,14499,47916,train_data/59c38a3fa59845a6b771fac533b52f14.jpg,1
7721,872,3200,train_data/8a2fe07deeaa4baaad0d7b241159cf0b.jpg,1
7722,11732,18664,train_data/e1b15801f4be476d9ab26c15e2162499.jpg,1
7723,12527,40632,train_data/e6e9fd5a3ac34558836f7cdb63295bc1.jpg,1
7724,19528,77198,train_data/9745dfcaecf54aea84458751c604d2d3.jpg,1
7725,18386,35703,train_data/b46314cd551549dfa4902311b1ef1f65.jpg,0
7726,4015,2787,train_data/5849c9af60db46f28f894d29bc5d148d.jpg,0
7727,10608,68982,train_data/0c3610f3d7254b968dfd9134d9a94ba6.jpg,1
7728,4231,41228,train_data/5c7acffc1ea2436b8fdb66fd956bec8b.jpg,1
7729,12286,34252,train_data/2df7bb71ec0543c28dabd3e2a21d1e3d.jpg,1
7730,306,28730,train_data/6e475c88fd6b4907870c11472240dd88.jpg,1
7731,8440,43243,train_data/10b2ffb20d1140a2ad023e59c0fa047a.jpg,0
7732,17686,45273,train_data/2322f322b7554860b57f96d823b5b852.jpg,0
7733,3492,55465,train_data/5c9cec061422487eb565dd92426b50db.jpg,0
7734,14009,52537,train_data/93adc60a957c4d199c053525fed95f4e.jpg,0
7735,5139,18822,train_data/cb02c2492d9e4d76a1ad50428d5a0528.jpg,1
7736,11025,10062,train_data/2ae22c27b81b4806aecd408ecd82f534.jpg,1
7737,12248,56393,train_data/c9332233d0a44ea29d19b20a171c9b54.jpg,0
7738,9320,25752,train_data/f4004cdedbf84c369cb2aa528fee920e.jpg,1
7739,5181,46417,train_data/37f9b78e5bf443ff9eea30636f59e0a7.jpg,0
7740,8723,70151,train_data/aadf2e0f1aeb450b9b8bf86c56b78e26.jpg,0
7741,19336,70417,train_data/e383eb53f8a14b6f8a354196bead6afb.jpg,0
7742,1924,7978,train_data/53a8d2666215471189db4672e5f59df6.jpg,1
7743,8545,24880,train_data/a7aa5500a4b348e4a5a5dcef3b667130.jpg,1
7744,8852,16053,train_data/27a2819cd35249ceaf115a4e881a4b78.jpg,0
7745,13857,25904,train_data/2d6bf1e13c5340e0ba2d1a15dee8625f.jpg,1
7746,8508,41635,train_data/f82384c5900748ee9bb1a232ec6aace5.jpg,0
7747,17590,39098,train_data/76ddda3fa32442be8011d45f52cf1053.jpg,1
7748,6208,64891,train_data/79c6a08b02044f3e8c27731a2ae262a6.jpg,0
7749,1351,53845,train_data/56f2c1c770d04c718611235b3b4cb564.jpg,0
7750,14960,25754,train_data/9e383d3d1d38458c89880623998f5fef.jpg,1
7751,13875,18797,train_data/d7fb46f7e91d472992187782042079a7.jpg,0
7752,9584,62440,train_data/393c617359b346788a76907b5de64bf0.jpg,1
7753,5161,73044,train_data/98eda8b1b2874c22a737c48fa59b8133.jpg,1
7754,8559,77055,train_data/5016240611614647b2d5a9269071dc0c.jpg,0
7755,866,7441,train_data/e385abd06b8445fc94b38625adaca332.jpg,0
7756,12687,52830,train_data/e4db09dcd1e448e7a62eb122a17982ad.jpg,1
7757,3344,64882,train_data/9ba117386359480f88731d334e87db5f.jpg,1
7758,15755,25932,train_data/bf0e9a944aeb495486c5ab393b318a17.jpg,1
7759,4301,64562,train_data/8c2a48d4789047c895298772b47c4922.jpg,1
7760,9717,5262,train_data/f73d48db471e4195a639f781d9be5c8b.jpg,1
7761,3533,61156,train_data/4fd4ac358a074a34ae118f718c76ca69.jpg,1
7762,2449,33628,train_data/38a18486d5344e01bbd10ce7a4052335.jpg,1
7763,7621,71227,train_data/a8871e690ac7488984164e02e4e34e36.jpg,0
7764,19881,46877,train_data/8e2ca7e397444fd3bc2345af99e69782.jpg,0
7765,1185,78011,train_data/a5cedb3aacf848f3a25486cfb10ab3ef.jpg,0
7766,4900,71231,train_data/e4f850858a684cf2bbe4c6593955c455.jpg,0
7767,16951,29890,train_data/446524990c3441f39d149070bc8f13da.jpg,1
7768,5936,76742,train_data/2697f78138d242659d0ff815e7bf07ab.jpg,1
7769,2264,12325,train_data/3291e25e253c490187e5d510811c1b72.jpg,0
7770,260,49588,train_data/38038feed6944ca8a2a7d566357d8de9.jpg,1
7771,13412,55546,train_data/77d4196d48f845e9b17c8e1f6ad9c469.jpg,1
7772,9000,39118,train_data/77d6170dbb6147739f653d155a5a43fa.jpg,1
7773,3914,76694,train_data/05ddc8de0f7a42889821bd45939751ef.jpg,1
7774,11847,22377,train_data/23adc9fe4eec491ead892ced62cc8308.jpg,0
7775,1091,67759,train_data/429b62e5926a47ea98cdcc0af545b426.jpg,0
7776,9375,46641,train_data/eba11547bb6643f6b8358629d64cd85c.jpg,0
7777,6931,44531,train_data/dab76ae613474c08b9e4020a1d54573f.jpg,0
7778,4649,72998,train_data/02cb3fa6e33e4adcb78f58357367373e.jpg,1
7779,2209,25199,train_data/36110863899b4894956f78608c16fbb6.jpg,0
7780,12056,48828,train_data/79c7c209d41442cda288eadc8c8f0b06.jpg,1
7781,16285,10344,train_data/8fac75ed0ab34df89bf9a73bde1bbdd1.jpg,1
7782,13739,69807,train_data/3d16335140b146b0ac289ed13a0926a8.jpg,0
7783,7142,32053,train_data/93caa16599214ffe8c79fa414f60630e.jpg,0
7784,833,72801,train_data/3d8cf24ae37f4ead8d0b67d7fc0669b0.jpg,0
7785,11499,35628,train_data/7ed00b1343274844b688cc883fe17502.jpg,1
7786,15059,95,train_data/f58f719bc0cf4bd0b314281faf935fac.jpg,0
7787,15799,46077,train_data/c0a34386d9354531be4117f56551a332.jpg,0
7788,19910,12529,train_data/9432b1ceaa724deb94a67bfadf5c2072.jpg,0
7789,10445,9869,train_data/42a8c053a431499a97ad234fea3e73c7.jpg,0
7790,8246,67864,train_data/e79735acc7464cdaa02f04aed252f109.jpg,1
7791,898,33858,train_data/1b1669d7116b40fba690e6458bdcca4f.jpg,1
7792,10387,22596,train_data/5813b5c96e63431a8bc86218195c0c97.jpg,1
7793,5271,24477,train_data/e047e9cdb68d45cfa26e10ef494888ec.jpg,0
7794,532,39745,train_data/61b8e88f3d3a44e6a42c4fe1d3ead518.jpg,0
7795,2417,9544,train_data/3b04ae28e0cb419ba1fba5defdbece3d.jpg,1
7796,14723,38987,train_data/cd0dc47e175e4843a0f7190e1a52efc8.jpg,0
7797,4676,35149,train_data/31edcc2079ae4f97bffb5472f5b6a870.jpg,0
7798,2921,6175,train_data/79d2511849c84f5db5ed58563419cb87.jpg,0
7799,13692,63337,train_data/da22020db91b4b98a9384a225e62aef8.jpg,0
7800,2249,14311,train_data/f03c1f146e324e7884fd52ac8900bfdf.jpg,0
7801,18175,68034,train_data/063d3fcee4a0447d85958b72f99ab5cc.jpg,1
7802,5479,52353,train_data/54901338ad474bc8882739d5c35058c6.jpg,0
7803,3473,77572,train_data/5aba5b55ff2a4d5482f8be755434dc4a.jpg,1
7804,11633,9314,train_data/993b5d719e894d9292a27ab267824078.jpg,1
7805,18527,15194,train_data/f17175f90042411b848d443f18694bd5.jpg,1
7806,16591,12562,train_data/e8a4b108ac8c4cf6a36c168c4e3f4ee4.jpg,1
7807,8757,35510,train_data/6ed10aee83314a52b34acb203f4c90f7.jpg,1
7808,1718,47290,train_data/19a77ec64b1644f9bbe23e224e223c98.jpg,1
7809,12026,54177,train_data/7c62c294efd34cfb8a6abf35aa12c020.jpg,0
7810,5802,70570,train_data/c2ada5b6bf62406f9bcdb6792965bf16.jpg,1
7811,4192,3179,train_data/ca08f1fdfee5487896b84c8fb38b277b.jpg,0
7812,2459,127,train_data/552f1c9656204da296c808bbaa969bf6.jpg,0
7813,5293,34163,train_data/d4870af402874a40a99a682dd06dd283.jpg,0
7814,6793,23912,train_data/59ee7f034eb4498aa4ed264f5b75da3a.jpg,1
7815,11307,36369,train_data/f9dea4392f7a45a2b217d6ebb71c9f57.jpg,0
7816,429,37660,train_data/86be4cd5dd4242c8884c8e6e10ae5ffb.jpg,1
7817,2966,2742,train_data/ffde89d2b748440aaff587e1c326a57a.jpg,1
7818,7888,29775,train_data/2406d5d1560d48eeae17ebc53041a4a4.jpg,0
7819,9098,20430,train_data/2d08c1d3321547b5843bb5dcf40000df.jpg,1
7820,2115,64574,train_data/69e03545de59409d8653ed8320e68089.jpg,1
7821,12061,51489,train_data/c183912bacc34669b6d23c1f37735b9e.jpg,0
7822,11644,57086,train_data/b0fe1f57d51445948ad97f9b7a187212.jpg,1
7823,17105,34697,train_data/6198fc9ebdcf47d09c26484b79c7d5d0.jpg,0
7824,16467,59456,train_data/76b72c2bc7594d23832235200da1d74d.jpg,1
7825,11504,32140,train_data/43d223000c6f4a6080a842064f4ea644.jpg,1
7826,17551,2541,train_data/e721b218bccf4a5fa67396de9d773c4f.jpg,0
7827,19272,26168,train_data/0863d075cf65427882736a90a2dfac65.jpg,1
7828,11066,4264,train_data/46f76e00ac824cc387b62b7e009679a2.jpg,1
7829,3338,32647,train_data/ab89127c11604700825677c0fd1dd504.jpg,0
7830,13671,65635,train_data/e29ca7e508f2474abf5e91b75b8b1aae.jpg,0
7831,7333,26586,train_data/e36e65c4d0cd43e89a43b9f990edbc55.jpg,1
7832,3008,34165,train_data/f49f5a216b6d47da86c9bd75c3236b70.jpg,0
7833,18126,7205,train_data/0bce5993bd014c3a97be0332c909fc7b.jpg,0
7834,14961,30014,train_data/eca1332ec40d4aa2963e59abb6998ac1.jpg,1
7835,17657,34154,train_data/bdbda1f6b1c14a368dc3310c9d69864e.jpg,1
7836,11919,25620,train_data/b0392abf78464940b73016bbb2f8d414.jpg,1
7837,6621,484,train_data/b03fdd27f1934d6c843f2aca730ce9f6.jpg,1
7838,5853,65553,train_data/6937ad4c24b14dff90901f4c2f4516af.jpg,0
7839,10244,76839,train_data/b5104ac962bc467fa6740e31a849c228.jpg,0
7840,19149,33879,train_data/1a23cf512afc4947a4941d98e91030ac.jpg,0
7841,7913,73222,train_data/8c62e034bade424c88b838093ee16374.jpg,1
7842,3691,45748,train_data/9dadb32fed7a4561920403a24ee3b82f.jpg,1
7843,11622,46263,train_data/573a0d84f8054b04bd319126a086157b.jpg,0
7844,5767,11375,train_data/6474132992d84fcfa07621e096bc716c.jpg,0
7845,16768,18023,train_data/3b41067e8eac42298a220a3bcc24b874.jpg,0
7846,11399,55763,train_data/cbf10b08602a4bd3913de1f17bd94718.jpg,0
7847,4395,29587,train_data/2bf6a0927e25493ab02fd4234f9f860d.jpg,0
7848,6205,52724,train_data/be9670d36ae943578dbe62cff8997450.jpg,1
7849,2903,59490,train_data/afd16c70d0f0487cb7811f74ddba246c.jpg,1
7850,1839,66279,train_data/d69c96546df8485eb9c74dcc9d7a30e1.jpg,0
7851,11229,12840,train_data/87c7d451b4b74b5ba1a648486638fc47.jpg,1
7852,13019,43507,train_data/913e15a33f3947eb9367c79c41c1d3b2.jpg,0
7853,17967,69009,train_data/0d737e4e52ca40899a49bd80a19ead1d.jpg,0
7854,13342,25024,train_data/a1fd586a48c5460ab3c00cb9b8f2f399.jpg,1
7855,10529,20198,train_data/b0c231de6d9247e984b704ce3d0367f4.jpg,1
7856,6758,446,train_data/195efe4c4ae843ecb4d2b79545bb9d4d.jpg,1
7857,14001,43156,train_data/d3bb49801fd44a8096f6e24d07ddb50d.jpg,1
7858,11811,24145,train_data/d9a969542b344f8eb37a2bdaad68bd58.jpg,0
7859,6577,74090,train_data/45726308f81c480d98402878c13ce729.jpg,1
7860,14588,42847,train_data/0c116ba070824bd7ae8577bf4a0787a8.jpg,0
7861,17614,56237,train_data/b1883aafc0f34697b68542723b1fb26a.jpg,0
7862,620,77900,train_data/b085712a914849f6a923c3a32f9345f4.jpg,1
7863,1656,11168,train_data/47c437394df24a65abb8b73b8018ac22.jpg,1
7864,2628,30515,train_data/5dda8ed9ec854e36a2c88dda45c1c4a6.jpg,0
7865,16777,10166,train_data/ec1731bcf732481ebaf74818fb9df8c2.jpg,1
7866,17667,47608,train_data/d770abe595f843afb9646909327da12b.jpg,1
7867,6508,14710,train_data/732bf8cc40e647e781ee5f13bee0fd63.jpg,1
7868,10903,24828,train_data/4193c537f0d44c03851dcc5c8b2e65bf.jpg,1
7869,8054,34896,train_data/568358ff3f554abb9d6817ea601249e8.jpg,1
7870,19587,36296,train_data/f116be0473c0493e8037fb788fd6d416.jpg,1
7871,1999,66045,train_data/25080578dc844908a79e82cc93465603.jpg,0
7872,7946,55011,train_data/2246c20bb9b6427b9117dc450bcdc778.jpg,0
7873,1686,53525,train_data/de3a83dd11044621a8f4ca51a117037f.jpg,0
7874,3881,11404,train_data/c671730c8d874809bdba7ebb5e492aab.jpg,1
7875,5286,39033,train_data/5a84fb8594ba4424a8cb49876ff4ba58.jpg,0
7876,6242,51228,train_data/72aab5b26c57477e8ee16d6a58647b92.jpg,1
7877,7518,64162,train_data/183bb29087654cbc944713c13c1d7f35.jpg,1
7878,8805,53697,train_data/6aa4afb6d77e4a98b7b507d6c4dc570a.jpg,0
7879,15943,60633,train_data/1a6fa3657d834c30a9e78cbe010df8dd.jpg,0
7880,4215,5998,train_data/55f8e2ffc17d444e8bd270f3ef848d1c.jpg,1
7881,12658,30998,train_data/480f0d11e56a4980a4dca5bc3f424cec.jpg,1
7882,6595,67623,train_data/11aa8c13b49c4c208f59bfecf02057c7.jpg,0
7883,19267,50427,train_data/6d62d28956bb479088e61db7963b9eae.jpg,0
7884,13695,25669,train_data/7cd2997c4a4e4347aed74fc95f68e131.jpg,0
7885,8482,3064,train_data/8e440841d01e4d5f92dc7fb2a21b2e27.jpg,1
7886,3322,77941,train_data/acba716cddc945e09817264b19a23e2f.jpg,0
7887,7224,58468,train_data/f6974b8d144745d189c63fd1601b5d2d.jpg,1
7888,1723,20612,train_data/dbf2b45fa5aa48078cdfd3397eb80c61.jpg,1
7889,5747,25965,train_data/5f6de2f89e004d929397b8d5096304a2.jpg,0
7890,6104,32510,train_data/fab5285db6c54db4859959f43d2899bd.jpg,1
7891,13762,51411,train_data/c20afc0e911244e38dc8a9f8a7beafcf.jpg,0
7892,18635,73944,train_data/99c5428f1cc14d62917492261e42812a.jpg,1
7893,2407,66305,train_data/7a8cbed2c9e74e338d0fe81f2fabe680.jpg,0
7894,7930,11050,train_data/a885437ec03641339f12fe822a76a80f.jpg,1
7895,3465,16629,train_data/1dc5a07be0ae4db8a431e7e67c24171b.jpg,0
7896,8126,48045,train_data/95265a236d32452682e39c446d76d9f1.jpg,0
7897,8596,59839,train_data/6d014e8790594381a00bd703a3dcc2d9.jpg,0
7898,12888,58248,train_data/f9353ec93ea44e8299fe083ac133f5c2.jpg,1
7899,2171,45719,train_data/0095a535e31848509e68370e1cc2a6e9.jpg,0
7900,15995,45622,train_data/14f84d714ac54a0780889a95c30195e0.jpg,1
7901,7831,76119,train_data/fa51a83f1e1d46a2b77786341a3e0b3d.jpg,0
7902,3604,18633,train_data/48e696cdfbf04a5d81d8c81249da5e68.jpg,0
7903,19660,49734,train_data/475cea037eae49259f7bd2031fd65b49.jpg,1
7904,18316,64654,train_data/3975095a2e6748cbad380df2d17e2668.jpg,1
7905,443,24856,train_data/201583a6d9844d41af9c603d4307f7b7.jpg,1
7906,3076,52301,train_data/ec2c09fe3d904cf3a7746fc03078fe1b.jpg,0
7907,11270,66037,train_data/cb92a47d745548a4a260a162de0153b4.jpg,0
7908,15159,27252,train_data/02d9dc0fd00a4ebb8efcce1eca881351.jpg,1
7909,376,19753,train_data/f6247bb2fdd047c19b2a2667e79a2d0a.jpg,0
7910,3460,78129,train_data/392f5c2c491a4d8b8db93c0cd6c022ae.jpg,0
7911,9565,26124,train_data/b6bee3ee7d214bbc8f65b8026c07d765.jpg,1
7912,825,74695,train_data/6eaa8c1c453e4a489da6c866320fe5df.jpg,0
7913,7470,44918,train_data/e75b40068cf342618c2c8b8ce1eaaa60.jpg,1
7914,704,55238,train_data/4fd606f435ab4198aef89cb38a55590f.jpg,1
7915,13885,36412,train_data/407d30b3085c4359b6cf93dbfad980ff.jpg,1
7916,15541,75459,train_data/e0b2a290b047477b8dec720d73b68caf.jpg,0
7917,4012,61996,train_data/b0b6b1d27d81439085837c76cf208ec5.jpg,1
7918,2655,76663,train_data/23b705becafe4a5f84f1cfbf9cd45035.jpg,0
7919,5477,5764,train_data/785f1184b7fd43dab3e38a053695e1b6.jpg,1
7920,4950,64672,train_data/6423847d86f44de0b014cdf823f5bd70.jpg,1
7921,13707,59050,train_data/f05593913238416998994cfaac4c6533.jpg,1
7922,11775,72351,train_data/c072438d2e0a4d73b3e448b47cc2aeb7.jpg,0
7923,13055,35731,train_data/87ee73f492284711905867a766bb0a18.jpg,0
7924,10423,67585,train_data/3d62faef24cb4c86ac8e0e484b9692b0.jpg,0
7925,5838,62309,train_data/50d9b42be8f94dfbbaf8ef342cf47595.jpg,0
7926,9239,7401,train_data/e6e156c5b0d449469b2da023b48f3290.jpg,0
7927,8957,2771,train_data/b66e88665b14473f9869726d4be843f9.jpg,0
7928,7599,54891,train_data/f37d427cca614a8684738a3c452fb7f4.jpg,0
7929,9624,1786,train_data/c57de476d71f4b8fb883465aba02c861.jpg,1
7930,10798,52844,train_data/6792d0b8e8a649b8a07021fdc5efcc6f.jpg,1
7931,3442,26562,train_data/bf87a5ea8ef7444bbdf763130f5a626f.jpg,1
7932,5973,30758,train_data/54149d44d390435f81c518f484bd8162.jpg,1
7933,9936,1317,train_data/fce273d4defc454d93b05f13558122e1.jpg,0
7934,6820,58368,train_data/2628df2045f04d9ea87178d1073de252.jpg,1
7935,12519,63421,train_data/cf01c5621e6a4dc4bcf9c1d623699cd5.jpg,0
7936,8688,61206,train_data/d6256a917e774e57a69f537a5023c72b.jpg,1
7937,208,75312,train_data/b9240e100fe14b3782ec19fb27f5e2e9.jpg,1
7938,2337,36004,train_data/6318c0fcdbd44e868ef1689e4b752c4b.jpg,1
7939,10231,20297,train_data/3442f037171849f18cc15c6204673aef.jpg,0
7940,4872,67732,train_data/d94ade3683e0414a9b8b5069588c45f7.jpg,1
7941,3066,76085,train_data/2b1bb7d7b61b471885e4a67c05b12aec.jpg,0
7942,16879,30147,train_data/39efc835aa97467ab99ead138246a525.jpg,0
7943,14803,19263,train_data/a39e145bde3848359cca4e3e01de8a94.jpg,0
7944,5621,38905,train_data/be5e098f05b74d1d8977a11ab33646a4.jpg,0
7945,4801,37875,train_data/dd36c115af4c4c11b6277c4ab475871d.jpg,0
7946,3909,65561,train_data/974319ec25194f4c83b2338430f99619.jpg,0
7947,13360,27953,train_data/4b28f4fae5254ad6847445c10d978704.jpg,0
7948,7527,24882,train_data/b27fa3a4734b465da140e8b55e306066.jpg,1
7949,11723,60731,train_data/d07c264c8ee84cf9b80b05bbde395a08.jpg,0
7950,15063,42410,train_data/b0dea34c98704337b877eea496d041aa.jpg,1
7951,11426,39835,train_data/009f42b9968d4bf79ad373d5ab0fc1c7.jpg,0
7952,703,78408,train_data/454e4b4aaa6e4176b17853f59ad95e43.jpg,1
7953,10402,1606,train_data/88b14c220a77494b9f5ff2eac9e359aa.jpg,1
7954,5172,57361,train_data/2012bca82fd544de83a5178a1ea97408.jpg,0
7955,1934,19489,train_data/5951765202c746b79e56856daf94f0f2.jpg,0
7956,18728,8596,train_data/1a1e0d1618034798942164bab3d3f850.jpg,1
7957,14008,49254,train_data/3b0f9f6d02a84f6d9db12f8f377d42f1.jpg,1
7958,4694,2299,train_data/5a736e3e1c644b54afd47af7c24e3908.jpg,0
7959,5165,4162,train_data/bc89f52cb1034ff0a84dc1adda081ba2.jpg,1
7960,10221,58217,train_data/54dc9c1824d34f7781cd4da23364ab7b.jpg,0
7961,5526,31281,train_data/3a7e69ce2c80490e8db90bcadb637309.jpg,0
7962,13405,57641,train_data/ddd7b92c0cd64ab39421f07a3770f135.jpg,0
7963,11592,2540,train_data/abfc2d48f2d7426dae928f2d82e9f241.jpg,1
7964,2804,72843,train_data/5754c92de5514bf6bd1392fb638927da.jpg,0
7965,17808,40988,train_data/62f0d6e56d5f4cf38d0cb25e75731b79.jpg,1
7966,2702,57463,train_data/70fcd1f6df774baa9fa8865f86a5a12c.jpg,0
7967,16510,58340,train_data/698b117749714f478089ea9aa788835f.jpg,1
7968,10739,51254,train_data/43dc1cbf4ded48df8066dd4052bd1d0d.jpg,1
7969,461,12267,train_data/f68968ec343a4bbeab388e8f2f8d7b03.jpg,0
7970,16226,56734,train_data/86898e6a06ca42e2a743c10f7f37b7e7.jpg,1
7971,753,6989,train_data/431a788b2b05443a933fbda7b6c0ec20.jpg,0
7972,18288,58603,train_data/c0720efade6f4adf9ed8107971423931.jpg,0
7973,11886,65678,train_data/d45885c1175a416f9ca80482d70be4e4.jpg,1
7974,8794,14463,train_data/82c772485f124e288b00832680fe3ffc.jpg,0
7975,14936,470,train_data/52996de454404cda823aa363ee2d97a0.jpg,1
7976,8929,40465,train_data/ca8e825b27c3408eb7269563d9cbd2fd.jpg,0
7977,4129,55273,train_data/a091b7777ec841dabe3f7a40f6000549.jpg,0
7978,1049,52504,train_data/19fc7943dcf34637b7e7367fe4782014.jpg,1
7979,16221,74572,train_data/5a8ec2485f0e435187550331757853b9.jpg,1
7980,17623,35461,train_data/f1fc8f263f7d4cd8a06f6f3abe492052.jpg,0
7981,10499,49105,train_data/0520fc6374104a2eb414a8aeb8ccb4ff.jpg,0
7982,12868,74106,train_data/7cdb7c557b23477d9097be8b5bb44054.jpg,1
7983,13441,25717,train_data/8fa65b801d2947c888c13023c33fc049.jpg,0
7984,16775,48977,train_data/eb6a995cad6b49aca78e411d5e897316.jpg,0
7985,19501,13744,train_data/9f301dfc7e64419db7d1b60ec9014d2c.jpg,1
7986,14418,33432,train_data/f9ae3d9429cb4bfdaed9ed41a05ec8c3.jpg,1
7987,5825,13812,train_data/7876d93cb08f4db2866890496c98f944.jpg,1
7988,10519,56255,train_data/937c6092d64b4c9fb9e93cf4856c9765.jpg,0
7989,10810,69648,train_data/152ca2cfdfef43b89c100aade609f680.jpg,1
7990,7828,76129,train_data/e02ce43d28754f4d8a6655dc6898f6df.jpg,0
7991,12308,20268,train_data/2c121377a85e4384883fe70409f0563d.jpg,1
7992,14429,32494,train_data/d4363c2e06404a4b801369d8419d6ddc.jpg,1
7993,19821,56637,train_data/fb686d568d8345fe8c3a2e14bcaa6211.jpg,0
7994,17330,46244,train_data/7a3b1892fb3a4051bcf5bbe4e0359936.jpg,1
7995,4617,14938,train_data/353befdb8e994f75b053a2097e4188b3.jpg,1
7996,9263,32385,train_data/065a61ffa473424583e1ccd70d9cc22d.jpg,0
7997,908,79624,train_data/a19c1ca8d32244c2a3635ab412d7c635.jpg,1
7998,8827,4012,train_data/9ad3c624728b47cc8d3611e5debe481f.jpg,1
7999,13571,39055,train_data/378f604ed5714260bab57772a21b5403.jpg,0
8000,2293,48015,train_data/7a83ab1443a541649683e8cd0eca315c.jpg,0
8001,8171,46460,train_data/d80ade2ac225465c8c6d35594987021c.jpg,1
8002,1841,69701,train_data/ce805dcb66b04d3b9faa930930f59fc3.jpg,0
8003,6892,273,train_data/4c79247e2e7c463fa4f14fc940f1664e.jpg,0
8004,7273,29643,train_data/46bd15a22efb45e28b1564817ff99edf.jpg,0
8005,5651,17113,train_data/cc29857dc87f4c31b452b27358f1feda.jpg,0
8006,3388,27292,train_data/90a3efa4e43540bea71c3d99bb6b929c.jpg,1
8007,8735,32526,train_data/cad9275aa34a46f2b38976df3abe7043.jpg,1
8008,6674,78643,train_data/c05d1c4df60a45a0a6748cb51b60a433.jpg,0
8009,15244,25179,train_data/3e575980d2d542f2b8e1ed5cfc21e29c.jpg,0
8010,19613,50515,train_data/d0820037731147aca654b879693d9f9b.jpg,0
8011,4121,54103,train_data/bcfe003df7a244a8963cdc44e0632716.jpg,0
8012,13427,2378,train_data/89748884651b4c2689f60be87ee562f2.jpg,1
8013,1201,67330,train_data/80b8161b9d30486891f942117cdcaa86.jpg,1
8014,18264,31184,train_data/2abd54a8808040a5aab829c50c23ffe4.jpg,1
8015,18507,74004,train_data/e006a2553b144db5a57fb9044328cf75.jpg,1
8016,111,52831,train_data/b62f376950ab49d082837a79e227bb9c.jpg,0
8017,18581,12154,train_data/366ec7b729934de5949985d099361918.jpg,1
8018,7229,17723,train_data/cb9290fe3707407eb3d5fc071883ff48.jpg,0
8019,1701,26184,train_data/c29fad02eb7f4fa58a3008a3ff3217fd.jpg,1
8020,5879,74256,train_data/47d353cc7c9a4a1c82a6558dcc57df11.jpg,1
8021,12729,12341,train_data/47b938072f2044b5bb2b8ced9f181674.jpg,0
8022,17157,72459,train_data/2c1a095e17324458a889f7a701692fa5.jpg,0
8023,10899,14757,train_data/78ed5cccf91b41839edcb878bea7078a.jpg,0
8024,13091,52276,train_data/7c64508080694cb9a2cd856a86748ff3.jpg,1
8025,10180,40634,train_data/0503b015094648d594425497e7de91b2.jpg,1
8026,978,9420,train_data/38c4c9f32f5e4643b430bc94e7a29ba6.jpg,1
8027,19534,55869,train_data/c0e329f4c12746f9baf5b8c35e8e9b8f.jpg,0
8028,14273,4815,train_data/e3834ea923c64824b0e998fdb907222e.jpg,0
8029,9758,10538,train_data/7816f1e729ad4d5496024d06c1cc938b.jpg,1
8030,14661,16801,train_data/81a0d7d3484c451ebeda9ad8f383c29d.jpg,0
8031,7730,33929,train_data/9d05576a2e10408d8d53e6a5e144e62b.jpg,0
8032,7570,6545,train_data/8e18d59286004a0ea2e2f6e2f3890fe3.jpg,0
8033,6194,16408,train_data/ece7b949c7654ea7b4edd11ef714d3ff.jpg,1
8034,15908,35646,train_data/353590a351684d98880125290ec2e453.jpg,1
8035,6550,11622,train_data/a865e25591c44bb58ec6bd60c40fc4c3.jpg,1
8036,11541,41759,train_data/07c94008545b4ee19c1a4f34bfffb68e.jpg,0
8037,15829,58246,train_data/fe9e1df451e7468f881e760e082d157a.jpg,1
8038,15682,47901,train_data/3f62a0b88ae14032b2f634954b695060.jpg,0
8039,4960,62917,train_data/418a32008fd8436abea82c52dcc16310.jpg,0
8040,16900,71047,train_data/0b0648c90514445fb54e34f09f23d377.jpg,0
8041,6842,15990,train_data/d885e493fc334e2c950247f2e94e8ed3.jpg,1
8042,8776,10867,train_data/6c0e1a565aa54ea292ccbbaec728d257.jpg,0
8043,19405,60383,train_data/1a448a1c10da4b3a94d984c0b60785d1.jpg,0
8044,8486,65485,train_data/a59bae7ceed44d6fa7f6df773318a84c.jpg,0
8045,4364,46420,train_data/c5b25640ad12453da597171af4251e99.jpg,1
8046,1408,41725,train_data/dbbf2d03fd6e44148f3c51f24b79aa5c.jpg,0
8047,7136,76672,train_data/0988a2edbfb147d28d42cd52272b2ffc.jpg,1
8048,12963,752,train_data/827f4f7d66ec4cf797bbe69c420d3718.jpg,1
8049,18495,55641,train_data/1753ebb492cb4ea5afa9ef84049f704e.jpg,0
8050,15970,16431,train_data/f3856bbff38f4833aac2b9379b8fba2f.jpg,0
8051,13871,59446,train_data/4e24d71a45504186af3bcf92cbcd03af.jpg,1
8052,10129,37054,train_data/6ce0aad4f1304a2ca991a3c48c2eacbb.jpg,1
8053,12189,6297,train_data/99c89d779cb340678e56a3db859e4c39.jpg,0
8054,8299,49110,train_data/2fd7319151e646869f5840eb7afb7dfb.jpg,1
8055,11788,35155,train_data/367549aeac7546e7a5a599adf0069cb1.jpg,0
8056,3386,66152,train_data/9bcedf74c7d944609c96d6934bfe8bd1.jpg,1
8057,7112,65022,train_data/47b3cbdf736a4c6cac10fb8e4b6e78a7.jpg,1
8058,7699,24913,train_data/36e49ef0b6ff45a2b2ec4f606d7a9945.jpg,0
8059,16408,77939,train_data/e8f778fd77054464b83d0323bc34b005.jpg,0
8060,17822,67928,train_data/8cfe1ac39a3148f9b9aee32954de33c2.jpg,1
8061,13024,70243,train_data/82ef33813a5b4239842c879a89528006.jpg,0
8062,18882,33350,train_data/a2445be7eb894432b011acc0fd6c3b8d.jpg,1
8063,13966,13625,train_data/41afcfe62902482aa87e203f649af682.jpg,0
8064,4641,46644,train_data/52b6cb04c05b4fccaa79bfeb13b138c2.jpg,1
8065,11965,56581,train_data/33d60f22c4594cf48ed4811b2539275c.jpg,0
8066,13225,42391,train_data/ac0e30707c004f9b9ee1e5abfc7a9d6d.jpg,0
8067,2416,65544,train_data/813e837d3ea74510b8f103993171c5d6.jpg,1
8068,11828,9935,train_data/e9d238fd9d7f49b9ab89ae5bfbeb27ef.jpg,0
8069,15932,7754,train_data/323c17c7e4a1430d99501d5557b2652a.jpg,1
8070,1614,10540,train_data/3f08b232ca8447a58b775806b86cb707.jpg,1
8071,18743,43456,train_data/00163665fed94c02b434b137e4e3474a.jpg,1
8072,11201,11746,train_data/9c1ffa94a716418dac209edcb078275c.jpg,1
8073,15582,51926,train_data/e1196a122c1948d5bffe6dfc9594a252.jpg,1
8074,16292,54421,train_data/615a8d0e269e41d9b94cf54edec4a4e8.jpg,0
8075,12007,68813,train_data/d763c11e75ed4929a74992b10fb561e0.jpg,0
8076,7335,48584,train_data/d419af8ac70340469cd8156f8f610f3e.jpg,1
8077,8608,63301,train_data/1cad3972d086458b89205fb95df53d42.jpg,0
8078,18144,1418,train_data/9f8de75c4d184f5590a86849941ed997.jpg,1
8079,18473,70758,train_data/b192f77d99924e649435de5884803306.jpg,1
8080,1972,73601,train_data/9eb00a01a89944f2ae67eabcaac462de.jpg,0
8081,16284,18958,train_data/82b8656c7e0447ef9efeb3b46b184921.jpg,1
8082,2366,26668,train_data/46dd42c4fb2546cc8836c3cebcf41845.jpg,1
8083,11060,63885,train_data/267634fcea7d45c2aa3ceb61fa37c179.jpg,0
8084,16664,34181,train_data/46e2f702c8494f0293569ad7a253190d.jpg,0
8085,8253,66428,train_data/a441e098b5dc4cb7a936d3dbb7daf4e5.jpg,1
8086,10533,72051,train_data/6e716b1ad8514ec8bc59856e47a12059.jpg,0
8087,16449,59603,train_data/178d0d4c572c4f8c955a04ac62a4ba26.jpg,0
8088,16915,7786,train_data/0b24036cf2334c70b0d4c1df3074a22b.jpg,1
8089,4786,17137,train_data/38f520f76d3c45e7870ce9d72255bdfb.jpg,0
8090,3996,70651,train_data/51e4fd1c967d4aaf84d3b9029369ec61.jpg,0
8091,8064,49424,train_data/4d0391e15e354a6dbcfa2f4b05e19f90.jpg,1
8092,7074,25636,train_data/d117b341efd2420c9a43eb237643437f.jpg,1
8093,16876,51751,train_data/03c1041bc1c545b8ac8e221656849c11.jpg,0
8094,7540,18514,train_data/b9286a1bed6f4f358e72ef3070ae87d4.jpg,1
8095,4913,43140,train_data/fcb5c79707c846ab92651f03424d33cf.jpg,1
8096,3679,1290,train_data/a7a07d208ac64e99ab807a96c6e32223.jpg,1
8097,17457,32189,train_data/76e31fadaa304620811c9810a25e2807.jpg,0
8098,14637,66674,train_data/b620e4ca230b42cf9c6fd41296ca2905.jpg,1
8099,13119,9738,train_data/8ace0525d6bd4077ba64dce6a3b40605.jpg,1
8100,10933,7128,train_data/01c3bcc3daa34b458c7b5ce475b1ba98.jpg,1
8101,15937,25615,train_data/2f527fd8353743628d73f919917603f3.jpg,0
8102,18464,56486,train_data/e966db3e0eac4c05965ff413d5ddebb4.jpg,1
8103,16125,78524,train_data/dd24dd35b79f47e4a794ad9bd239db5d.jpg,1
8104,19204,24069,train_data/105cda90d0774629a8b5ab752f9fb74a.jpg,0
8105,4106,21527,train_data/64879415d23e41538516bc6b9999b69d.jpg,0
8106,16413,2518,train_data/bb18ade52bd94e9bb9b17ceb66d7186c.jpg,1
8107,8824,46896,train_data/6e184d40bd554c0cbf17a2fab1c6d69b.jpg,1
8108,14608,38524,train_data/de2e73e2ae5345c69c53c23f39169de0.jpg,1
8109,216,28396,train_data/4c811cd66167477aa52103708aa96139.jpg,1
8110,17253,19908,train_data/57396e828225476ba582ae2a77c11c45.jpg,1
8111,4970,44513,train_data/ed8ee7a5083d419891df05f464c9d2ea.jpg,0
8112,11392,73865,train_data/4f4af564c3d84131a1da37721d5384fe.jpg,0
8113,5531,49271,train_data/e801085513664b4aa0f23b07669d5437.jpg,0
8114,5511,1477,train_data/444817adc70a4158a4dc9df1f660734a.jpg,0
8115,1670,13426,train_data/49007bfc2566449180187cd029d7c6d3.jpg,1
8116,11165,44554,train_data/4df36aa228ce44918220f593eebc31f7.jpg,1
8117,6101,63451,train_data/2ac4208e74974376a6c693fcbb4d6f7b.jpg,0
8118,6395,50922,train_data/9c631842536341fa932181899f8fed01.jpg,1
8119,4707,61733,train_data/54df969dae5e460ba0263f84073d2284.jpg,0
8120,12730,71625,train_data/fb71af4cd1174e1f9b8b25db7b844f53.jpg,0
8121,5608,79366,train_data/495042af337f420cb116ccef250522cd.jpg,1
8122,3360,75701,train_data/9167c9ad8886437eae4697f3caa2fc0e.jpg,0
8123,16025,26931,train_data/d3fa4bcd96474364986c99a8dc69c714.jpg,0
8124,15471,63665,train_data/5008ed86782744c8bf1a753611b76156.jpg,0
8125,8093,49743,train_data/4d361f0010b349daa6a627c854867fe5.jpg,0
8126,13369,34164,train_data/10c57b80e9294a928a8b2c8b58219045.jpg,1
8127,17102,60311,train_data/8652f402f18f49ae91bcd62e1e587b5f.jpg,0
8128,4878,22981,train_data/e4c72242d66648ada6d4b381f7d6e165.jpg,0
8129,3804,42030,train_data/e245b825f8744b519449f9bad9a8bae3.jpg,1
8130,12837,77340,train_data/39caf5417f7f48f0aced017e4488e2d6.jpg,1
8131,15727,46337,train_data/8160c58492f24552ac5f805875ccb0bf.jpg,0
8132,6486,433,train_data/b6d346aecd2a4e6b8c52e121d71e1a7a.jpg,0
8133,10219,14502,train_data/2072092add784f06affbd7cdb52147a6.jpg,1
8134,6293,16540,train_data/8befc9a1aa80496eadeaa7f00fd531b3.jpg,1
8135,12324,2220,train_data/98085caa950244c78ecdeca70c2e7833.jpg,1
8136,7663,63503,train_data/130e9895ee59445497105068b7d39955.jpg,0
8137,19569,10573,train_data/b349eccb913e4759ae36b9178ceb4c60.jpg,0
8138,7304,61973,train_data/fa3e9fcc7e004eac9aa45d3400024af5.jpg,0
8139,5076,15394,train_data/466ffdcfa9024bd38332318f9b98ee16.jpg,1
8140,14435,10205,train_data/96df17510d9541a983c3a14ea4c62106.jpg,0
8141,17003,70259,train_data/e38e6aa753dc4bba932d731031323348.jpg,0
8142,4696,3169,train_data/3eba91f58e084fdda8d5154ede24061a.jpg,0
8143,7576,77142,train_data/0bd8979960fa456b82d44740ce3b1e0d.jpg,1
8144,8116,36250,train_data/523c871635fb4349a1da34de3906aefe.jpg,1
8145,2297,9246,train_data/b49714aab55c4447a103da1d56f1b726.jpg,1
8146,1642,27344,train_data/e730c26c67ea432a865b1af319ae4970.jpg,1
8147,9592,78710,train_data/cae875a0c03646e68739a8bcb8e72fbe.jpg,1
8148,7546,23974,train_data/1976c3b716e94d3088c8de5ee52384e0.jpg,1
8149,10191,72905,train_data/0abf03518ddd42c99d6a0c2dac383bb1.jpg,0
8150,10607,37060,train_data/e68200fd89fd4083ab2a26253a449353.jpg,1
8151,763,56778,train_data/091f3ce6c8824218802fef872f722077.jpg,1
8152,18103,78661,train_data/8fa5402988a04e0a840e5dbf285f6b17.jpg,0
8153,19545,14243,train_data/efa4d65ceeae4ec9bc49219f5462351d.jpg,0
8154,9286,45100,train_data/2eeec1f09d4a4013926e58de9c7ce4d1.jpg,1
8155,13566,34910,train_data/f6dda48f8087485db616bec75697d092.jpg,1
8156,19186,2095,train_data/c82d73a657744fc7a19231d8b14b361c.jpg,0
8157,644,5554,train_data/0832847cdf7f45d7b4a0e50990c34471.jpg,1
8158,16354,72405,train_data/4ef8e6ac5de5494e985bfb452c838400.jpg,0
8159,8729,74541,train_data/26700839ec2a44db8c3c33cf6689453e.jpg,0
8160,3297,44009,train_data/617aa0f29f524f1587c24edcc729fc82.jpg,0
8161,12203,47542,train_data/921d9ff0784e4d788b10a8242cbc9fbe.jpg,1
8162,15335,77046,train_data/429708166bc941a39d480447a61e16af.jpg,1
8163,2340,51385,train_data/3953c3ec0e92444e9741698515d53ec6.jpg,0
8164,16412,52994,train_data/2fe59651489d41e181bac469e13269d8.jpg,1
8165,7430,15425,train_data/e53a8fd644a84d989a1af6a1c6d3099d.jpg,0
8166,2913,61764,train_data/06c787404a9c49b29e473d16c69ebe5e.jpg,1
8167,3351,22108,train_data/ca7f13ba26d94730bf96aa92346b57d5.jpg,1
8168,2390,62023,train_data/ef860711fbc54a8586893aef4dee128b.jpg,0
8169,7004,29159,train_data/1341001d349a4f0586a070197517274c.jpg,0
8170,10418,50399,train_data/f660cb85611246a1b6d914d80b1fac80.jpg,0
8171,15277,9871,train_data/7d1a8c23977a4418a5c34ca618ef9cd9.jpg,0
8172,5088,48207,train_data/633fbaf8b8c1415583fa7a535f7e1938.jpg,0
8173,10823,59047,train_data/0a9ba0378a154317a60676e58fbca130.jpg,0
8174,6649,79367,train_data/9790f32dcadd4cca89e9e4ac46a36f29.jpg,0
8175,14568,28763,train_data/7edf609b03484999aae6f50d8c5962e7.jpg,0
8176,19225,49637,train_data/2a16c894aabc417c85bb25369f67006f.jpg,0
8177,15498,51143,train_data/058d6e616d1143f6b36204d0491b1087.jpg,0
8178,12622,9844,train_data/e2589b25f0224ac1b268ede1641b4148.jpg,1
8179,1621,64275,train_data/0cc69ce574084684b6032d73406ac63f.jpg,0
8180,1202,1966,train_data/e5e4b780ddce4928ab1ff46b4ab6d83a.jpg,1
8181,13911,73940,train_data/e5b7e20b040448d08a6abe390bdcf37e.jpg,1
8182,9293,32484,train_data/cefcf0758c814eb080601886345abe56.jpg,1
8183,7207,40448,train_data/e2b5fd33e95b43a7a452d29d67ddf2bc.jpg,1
8184,19191,63847,train_data/b4bbdc29912b4e40874f078700a3c1ab.jpg,0
8185,8746,2840,train_data/cd7ff15d42324df2822731364eea70e4.jpg,1
8186,2477,58020,train_data/5e358da4092648c298730b63901c0a58.jpg,1
8187,482,68575,train_data/ac5ac6bec7d94d48957ceb06b5bd0123.jpg,0
8188,14410,59731,train_data/12458490822743b4b7f3b9d6f37907a9.jpg,0
8189,11953,49296,train_data/e34cbd2b9b0a4936bb0e931efabd8466.jpg,1
8190,17189,62162,train_data/b13bdd40c67648a2a6caf4e5a50028c7.jpg,1
8191,4558,70579,train_data/848903b2d5434e869490ee1d9677f724.jpg,0
8192,12343,75682,train_data/982119b4b76245338a359eb1572b9361.jpg,1
8193,7904,30250,train_data/6e94f6502912426783ff404ae7b0a439.jpg,1
8194,15832,72365,train_data/6893fc31375c47e0aa96949f646dfd60.jpg,0
8195,17177,59178,train_data/ecd95d194b0d4d9980301cbeeab5ce07.jpg,1
8196,8803,51654,train_data/cf78929133e94bbf96c29848872b32d4.jpg,1
8197,7039,24859,train_data/0fdaa9a3d92a4dfdb7d45846b93cf662.jpg,0
8198,9835,3344,train_data/e24ae80f79264d6f9783276d686156b6.jpg,1
8199,6021,56106,train_data/0c7fe51b5c9d4ca69fdf1a89dc39285c.jpg,1
8200,1126,2188,train_data/76d21be3cb844fe5a5e93776044b4278.jpg,1
8201,15001,62266,train_data/328c908dfd59422ba1013a068e02fa0a.jpg,1
8202,7308,39076,train_data/99733ee616d94c92a7eef27b38de7b5f.jpg,1
8203,19614,37883,train_data/fee8de3047b842b3931afee5ba2efa97.jpg,0
8204,6634,48145,train_data/a6e6ea29bac24da08fc2283b6228acb6.jpg,0
8205,9935,41007,train_data/c69e87d603fa4e2ab124b305b53f9087.jpg,0
8206,11558,49775,train_data/eba253baad6449478e0d610b79ec4054.jpg,0
8207,17899,46544,train_data/557567f00e21434eb9e581aa36d2773d.jpg,1
8208,1669,33068,train_data/4dcb7d173e7d4ad4bf326e7f5d8da262.jpg,1
8209,8454,30265,train_data/4f7f0e40f1bf405890f93223d845e5a3.jpg,0
8210,14035,23058,train_data/0e27814fe46a41d9b6c9ebf200b904d8.jpg,1
8211,8176,35532,train_data/e812f93c974a45fdb27dc23c9cb62663.jpg,1
8212,11571,51011,train_data/4d6350745ae94a55876dfc5904aa11f4.jpg,0
8213,18712,69089,train_data/5f24f3309a4048598f21ead565ca2b7b.jpg,0
8214,11596,35570,train_data/27cf0840b0384c758a0e4ac46bc0ae1a.jpg,1
8215,3898,38856,train_data/c9e3b33a61354511a604fd0d0cdcbbfb.jpg,1
8216,6744,11435,train_data/c784b7564e474449b46a5f6ab24f1ae5.jpg,0
8217,7919,29459,train_data/43b7cb3a76474602a6e00bb65d94f13b.jpg,0
8218,6156,47980,train_data/5a8d1464e4f346dbb41b4d779ea18f93.jpg,1
8219,3312,43993,train_data/4765a34ff50f43c8b5edff0676d27419.jpg,0
8220,479,7431,train_data/e94e111b16fe4880907f4f945e9e85d5.jpg,0
8221,1596,73355,train_data/f571cb1881594c95b90845e0ea2a7fb9.jpg,0
8222,14796,71348,train_data/627d9392688348ccb4eef2fdc84b0468.jpg,1
8223,10144,32706,train_data/9f2a8625244b401f9470e35d1eda85df.jpg,1
8224,10786,35899,train_data/e9b9c621343943d491b2bab8243754da.jpg,0
8225,5715,32965,train_data/da69c99d0473401385e8392fd139934c.jpg,0
8226,1786,11834,train_data/6b4bf4fa63424169bdffbacc5c91bc73.jpg,1
8227,17083,27356,train_data/a0477d2b89e24526839ae9405d06d1ae.jpg,1
8228,19780,60810,train_data/cca0a0727f07403d9eaabd410ebf8e8d.jpg,1
8229,17369,28519,train_data/0ea3b55ada5c4bc7af1c7e9d8c4a697c.jpg,0
8230,17726,17420,train_data/9f60ec157c3b46deb5060ac3d598850f.jpg,1
8231,13713,69117,train_data/9341ef5327e645588673f95ed63eb220.jpg,0
8232,8040,5775,train_data/52a2a41e085045e399e0612f74882201.jpg,0
8233,10907,72000,train_data/4656a09edc574efab5b3445bf1f8a67e.jpg,1
8234,883,15682,train_data/f2d134b7dfe24a2eae8d8e28c5c79bf9.jpg,1
8235,543,29674,train_data/443de94a4acd45e59e8e1722b0454273.jpg,1
8236,16675,9647,train_data/868abbb7cfa74379809f73475575ef88.jpg,0
8237,4919,78627,train_data/e9553e8ea2a745dca2174be1ea25775f.jpg,0
8238,18785,57337,train_data/28949f2cc08b4d14a25e11db8883946e.jpg,0
8239,1977,60879,train_data/fb566b2bcd5744d283c4813b9ad10a8a.jpg,0
8240,15675,53439,train_data/0028948a167e4d98b639af623719b3d8.jpg,0
8241,4457,76564,train_data/6726a4123d6648239807ad3adea14c1d.jpg,1
8242,9248,69738,train_data/424d9f6ee7e345148516861ea83dbba6.jpg,1
8243,2160,61136,train_data/e6cf96ad5b7f487abb92fd41675c98a0.jpg,1
8244,7820,53146,train_data/05ee43eeb58641a8ae136d686adfbbe2.jpg,1
8245,16296,19645,train_data/7c9f606f680e4ccea9f8a654b5557fde.jpg,0
8246,14913,71875,train_data/23b65e7966334fee960c87dffe5d31ac.jpg,0
8247,18573,29600,train_data/38c03e8a801b4d0890b5cb35704f7eaf.jpg,1
8248,5434,24781,train_data/a67d5919ea484b428ed564c782879798.jpg,0
8249,17655,54092,train_data/587184a7fe594b11b155ce6e5cffde4f.jpg,1
8250,10381,61057,train_data/14bd2b58554447e88eee98ff9429107f.jpg,0
8251,17161,77133,train_data/b9d9e73fa71443cfbb24da6576a7a248.jpg,0
8252,510,1185,train_data/03b1d3b1981c4097838c6dc967434e18.jpg,0
8253,13181,48177,train_data/05dd510c390b4807815e3e74c947b803.jpg,0
8254,8194,52436,train_data/11f127b4397c453ba322a5182a592f2e.jpg,1
8255,839,36170,train_data/4ef0da445d1c49f8813b8e343b45bbad.jpg,1
8256,19547,54648,train_data/1a4d0ca45c1e4e37a7ad8791eef7d338.jpg,1
8257,17199,36811,train_data/2ed72ad94a7e46ea889447c31269b708.jpg,0
8258,12510,64135,train_data/4878e366939c4ffab9077046fd4574c2.jpg,0
8259,4839,40137,train_data/2a9c81ee04f04199b068c9bc8ee132a3.jpg,0
8260,4889,68942,train_data/2bb072fcd3ae4f99bd5987ee5b343e06.jpg,1
8261,17218,29463,train_data/39dce39cdb67412ea14e3e96ad3b59c9.jpg,0
8262,762,50580,train_data/a597244695f54cee9712cdf150faff13.jpg,1
8263,19754,44793,train_data/5865ee7f5ae644b5970d88b882775369.jpg,0
8264,16269,20670,train_data/329ae64401314c07a2f544734e9e4064.jpg,1
8265,4840,8782,train_data/cae5ce95d45d4f37bebd0376d45fc866.jpg,1
8266,8348,13579,train_data/0c20f350b8774e1984570a0eb4db8973.jpg,0
8267,7076,45384,train_data/1eec86ec350f49f39a468f6e40ffcc54.jpg,1
8268,1142,64719,train_data/e5b38faa8eb34c67ab87253c522b10b7.jpg,0
8269,6189,29971,train_data/5eb242d991b745a8b7553200372f5869.jpg,0
8270,14219,1463,train_data/c6362470086449c29ec05ff7ddce3d39.jpg,0
8271,15841,39750,train_data/bdf168a47b8f49f4b3c05e04bfbb3494.jpg,1
8272,5461,30096,train_data/368f072f781b431d926b265060653efe.jpg,1
8273,11936,73338,train_data/f2b9faccbf80416694276f1e63b8e661.jpg,1
8274,5156,20980,train_data/5df73744d5864570ba8272b07e39317a.jpg,1
8275,1801,33807,train_data/e656668fdb274b16aaf5cfe522f80b3c.jpg,0
8276,4756,56206,train_data/79e671eb6f944b6bb3c34ee98e83bf68.jpg,1
8277,9049,18139,train_data/6ad2610233124f079e843e6ecf0e73f0.jpg,0
8278,11006,40334,train_data/dd08f12e0f4240fda2f08624b6626952.jpg,1
8279,10924,45967,train_data/8e4002f49cbb412da0c68606163fffb8.jpg,0
8280,530,43295,train_data/2eb003d3797249289ad0b4ba9f24577d.jpg,0
8281,1919,78815,train_data/337f9df3ca984ecdb524e5101a6f8e06.jpg,0
8282,15143,58718,train_data/067a24d0896640a79e29d1a5b292f5d4.jpg,1
8283,18043,65213,train_data/512ae670a6c84267a68379b44f7c6fe9.jpg,0
8284,17382,43076,train_data/4ebf0700d20b4205a3de93b5edc1f56d.jpg,1
8285,10461,19838,train_data/51d46918bea74188bdf1f923f4b6285a.jpg,1
8286,1949,39226,train_data/f5e164bae15c415f8b30dc5b2aa67232.jpg,1
8287,19044,32824,train_data/b1053c82c5bd4a98b5002e0d734b1134.jpg,1
8288,16996,36070,train_data/83b54159de834b1bb4d78ee4dc34de0d.jpg,1
8289,10946,26262,train_data/c275c41ffe7d4604872130415f7a7d26.jpg,1
8290,18610,26136,train_data/ede3e41818ea45c88751cd2d26576dbc.jpg,1
8291,18059,70772,train_data/1470e4a57b334b3787e1eac838acb7ee.jpg,1
8292,12073,66614,train_data/6d296afc95b94afb8f6967c2f913ee7d.jpg,1
8293,19716,42622,train_data/f1eae43411394f29ac14cc5e8dee80cb.jpg,1
8294,18340,13826,train_data/798104d69f114d33afb4453dcd60574f.jpg,1
8295,6341,17449,train_data/48a6f30037544877acbe35595b5314a2.jpg,0
8296,14303,66689,train_data/db5ba1bf2bd24808a802d3154aa43bb0.jpg,0
8297,18211,36562,train_data/d5e8d18c4c7d46e8a1cc70772f2250e1.jpg,1
8298,10149,33778,train_data/03a6b095ff2742a89d966f58e68e1bc9.jpg,1
8299,7894,44371,train_data/b1af87f072e643be876160a39aaec08b.jpg,0
8300,1903,1253,train_data/0bc31bc0fbf148498ca89188a20239c3.jpg,0
8301,15886,70380,train_data/d2ff871d69e64bbc984cb63a245deb84.jpg,1
8302,6679,29599,train_data/8e2fa2067d644aac9b36073472f71d59.jpg,0
8303,9816,40446,train_data/4087342ec83a46b58a09d3775095537b.jpg,1
8304,16918,6860,train_data/9b4ff822ab34427d87003f1722e0c76a.jpg,1
8305,1183,27900,train_data/fb9e4f4216b549ae96cfdde5d9906f25.jpg,1
8306,3060,22387,train_data/a867ef3993c44dc7b3e38182881610b5.jpg,0
8307,3859,1413,train_data/90230eeb43f54f2c944f204311001e66.jpg,0
8308,18304,76157,train_data/c954c6610604497997b621dadd38003b.jpg,0
8309,13167,69500,train_data/bd5ef2ba95604fb4911d9ae6f5c4d17f.jpg,1
8310,288,61924,train_data/1502e47fc1624022a943f411862ade27.jpg,1
8311,582,20182,train_data/6a42c89519144f45a4a350aa0ba0037d.jpg,1
8312,4687,33494,train_data/b697be8945fc41a984985269f19210d6.jpg,1
8313,3270,56366,train_data/94203879e10244ce97b9501dd7832586.jpg,1
8314,7035,27259,train_data/d2688a5a41bd4b2099837a0f11b74917.jpg,0
8315,8931,8093,train_data/603794f375054b349a6dfbc56171c3bf.jpg,0
8316,3879,17539,train_data/fcdcca02c12c42eba936ed4426f26fdd.jpg,0
8317,9468,54590,train_data/04ea83ea852c464ea1cc91a2d1243baa.jpg,1
8318,2180,15462,train_data/13601e5dbe05471eb2cb1bdcaa7ac545.jpg,1
8319,12495,6426,train_data/57d684172e2543e88adb909270f4ea0c.jpg,1
8320,7623,37733,train_data/053abb1cfc7b4252a366ea4d8ecabb2e.jpg,0
8321,9564,14441,train_data/4c8588dc331c4e27a2fd2c90b45f19b7.jpg,0
8322,16795,6134,train_data/c9a2142f699f417d9ccd53d1b69469f0.jpg,1
8323,18294,57151,train_data/9a715cc83fd84cae8a41d385541e29d2.jpg,0
8324,11564,32782,train_data/b28b1b0a809d4ea19409176db1ba59b1.jpg,1
8325,10968,46552,train_data/a5b403c2f52f4f91b4b9d08f433ef24f.jpg,1
8326,9547,21332,train_data/29f935594f4b440488a430fc3e232a2e.jpg,1
8327,15618,45934,train_data/503759b6389243c7a8b14cd7c345ac54.jpg,1
8328,14550,3615,train_data/9a01f19db3364f7688c483a7ce36ded8.jpg,0
8329,6201,43694,train_data/cf71e08942ec40d69fa0ea392ea4446a.jpg,1
8330,16539,44841,train_data/f2c9cff215f34d7cb44cba4b18f9b3b1.jpg,0
8331,11866,29732,train_data/368dbcc19615430091464380619a30bd.jpg,1
8332,7635,71957,train_data/0c1d44b5e5714ad19c4a0134fd62a6eb.jpg,0
8333,11176,64489,train_data/da5cd2456a6c457eaa30cd4ba9519b1c.jpg,0
8334,10156,39165,train_data/0d8aafca7f8648089171c512c3b5a0bf.jpg,0
8335,11076,49154,train_data/1611336a3d0e405c84be4f484bdddad2.jpg,1
8336,19729,52742,train_data/cb18c007b63a47a3a9c9cfcf19854276.jpg,1
8337,185,4230,train_data/e92abe7b87f0449db013d61564c2fe49.jpg,1
8338,13993,37379,train_data/5b0618ec5a3f4d8a8f048ced03a3d6a1.jpg,0
8339,18455,15230,train_data/7075745f5bc142f380d54191f703e46b.jpg,1
8340,4062,23635,train_data/33defa1fd0724eb6b1dfc933430f8e54.jpg,0
8341,18909,3713,train_data/0bdd3ed4e2c14b0fb7b18248c0c45b47.jpg,0
8342,1415,56137,train_data/a78f94a241384bc584477902d90b2ece.jpg,0
8343,19050,40296,train_data/1c4db0b3a06747e297418adbf970801a.jpg,1
8344,8639,61623,train_data/87aeefb5ee444dacac447a87df42e597.jpg,0
8345,14658,73367,train_data/22a57aa04ca54288a3df1b10f4a2f6ec.jpg,0
8346,9880,63635,train_data/52f590c663b74df28d821790d57aae22.jpg,0
8347,8977,44654,train_data/ac7692f5b41a4bcaae5357a70c3cda01.jpg,1
8348,8886,56838,train_data/73c4262810e6474db432bb8cf6057d50.jpg,1
8349,13881,41809,train_data/8bfcbf9e61624ef28d7f0b3dcce53a45.jpg,0
8350,13932,25889,train_data/cffd4c5b066f43bc9b695f33615b1fac.jpg,0
8351,11734,50353,train_data/c4caeb25c7f54277b265689debd6bcd6.jpg,0
8352,13248,79805,train_data/9eed27b51a28443a8e6e97b32f074ddd.jpg,0
8353,18600,56099,train_data/869a84fd05d84ad7af20a8ce68042436.jpg,0
8354,16937,34586,train_data/120f9dc444de4aa08c59e57eab1cc9eb.jpg,1
8355,6630,25684,train_data/4b3993a476d449cfb808e5cfe372cd8d.jpg,1
8356,7380,72260,train_data/a34ab432bf724b3c85cd151cf5db5600.jpg,1
8357,10108,1997,train_data/a2fc41c86124409cab14ca4262af1654.jpg,0
8358,9946,14824,train_data/2bc4655c8b614101bff06ce9d1d86361.jpg,1
8359,2952,53799,train_data/96e8a16b67234ab1a396e91b87f9e226.jpg,0
8360,12139,73110,train_data/48893584a1244cfe968c1421b2c28205.jpg,1
8361,11299,54928,train_data/18133b30b1c144a2ade377ca1342ce59.jpg,1
8362,6805,29834,train_data/69b7dad94eea4b2491f6968f815a272e.jpg,1
8363,8866,2386,train_data/b80f1f82b17e47bd9640c0516736ea23.jpg,1
8364,2205,41440,train_data/20ec841e6fb7480faeee6f4994552d11.jpg,1
8365,17098,10788,train_data/2e20b66d9f6c407bae13177d59a04ecd.jpg,1
8366,11647,20091,train_data/7284ef6f88b44ffcb94a291d827a70c0.jpg,0
8367,19967,54314,train_data/e8415e8ab33a40f8a89ea6bad7752a5e.jpg,1
8368,2456,42152,train_data/51c536adbfe44777aafe3e17d1297d89.jpg,1
8369,6096,15520,train_data/8fddd532db5246beb856fceb37aae935.jpg,1
8370,16634,45547,train_data/b39fe93951ed4ee6bd38463092b27596.jpg,0
8371,17184,6159,train_data/a18548eca6f943cfa15ce59c499d4538.jpg,0
8372,7475,62220,train_data/3b9992c5ebb9404caa2044de8deccaad.jpg,1
8373,2552,41933,train_data/96ae641c024c472083de7ac86c1adae2.jpg,0
8374,6975,39603,train_data/45adad0627aa4579a182ebe2565df24a.jpg,0
8375,1665,41739,train_data/a73226a1f7514013992ef9d2bc83795c.jpg,0
8376,3837,57621,train_data/f0ac15e23d1d442295f80a79ac04b5e2.jpg,0
8377,17845,2688,train_data/3e288d75c27148919f8ad01106f9b0fc.jpg,1
8378,2582,16050,train_data/f7292903af03453f94de1b66d3933b80.jpg,1
8379,802,26963,train_data/46692be7cee8405b87e3e876556b04de.jpg,0
8380,15280,61328,train_data/2b900b3c30c9431ebd70faeeffb3e6bb.jpg,1
8381,12058,63727,train_data/8fe079d2a7974f988904178313bb06d0.jpg,0
8382,12970,821,train_data/554729bfd22d4f39accfc440a719231f.jpg,0
8383,7963,24540,train_data/2b67c44aae6644359b8a13d3b61ab188.jpg,1
8384,1811,73226,train_data/9bb5153da0464e8d8cd78c5655975792.jpg,1
8385,16764,26229,train_data/a98eb858cefc4ceaa1ec995c08266c50.jpg,0
8386,3527,57726,train_data/828fb88e4b854aec977c4ec3b7248ebd.jpg,1
8387,4295,34596,train_data/bcf037a0f0e1494badc0104bdf158162.jpg,1
8388,602,33134,train_data/037dfa737a2f4aa9ba1bc326ecdae50a.jpg,1
8389,10104,34135,train_data/bfc9f519698248f7891678240fc70955.jpg,0
8390,12176,5365,train_data/7bb71a08ea6349db984abc8fa5430ad1.jpg,0
8391,8642,65433,train_data/f2a775bb0eb44977a8fdea37e2f9a029.jpg,0
8392,5040,74924,train_data/38036e23de94464899bc30df698caf2f.jpg,1
8393,13573,47275,train_data/a46e3c0590d249998d82e6a8845b53f5.jpg,0
8394,3275,44807,train_data/7aa821e05d2549d7a974920c1345cb5a.jpg,0
8395,1760,43320,train_data/a286a38cac0840e8a3b37d23c1258693.jpg,1
8396,18997,18028,train_data/96be2074d52e402a934ffcebf94d1610.jpg,1
8397,9755,13469,train_data/6b9067ae1fd948c19101e57f9df61d91.jpg,0
8398,10678,47399,train_data/5acb0524b98e412d9a4c1efa655af553.jpg,0
8399,15625,47040,train_data/b4b53cef10d34764995155b41f6e54dd.jpg,1
8400,11139,35457,train_data/1a29afd68e1d40239afd861d939d0280.jpg,0
8401,19748,52103,train_data/4e29a621750145649406b1c5855f3e90.jpg,0
8402,9781,73366,train_data/6aaf6f1f0830423f99b364a1577e39c0.jpg,1
8403,18362,70108,train_data/1d29d1ede8204758b20a5c40b731e4e3.jpg,1
8404,43,39631,train_data/3c999b7932e74f2ba00e6ba4577e90da.jpg,0
8405,8679,63204,train_data/313f46f8b4fe4421971032dd6e57d9f8.jpg,1
8406,4969,68804,train_data/5ac39b8194444e9fb529f3c25a12e2ad.jpg,1
8407,19618,36196,train_data/8cc5293f1a0c40368720b83062c73240.jpg,1
8408,13688,39525,train_data/a6b76ac415f04b3c9ec368ef095b2cca.jpg,0
8409,18954,7106,train_data/d4230008b207427e8271024a237ab61b.jpg,1
8410,14841,19019,train_data/c82dc39b660e42dbb72b7cb339982676.jpg,0
8411,17470,49499,train_data/3338bdea17ac4fe7bce21dd2c7a0a374.jpg,0
8412,874,77172,train_data/67c5b8b3f2664a56a1488539f5da57f4.jpg,1
8413,6877,75438,train_data/4323771717f04abda537a61cdfc8d68e.jpg,1
8414,16868,44432,train_data/c8a1bab6b1694ce0b473b6fa61f9a0af.jpg,1
8415,1626,66072,train_data/6fa24253f1154d4198cdb9b99dcc3489.jpg,1
8416,8786,30402,train_data/16137bb23ff24c2c969166ed2645c232.jpg,1
8417,9070,8385,train_data/968788343c5c4413ba153191cbae333d.jpg,0
8418,2280,37983,train_data/9658616c5fa64beab609eca87ef29aad.jpg,0
8419,15276,56874,train_data/0a0f1c547dd147b3840a51ca85152891.jpg,1
8420,979,21212,train_data/25d29d9434dd49798d96a1b0fc753b19.jpg,1
8421,15764,48644,train_data/c269f804668a4d2d88d5fcb5949ab087.jpg,1
8422,3819,58774,train_data/805d7d08163f40e3ab1b678878a22b66.jpg,1
8423,19500,20218,train_data/80851f4d44584394b11c8dac2c0c2e7f.jpg,1
8424,17181,55707,train_data/ed11dce4f0544d6ab9646020abf6f2a2.jpg,0
8425,16349,51781,train_data/7547d3f28979468ba43e1213dadadce0.jpg,0
8426,1179,15276,train_data/d58b2888731344178c56ed4eb754411c.jpg,1
8427,1018,50923,train_data/854f5e0d993342239c1198281ba1ec5f.jpg,0
8428,2955,20941,train_data/f4481717175a43fa99e1f3b5d9549f08.jpg,0
8429,14406,21475,train_data/bfd821bf50574522a4d9c369e4ba3d81.jpg,0
8430,18838,30240,train_data/76d7ed43bf7843eb83a6e5885bc29e8e.jpg,1
8431,13494,33584,train_data/f5565ec5ad55453881b44618ad64ec6d.jpg,1
8432,2400,43940,train_data/f35f2d8665454f8486eded38c42ffec9.jpg,1
8433,6945,66183,train_data/93ebae4ca4634382a77c40e0f8cb5e1b.jpg,0
8434,4646,47696,train_data/6817b8e3608a4c9bbd09c055e3de2671.jpg,1
8435,12131,20668,train_data/14659aa6f45342d6a2e38879f403d53e.jpg,1
8436,14861,41826,train_data/d9f7df37dab540c18765bd6f836543ca.jpg,1
8437,13033,65361,train_data/b183611576984ef1a0e036557e302bfa.jpg,0
8438,5425,70989,train_data/38a85c9b4fa1403fa1886c759194376e.jpg,0
8439,949,17030,train_data/d2e4983d15b64854b183a57c5962b9e3.jpg,1
8440,15718,72111,train_data/9423e8f11151427daf40de34072d2ada.jpg,0
8441,11285,51911,train_data/3ca26e27530f48f5aa71afba78982c93.jpg,0
8442,5674,26743,train_data/bdd9af2568024047b9705ab40e07a4b4.jpg,0
8443,10205,57523,train_data/9436fe54f46c4c2385f1279ac3e2947c.jpg,0
8444,8509,57486,train_data/6cd3d3a7d87f418c8c59c2d70762a2e1.jpg,1
8445,5604,8959,train_data/db6760f44553478c9dadd6cf8c75191a.jpg,0
8446,16792,54890,train_data/319880e623934591b814fe4d09fd83b6.jpg,1
8447,321,6468,train_data/82dacdc3162348bea3a115ff54493a91.jpg,1
8448,17193,28856,train_data/d502efc539764317b4b38c4ac0a2d1af.jpg,1
8449,16717,16716,train_data/55347e64799c4eaeb945b952dac6f600.jpg,1
8450,8217,65379,train_data/3db623b695c94627929a7774093ed174.jpg,0
8451,11807,21764,train_data/cbc18ceccc664e4bba062d5737a5be43.jpg,1
8452,16593,32507,train_data/dde5eef8fa654c809cedf77a8e250c94.jpg,0
8453,16192,15482,train_data/5e745d59943d44568c85d035902ba40f.jpg,1
8454,7254,58766,train_data/7ad2a6316a40470a906570a4c610ada4.jpg,1
8455,10670,68012,train_data/e5fff8d2e29748f884154170373aca60.jpg,1
8456,4359,5567,train_data/3b5368f1e0dc45b2bec9a9ffca64a7c0.jpg,0
8457,17524,42677,train_data/934376445c5f49d39f2073b1c71d76f3.jpg,0
8458,948,25635,train_data/1bda5192234f47b197dc61a5b17d36b9.jpg,0
8459,8610,1682,train_data/9c5aa8dc232e4536a3e58859a1080741.jpg,1
8460,11376,53612,train_data/c11660e73a42447dabaf9aa6d7e16f4a.jpg,1
8461,14094,42480,train_data/21e8fa6718f844298990661614ac458e.jpg,1
8462,14274,41692,train_data/9b241bb63ad74c3ba8b4e8d4ee7d04a3.jpg,1
8463,5228,26463,train_data/cb97c3cd1e7f472c929f00d06a36d48e.jpg,0
8464,10459,14733,train_data/cd8ed7cfef2e4e859e705996b54a6b32.jpg,0
8465,8851,28126,train_data/91fffe38467649fda37a8de02b872a30.jpg,1
8466,4227,79869,train_data/88f8f39e390148fcbaa8185edbd3d922.jpg,0
8467,10511,22142,train_data/360594bb9fed47ee8700b9bb13ef2455.jpg,1
8468,19688,35266,train_data/cce859a1b6d84b29b27f0d04c47e0828.jpg,1
8469,11792,14051,train_data/f2cfb1730d824c6c8168dd5107931653.jpg,0
8470,11827,14398,train_data/ad5e5fce7b7c4f8c8de645f053f7304c.jpg,1
8471,15502,26594,train_data/37ad8d7c61cd47f2b4b1b3de796fcfbe.jpg,1
8472,19854,62536,train_data/7ebe946c0fa3400a8aadf1949a9b17e7.jpg,1
8473,6393,17583,train_data/784270036a834012997b5f3ac454958d.jpg,0
8474,5120,46047,train_data/dc9bef99085f4ea5853241dcd8c442b0.jpg,0
8475,19144,23585,train_data/b6958442cd684676acce79d5db3725cc.jpg,0
8476,11048,39045,train_data/fcc353fa1ee9480a8d9b957b0b9692e0.jpg,0
8477,5239,79871,train_data/89958673958b4f98995f97e509edf3ce.jpg,0
8478,8289,49569,train_data/bd5220776c164ae2969343eebf7b073b.jpg,0
8479,15389,33729,train_data/66d97b8ae2084d259b809f709b3556ca.jpg,0
8480,17840,37239,train_data/63583621a12d4e439ac4fab818843d1e.jpg,0
8481,7391,22208,train_data/fcd153a2681343cda79b9bb72968d4a3.jpg,1
8482,11244,30307,train_data/08dcf8b7375c4165ac6e532392c9b344.jpg,0
8483,110,40027,train_data/0bd510027550476194105518689d437a.jpg,0
8484,9851,27053,train_data/5c371eb60d944e43be2926295c9ca335.jpg,0
8485,11876,7678,train_data/24e0dd41cb024273b728001a6efadc85.jpg,1
8486,4077,24113,train_data/285d2e93a9854b649891355f9476cf7d.jpg,0
8487,12783,68774,train_data/94945f5a459740c09e0ac60ee663c719.jpg,1
8488,10569,36204,train_data/9588ccd540344447b72835b5fde672a9.jpg,1
8489,6560,51460,train_data/07a266528e6c4acbb0ef9ee46338beae.jpg,1
8490,8668,19730,train_data/6edcf7f63bcb4cdb8eb33f81bb0ec730.jpg,1
8491,11453,15497,train_data/feae761432b74f85a0af06205dcd6658.jpg,0
8492,8437,40500,train_data/842513ace2324324ba22aafbec284a69.jpg,1
8493,5063,42857,train_data/cb93c727ac794676b6afd6e49f567a1d.jpg,0
8494,12041,56591,train_data/92b7e1dbba2f44c295765d7bd6e2a81c.jpg,0
8495,95,53063,train_data/d06601433b26481785dffa42a9b73786.jpg,0
8496,14974,65672,train_data/b482b0e17b654c618f574ef31dc5f71f.jpg,1
8497,8607,32375,train_data/f4425379fc4c419b98d0d09154a4accc.jpg,0
8498,2611,8966,train_data/619f8eabb32549a49f87f7c223fcf6aa.jpg,1
8499,14383,57490,train_data/2677b8bbe7cf4398bbcd813801efbfdf.jpg,1
8500,13850,6592,train_data/fe1a22607be4424a8309a61c5df826a3.jpg,1
8501,10843,18572,train_data/111ebd6e3a954ae0b53d6a92b926176c.jpg,1
8502,16139,62288,train_data/85df2182b0ad46478b77ea46096ac940.jpg,1
8503,11959,16730,train_data/5748508ee3904375b428966ca63553ba.jpg,1
8504,5703,52217,train_data/624b2017d10a4417920dee49b90c7170.jpg,0
8505,16686,28761,train_data/023e65d2443746f3a5c1b249f4c03152.jpg,0
8506,16324,35020,train_data/2e0c8993dbc64d068f42ff6647f34b47.jpg,1
8507,17076,4976,train_data/f31ca0ac8d9f45fdbecf6f9e3c88c2ac.jpg,1
8508,10952,77150,train_data/714c6af2183e4009b62ee3c4064ba78d.jpg,1
8509,6742,12814,train_data/6cfdd2ea210a4138ae00a0b403fb6e23.jpg,1
8510,15145,65915,train_data/19e0122b4d8a4aeea2a48e351bd217ba.jpg,0
8511,4791,8935,train_data/dd83c6dbd821453b9909adcfaa8776cd.jpg,0
8512,12938,10571,train_data/0806edd5270049ffa52379c5a213ca3e.jpg,0
8513,8085,60620,train_data/c75b6941f48043d0915205ec9a7d0b36.jpg,1
8514,319,75554,train_data/1f68d9e9a2f4421682739ac00d4199f0.jpg,1
8515,15880,1944,train_data/3766290ff82841dfb708b3ea5627bf3d.jpg,1
8516,8517,30053,train_data/9ce4943034764c239d02ea56525c45ac.jpg,0
8517,5913,31263,train_data/249de4dcfa6449d1b18fce09c435170a.jpg,0
8518,5614,30912,train_data/b65f7b7f8eb34d75bbfe645afbb25e1b.jpg,1
8519,10663,19160,train_data/b9a943da82034997b2ff100ab7602224.jpg,1
8520,5493,17203,train_data/501b1b6af885446d9e6832b78e2eaea7.jpg,0
8521,13856,65174,train_data/b30cddaada724bdcbc7a1ddff2429f0e.jpg,1
8522,330,48507,train_data/0472265c2e1d49c5a282b145dc8b4d4c.jpg,0
8523,3116,17526,train_data/87108cf2023b49f1a0d5cfd5ad801b3e.jpg,1
8524,9389,58501,train_data/45b223fd7c234619b7ea237cdd37b46b.jpg,0
8525,3331,49301,train_data/93866a24823245e388c5210712a49176.jpg,0
8526,613,44506,train_data/274934d6c903458abcfeb451c5bf64fd.jpg,1
8527,15774,6972,train_data/802552a6cbdc4776a9f903a99b1cd0a8.jpg,1
8528,19468,20738,train_data/729f2e71e7404c64a1bbedddb15110a0.jpg,1
8529,14040,71197,train_data/371de2229e4c4d109c8dc347f55de276.jpg,0
8530,13845,21484,train_data/ac7d6253e5c541329fb46746ce5b16e4.jpg,1
8531,6158,78785,train_data/5306b81651384f46ab7ab86143bffcbf.jpg,0
8532,9870,11941,train_data/81ee42154c21416587a6864b206b3c46.jpg,0
8533,15564,75624,train_data/c4e2295a67874b6aae92b0e1a5ac75ca.jpg,1
8534,16078,65046,train_data/28147672c7db40e386802c41054bd820.jpg,1
8535,9509,41449,train_data/031ae78e1097421e965f1caf4a8cd8b9.jpg,0
8536,9805,17402,train_data/13d15e4830d448ee98258a0772d08d56.jpg,1
8537,18550,3660,train_data/c2aa08987b434b4583bf9d4d55a3cee9.jpg,1
8538,14574,42211,train_data/12576a38d8a9440988aa27502591e1bc.jpg,0
8539,7496,67425,train_data/7c8a34c05df04677b2a0aa410bca7e56.jpg,0
8540,15971,32645,train_data/a85b024d499b4263a5585a596671940a.jpg,0
8541,3464,40255,train_data/44960f4dbed54da582f7c14171e697c8.jpg,0
8542,12416,25141,train_data/671b36247f794ae8976710c1d05b3dbb.jpg,0
8543,6900,34921,train_data/c048453d19984086b7074cf2d04fba70.jpg,0
8544,7874,35407,train_data/1a9e39ad799b476384f5d166d37bc55d.jpg,0
8545,6125,48257,train_data/f851be0d7a3541d4bc57e9e7979d1bd1.jpg,0
8546,1278,52261,train_data/1e926aee6d5b4670a144c829dddd501a.jpg,0
8547,19316,24006,train_data/f7d044918f1a462a8881c4bd9ec0854d.jpg,1
8548,9260,41361,train_data/a2aad2cf3e3b48eab21b2b626a13f2e4.jpg,0
8549,14413,43207,train_data/559dbd78afdd4f90b5a64d18df348013.jpg,0
8550,15571,19501,train_data/cee0b9b29c074bc6a253312321e01135.jpg,0
8551,6057,22764,train_data/c459cee592074d81934cc28a54265273.jpg,1
8552,14419,8464,train_data/1d0034980d4b453fa3907e7fb4c58c5b.jpg,1
8553,12376,63407,train_data/169652b5cbf64eefb14341d5a0a5f335.jpg,0
8554,7018,26915,train_data/6d8f0edc024b42208dac5430c30ca98b.jpg,0
8555,5688,71717,train_data/0f5e0d9266814338a8277a5e67bdb2ec.jpg,0
8556,8932,16100,train_data/0647a47535f84ef094a43166a05e4781.jpg,1
8557,51,75552,train_data/6efa1f712c6b4330a5a8d06a82312780.jpg,1
8558,8500,75122,train_data/47664f71da2e498dbb269bf2243210c2.jpg,1
8559,92,8783,train_data/8c7795963f2a49999b8ff8f9892ee374.jpg,0
8560,8218,69525,train_data/edafb5e179b94fc789d9287edc4c0af7.jpg,0
8561,16206,79856,train_data/6749a41e9e9d47988f850dd8ecb89ec1.jpg,1
8562,4329,7340,train_data/07c0694bbb684ba1933ae7e6b2732ed5.jpg,1
8563,9025,79035,train_data/0d005b9650694418abcb8d578f7a4d84.jpg,0
8564,8614,68197,train_data/4247d3c006134f1bbad17303a9e78164.jpg,0
8565,19039,36290,train_data/bb307fa8bffa457a8e7c28d53c1b3eb0.jpg,1
8566,7444,24096,train_data/74331196687049d38bf1285670d3a0fa.jpg,1
8567,12898,16869,train_data/2f65278450f74b0b8991fac78c207395.jpg,0
8568,8554,6404,train_data/ea6819ded50e43fe8aba6ac4eb99ef66.jpg,1
8569,17562,22417,train_data/d90fc6c6309b448d8ffe9339e0e95307.jpg,0
8570,13036,14042,train_data/5e556f1b384844bba3014542339a29ea.jpg,1
8571,5340,11666,train_data/4e5b6871f95c45c08a57ea9cf1dca0a8.jpg,1
8572,13262,2307,train_data/3b3fd438414b4b11b52e94de60c804d7.jpg,0
8573,11330,59206,train_data/d144f6aaadcd4483849f4a07f4c66dfa.jpg,1
8574,7822,65556,train_data/82a348536bde4a3385a686573bb0e635.jpg,1
8575,7971,72472,train_data/3b8e9b384eb4470995779b769e7830a9.jpg,1
8576,3869,69764,train_data/586a04da520844a4b93c5d3c16f58835.jpg,1
8577,14894,31959,train_data/2d067103d0d84f8d9e8482ecd5ad8280.jpg,0
8578,9250,76604,train_data/01c42f1fa5a84f91a744cacfc46504dd.jpg,1
8579,2593,4510,train_data/8098d2dcf3744a6495054ba20b4296cd.jpg,1
8580,17362,68939,train_data/5488445169884f268b655bdf5d3d0f98.jpg,0
8581,12635,39488,train_data/969977029837404b81da869eae7a2925.jpg,1
8582,4526,71813,train_data/864e1a3e9aef4465a688c1704808b2a9.jpg,0
8583,8484,20376,train_data/fb407d5b97564744b52b8c535f4d7fe9.jpg,1
8584,17407,27286,train_data/746489cc64f84b269b13dce691d1ec69.jpg,1
8585,6050,88,train_data/052b35a453a1420b9cb11256ccb5c458.jpg,1
8586,8166,62044,train_data/56460596d13c448fa1376e58f770039c.jpg,1
8587,10811,60217,train_data/c3434ea78bf74e638cbc43de05b4ddbc.jpg,0
8588,6676,57978,train_data/7596851511c7479d8e1d7c77f7a3ed04.jpg,1
8589,10334,4469,train_data/50cb501eaca2426ca00405910719f3a9.jpg,0
8590,14464,69867,train_data/1f46f7d3ca1e47c48c589207d9f908bc.jpg,0
8591,7636,63510,train_data/1b0a135f68b8450c8c914e507a984f76.jpg,1
8592,16979,77112,train_data/2d221a5bb13d42b6aa5efcf438fc3f9d.jpg,1
8593,573,16231,train_data/355af844a77746e686239fabb0718fd5.jpg,0
8594,17569,13136,train_data/fb8d76d10fb24bf78f906231bbbef773.jpg,1
8595,6993,25900,train_data/096a32f0c8f547f49b1d48959ca26b6e.jpg,1
8596,5396,72436,train_data/e50b52db57d4489c90b8a0743fe2876e.jpg,1
8597,10010,4399,train_data/d2f17eb3e8ba4e34940a52d90418c5fd.jpg,0
8598,8726,74793,train_data/bbb70a2e438b4312bd05fac94501d23d.jpg,0
8599,5679,49139,train_data/77ea7b10b87d410db0db3af9ff5eef24.jpg,0
8600,68,7321,train_data/c0932e798d8c45a0b71fa43ac7f02496.jpg,0
8601,10421,48117,train_data/3b4e1165fffd46ae9be2c9de69dc12d1.jpg,0
8602,14315,51414,train_data/cb303a3ab5ff4fe68457f8a338c7b3dc.jpg,1
8603,4746,57610,train_data/830f8db700d94d58bb742ee535d683af.jpg,1
8604,17931,4348,train_data/1970fb78184545c4867446b66d04e15e.jpg,1
8605,14920,32829,train_data/da0e8f3420bd45f7ab6733ffa4fc74c8.jpg,0
8606,18472,48685,train_data/2e42fb4417224730b1dc5f9603032c02.jpg,0
8607,5691,68294,train_data/037e9839cd5246b287cadb49593b1092.jpg,1
8608,13382,3999,train_data/1ac29cfb37974cfa9b5b7f86d461ae18.jpg,0
8609,13280,32751,train_data/9102eb7609aa43bb9e721a4f2944380b.jpg,0
8610,10071,49433,train_data/a95687409ff5483cad97b9f467ab16dd.jpg,0
8611,11379,43922,train_data/0ecc403f83c54b4988af360e079dc12e.jpg,1
8612,4341,19440,train_data/755a34862f914e9588c03b905b961ca6.jpg,1
8613,3017,2935,train_data/1071a8a7d95d4e93ae83a100713a8a30.jpg,0
8614,10437,49124,train_data/1112be7fcc354c7c884d7a3469f966a6.jpg,1
8615,17677,45990,train_data/0b31628a374e4d5782f202d736c0ee66.jpg,1
8616,18796,53656,train_data/a87eb6177933494ca2ebd4ba10c9fd93.jpg,1
8617,12470,78030,train_data/58c609fb37e946d693c938befb65b4c5.jpg,1
8618,4075,48168,train_data/f13be7123f80407ab747f3aa3945ad7e.jpg,1
8619,17608,51515,train_data/daebe1b871d04b1fb240724638698c42.jpg,0
8620,14096,9774,train_data/bea9d16713f0409f8a2143e57523cf9c.jpg,1
8621,11802,74353,train_data/9f4e64d50fea45f49ce85edfceae9ca8.jpg,0
8622,14462,58898,train_data/e8933fb6bd1a413babce86fa69e613fd.jpg,1
8623,17283,16591,train_data/d45e2b9723ee453299607e12a808bbcb.jpg,0
8624,3495,13577,train_data/4538a4aa6d394002bdd40c4093c4ab1d.jpg,0
8625,15060,11540,train_data/502e0125e9af418b8a390a50c5af9c61.jpg,1
8626,17285,61031,train_data/1988f188ab354aaba94f82a385983bcc.jpg,0
8627,12396,59057,train_data/97e62c12a8734e5bbb2bcdb880da1973.jpg,0
8628,11681,32937,train_data/55d7b00b36184ca8a4bb2ec5d7733dee.jpg,0
8629,1485,1731,train_data/7a05793434ae48f6a052f9a39cff6291.jpg,0
8630,7652,7144,train_data/9c9f7f3755d04c889566b27c2287c33e.jpg,1
8631,13783,15602,train_data/10fdfc2934a9433a968cc02c3b01801e.jpg,1
8632,13866,72371,train_data/c2421e11c3d04b0c90a038be9e671181.jpg,0
8633,10559,70646,train_data/19d9682e3cf64fb7b8a004d929d60c60.jpg,1
8634,675,72162,train_data/739dca525674445da05ab8f086185fb6.jpg,1
8635,5134,5633,train_data/976005360b844a6b9067a65e9d9ea4d5.jpg,0
8636,23,23692,train_data/45c5b57ac13541de85c29a39eec3ada2.jpg,1
8637,18864,33671,train_data/a2add9ad43664689a3e097b3608de797.jpg,0
8638,12194,26010,train_data/b1aad6e0c1c74246a5c9637da309a4e7.jpg,1
8639,19527,37435,train_data/4a6cfee3e6384036b1621949d6be25a6.jpg,0
8640,16225,53598,train_data/7fd4b88e8a0540ff86601626d1b9e823.jpg,1
8641,2036,68242,train_data/47b64149da0646128de5b3880f0c5409.jpg,1
8642,3065,69494,train_data/33d13d79f1c943d4a66a914c4c584180.jpg,1
8643,9671,67857,train_data/7f082542193e4b8ba82a047525f35bbe.jpg,0
8644,6109,12640,train_data/a02c50840a10430a96ba1c6093673bf9.jpg,1
8645,14024,33950,train_data/fbf4c7a9fa044e53b5cd3b45b4869507.jpg,1
8646,7098,22762,train_data/878df05525644792b9ce94e50c271a93.jpg,1
8647,6375,11482,train_data/a37038bab28b48b99cd70b31663b5913.jpg,1
8648,16679,34302,train_data/539e0a42985b469cb03e2dcb8198a25b.jpg,1
8649,7980,59463,train_data/6b716f9a66e047ac9c3853a3877b7e68.jpg,0
8650,12054,78725,train_data/ca472cf3053f478795d1e4976c7a4fc8.jpg,0
8651,6927,8626,train_data/0f342ae9706145c4861e09e040f53d83.jpg,1
8652,1041,5619,train_data/1e4a8a5929cf4398900c86caf75a9485.jpg,0
8653,8715,36667,train_data/2bd6761855964d80957c88927d0e07ff.jpg,0
8654,18075,55191,train_data/05dba304ec9a4277b9b2c951eebd1cbc.jpg,0
8655,114,39152,train_data/670a6db61a21452aa897861f4753a12a.jpg,1
8656,6991,60389,train_data/08cd47c1f8884ffdb549d76f2e55b795.jpg,0
8657,4250,72016,train_data/c6add46da78944ba826be6f4f2ace808.jpg,1
8658,7550,68590,train_data/d9c859264099415b9d2716203de752df.jpg,1
8659,8422,78630,train_data/a0b0f35f71ac40839d9dea0676d484c8.jpg,1
8660,9511,12691,train_data/0403bc6ed8c34d6ebfc744cd51f76a3a.jpg,0
8661,16721,5517,train_data/06424ccf6cb04e8ba73baf8e06faec8f.jpg,0
8662,3853,26652,train_data/cf2a0bf7c558402389bff167fa0ce735.jpg,1
8663,5813,53425,train_data/8426572d5fec4eac8fd88a12a4d92db9.jpg,0
8664,17085,52367,train_data/42916c1f1dce43b7916e3dfeacd2193d.jpg,0
8665,18893,25833,train_data/0023be43cb29414ea7af56ed4bdf0cdb.jpg,0
8666,1758,53317,train_data/6fe9b584d5f241ba88ac71c719d5bbd8.jpg,0
8667,12953,12241,train_data/50c5773dbf124cab8558e50b509bb662.jpg,0
8668,7644,8277,train_data/22bb070bfea447ab87acee9400992c41.jpg,0
8669,3680,29935,train_data/36fa9030fd234ebf90243e1b5f3b9d91.jpg,0
8670,9995,11823,train_data/378d47fc3fe240ebb6bdd4bb821df69c.jpg,0
8671,17982,48771,train_data/32b5e91e3e424780aad5951735d7debf.jpg,0
8672,3598,37464,train_data/4408c1bbf2b441b2b4f0c88078c1eb7d.jpg,1
8673,13316,14729,train_data/bfcbff652cb945399811b5a5c82d9063.jpg,0
8674,7410,128,train_data/c620a5672fc94a65b1e120137acc8f2e.jpg,1
8675,9760,65217,train_data/4766efaa202e41238800da1a4ef874e3.jpg,0
8676,15171,79074,train_data/41fca4a581464070b84714e5305f9734.jpg,1
8677,6278,57226,train_data/233d28126d1c46baa988ae7d760c641b.jpg,1
8678,14516,9720,train_data/31d76285f141476ca61eda2fd9ace2be.jpg,1
8679,16441,21076,train_data/9b56ac8fbafd415cb8040543faa5f20f.jpg,1
8680,6319,65789,train_data/98306d1ee90847cd9661076904384aa4.jpg,0
8681,14479,20503,train_data/865fb17879614ef784d0418434093fc9.jpg,0
8682,12864,46031,train_data/b32124143aa94bc6aafd2619d91ce56a.jpg,0
8683,9352,51769,train_data/418a162e9a1d4aac83b56c1159e0e357.jpg,0
8684,1780,25894,train_data/f8dd449361364aa29c767b6e141a1bce.jpg,1
8685,9668,10365,train_data/54ef69df5df2434595c48fe2b51bdd3c.jpg,0
8686,13951,45877,train_data/e72e14e6ee984f5ca6b7614c30645cc9.jpg,0
8687,3822,2388,train_data/bcf418f228ac4ab283f993b4f630c15f.jpg,1
8688,14682,26846,train_data/7b9ce385f2b5411b99e446b085ba7181.jpg,1
8689,19000,42571,train_data/1ea9a111849445179fa23c2bf0bfb28b.jpg,0
8690,5837,56484,train_data/1d16b94b46134380b56fdee434e49fca.jpg,1
8691,12213,3071,train_data/4d46e79b24444e6db39dc34003f13ddb.jpg,0
8692,13661,67349,train_data/b99aed7f34ff4dcd883da9c873e75c85.jpg,0
8693,5044,32773,train_data/94d18e3717dd48dd8f4fe05ff4f5fe5b.jpg,0
8694,12523,66749,train_data/e2621cfda8974c77be0a68c4c9fabf48.jpg,0
8695,3838,5013,train_data/cd1b0722414240ef860df81d54f571c9.jpg,0
8696,6351,51296,train_data/d6cfb6c2738d4826b871d45aafc8edaf.jpg,1
8697,12950,67485,train_data/a569a5b8a4904bfaad952ac0d2da4f07.jpg,0
8698,14349,62549,train_data/1f39f5df0a834746a44c346a8a08c101.jpg,0
8699,16732,65924,train_data/638d52927dc24673aa37245b2b7ced49.jpg,1
8700,9868,13179,train_data/ac83a01c1e604e25a32a2001e4841a2f.jpg,0
8701,8986,26368,train_data/17f845fdc6524e0189a6e4e76463d74d.jpg,1
8702,15661,12484,train_data/394b20647a0f4e6492eafba9038eecb2.jpg,1
8703,7790,46276,train_data/6f7ae95f00ed46fe90a6b8c7ea8ce777.jpg,1
8704,10774,41351,train_data/1fffa25dad774e77b4e3cc6ae59b669a.jpg,0
8705,15192,32432,train_data/1088846972784adf8aafbdbb513dbe84.jpg,1
8706,12758,76985,train_data/7328d1b66ba94b5484ee5d1c8b6be526.jpg,0
8707,11243,22266,train_data/06bebe8bff624e989244269d6707904c.jpg,1
8708,17249,30563,train_data/a4d0a30dfa8b4f8f9cb1f669b916b7a3.jpg,0
8709,2984,78870,train_data/2c1c0c0f59f0451aac48e327924b19a0.jpg,1
8710,3279,79549,train_data/1f12818593a346b3a557c0f188bf190e.jpg,0
8711,2815,65076,train_data/ccb6d8ca68b944d58e0b419f7a2b7fbb.jpg,1
8712,2649,11270,train_data/34a572d490f140f09d5d53924678889f.jpg,1
8713,4923,54023,train_data/17cec0ab6d664c4dbf8634c5dd53f6d3.jpg,0
8714,12268,32489,train_data/f275ccb207634999ad1deaa94bd16bc6.jpg,0
8715,2347,23980,train_data/8c80bb58c9c44984aedf5930f1922b5e.jpg,1
8716,11832,46179,train_data/d06529a1dd3045179ac44265bbf2f3ed.jpg,0
8717,12612,2300,train_data/fe00584c4ce14b2eb3e88a9f376c080b.jpg,1
8718,19347,77550,train_data/69cc52208a024c239319113fce50763b.jpg,1
8719,6635,64958,train_data/bce8706968f74687a66f592dce7b1368.jpg,1
8720,6708,35125,train_data/429007e7879945058c9c75f532756b5b.jpg,0
8721,1414,10574,train_data/575907550e5340f691521bd5975fd52e.jpg,1
8722,14063,30456,train_data/4ff6beb361284004ab1ac629d38d39b5.jpg,1
8723,19465,32296,train_data/d4a1b3068fa644ae9c4d0737bde95706.jpg,1
8724,6157,68206,train_data/2627910c1d0b4a2b9305470bd1a76d9e.jpg,1
8725,3033,33422,train_data/42afefd5c37c4b19b5624cac4f272de0.jpg,1
8726,14628,4615,train_data/c77966c09d61424bb18f7c1277127765.jpg,0
8727,3628,43641,train_data/e5791a225907475492157b4d66dd5116.jpg,0
8728,17755,18871,train_data/eda18138c7854a5a9ef0e1b5fa6a55ac.jpg,0
8729,12916,58831,train_data/93e331dcbf024f97a4abdaa67764e133.jpg,0
8730,5556,41718,train_data/071460c6264f452ca925ec55ebdba69d.jpg,1
8731,1348,44685,train_data/affad886d4124c89ba6a8b9e56a6cd5b.jpg,0
8732,8495,53966,train_data/0b14f22037de429db6d66d191e45f04f.jpg,1
8733,7063,20799,train_data/5dd99b9693674c0180efcd19b1cc4a49.jpg,0
8734,18139,43141,train_data/a964a46d09654cad83625cf2ebc37a72.jpg,0
8735,5896,1169,train_data/cf24b97b947e4416ae4ecdc9e09af4f6.jpg,0
8736,8562,16229,train_data/3f3a528d48de40328a82e443702ff305.jpg,0
8737,1618,59487,train_data/abf2237f98f74cdebbd78648319212fd.jpg,0
8738,8471,60681,train_data/1b2a0f1358e744a48585b4dc6221b505.jpg,0
8739,7045,57846,train_data/612ba41eddcb4632ad95947b67fa49ba.jpg,1
8740,2924,79182,train_data/bf58ae8bf9e74ba18a953b1450c23791.jpg,1
8741,3206,76114,train_data/8d14d66936d74d7fb7d98ff4aacf8c70.jpg,1
8742,17618,68989,train_data/746350acd99c48fb942ca7c30a3973d2.jpg,0
8743,4274,17457,train_data/a66e66c59f1e4185b17e3a7c8c22ffde.jpg,0
8744,11420,57934,train_data/20dbf88f37034fceb821f5f0b4e4f015.jpg,1
8745,13293,63602,train_data/a7310bdfa5d54482b38cfa3a10d1f4ff.jpg,1
8746,18578,72452,train_data/2deef926d6ba42f9b44100992994dd69.jpg,1
8747,14053,15247,train_data/0d64665b756b4461b7223faab95b7db8.jpg,0
8748,1950,11201,train_data/973e002893014053a7af7f53f3c04f72.jpg,0
8749,4829,10268,train_data/799c36b65be94450902f09517e6d1c28.jpg,1
8750,14163,29387,train_data/a64b4bccf3684328895a2c2a8bb10a49.jpg,0
8751,12552,3609,train_data/98b7adc082d8467c90dcc8112ff2a879.jpg,0
8752,1068,78090,train_data/2fc72cba80c24261b061873d435f8f11.jpg,1
8753,3660,68944,train_data/ed624da47ff14eaf9df7bace638cd3d7.jpg,1
8754,11785,33949,train_data/bde5b940d9bb488e8e2699456e72abb7.jpg,0
8755,2470,10685,train_data/6093dd3e76be49f386d61e5e473c4569.jpg,0
8756,2274,50276,train_data/e65098d04c284fedbdad30f09ced1884.jpg,1
8757,1265,40759,train_data/fd742138a7ff42609c62a939d137992e.jpg,0
8758,17541,39378,train_data/5009c286ea5e41caaa0945367a4e7cad.jpg,1
8759,7864,61438,train_data/9b96df7eb41b49fc9cd9846e3e0c42f3.jpg,1
8760,17516,56579,train_data/4ba6a6201de84f27b443481816fd12e7.jpg,0
8761,3038,36000,train_data/acb83dfbe40948b499ab0e862d0ffa8e.jpg,1
8762,14615,65981,train_data/d2c48b0a36234e7f95c7abf704c80d24.jpg,0
8763,14224,44617,train_data/05684a4762384d7cacbf15c5b8721a1f.jpg,0
8764,14556,59536,train_data/a4a57e9d1b9d42bb88125bcf9ccd9852.jpg,1
8765,5032,47047,train_data/83cf0d802b0b494a82b378875bb06a9f.jpg,0
8766,18524,38497,train_data/175011a2a83e4029afaf010e56907c36.jpg,0
8767,347,5040,train_data/504a6318cf1247a4979d20759bfd7b3a.jpg,1
8768,2260,862,train_data/61a61234377c4e82a172fe2882b38805.jpg,1
8769,6277,39486,train_data/402000577c9144148de969bd8112e185.jpg,1
8770,15339,48213,train_data/22f1f3f3dc7846119590db7bb208c3c2.jpg,0
8771,7091,31399,train_data/a392a48d10e84761a6491e877b5ba673.jpg,0
8772,15697,12955,train_data/045ee1fc892044d2bc6bf5d365fcdbaf.jpg,0
8773,5880,54151,train_data/01e463b3548c44998e81dd76a373243c.jpg,0
8774,4952,5706,train_data/4c92f31348504ed4a194a9eebbee0818.jpg,1
8775,8762,72990,train_data/cd70647c9d304407aef684cb17fe3f45.jpg,1
8776,1477,77748,train_data/85867fb444c7458c9f988cae9c5e0381.jpg,1
8777,8372,39221,train_data/bac6eb0a923846fea71a9a83d356ced3.jpg,0
8778,11275,3506,train_data/91a1cbc6deee4a77a7282e2a6332d80e.jpg,1
8779,17331,31319,train_data/7b53956d3419476bbb386eaa03a5bcc8.jpg,0
8780,15073,79344,train_data/65ed833c1af44a14acda7ab1cf1cfd31.jpg,1
8781,7248,58839,train_data/9d254eeaecaf40dcb8dccab82353a8b8.jpg,0
8782,255,75578,train_data/493fe3c53bd3402094496fd9df446149.jpg,1
8783,7283,76455,train_data/5f20fe80f65740f8a55edc7a5d10f8e9.jpg,0
8784,14693,16885,train_data/5a912508af514eba8668c92dc108ef73.jpg,0
8785,4513,5977,train_data/43fbbf1f964543549e40f5c3c9061392.jpg,0
8786,107,32498,train_data/7e635ffb3cb7423d88885bedf5409948.jpg,1
8787,3717,71786,train_data/847a6f7c07ee41028b57c191b3e2e980.jpg,1
8788,6702,73875,train_data/bfe207034e8142bf88b433150f773af4.jpg,0
8789,416,78495,train_data/792724fa2f534e7a98a2ad805f50bb9e.jpg,0
8790,6516,50103,train_data/7d5131ef7a8a4383a692a42751d7eab0.jpg,0
8791,13330,62138,train_data/78d989f1716d442bb6b023b0a09d3823.jpg,1
8792,11068,38427,train_data/26e30b1d07e7488ba5bce42640601cd5.jpg,0
8793,10525,8610,train_data/94da7bed04c749bba4fca135f0296e80.jpg,1
8794,9153,39026,train_data/adebbddc22be4c11b85b781a93650bc0.jpg,1
8795,9942,48163,train_data/63650c7f82af450ab661b3f56819761f.jpg,0
8796,15922,4313,train_data/618acc3eadfe473f971ab1aaee951595.jpg,0
8797,14509,72176,train_data/7047d3f983c1432e9eafad7dd4d89199.jpg,1
8798,4606,56220,train_data/fabf15c71b634bfaa32002cf622d9656.jpg,1
8799,16700,68374,train_data/32445348fdcd497c923b172d08563651.jpg,1
8800,18450,49134,train_data/8353057d3df442749f14fd4ac140ca23.jpg,1
8801,1900,24173,train_data/dd77e1def4314066ab0c751efaaa7def.jpg,0
8802,7565,48613,train_data/5842b5d3f4a24af5bc40282d431db327.jpg,0
8803,19080,56085,train_data/33ec3f14590a4e9e88c7d7837c665df1.jpg,0
8804,39,18596,train_data/16bbb531aa1f494f847ed4664eba8289.jpg,1
8805,13165,50332,train_data/c62ce716b7c84b9e80523a411a784705.jpg,1
8806,10347,7727,train_data/7519ddae9be34b01b7777c4646a9a404.jpg,0
8807,14187,49406,train_data/bc69259dc61840bdb0d462c64d150da2.jpg,1
8808,2980,47444,train_data/029c84cfb5d6476aab8beea79209afce.jpg,1
8809,10890,51531,train_data/eb6f80a63cf949d29bed6b206e5a1583.jpg,0
8810,12567,40246,train_data/01c76095cc9f473a94e799da97aded47.jpg,1
8811,3544,11582,train_data/caeb63c4befe4d7bae94f9fcbf90c773.jpg,1
8812,2867,7801,train_data/f281458128544f18bea00042c81870ff.jpg,0
8813,12731,73042,train_data/9cd772932d984f16a16c4103e4f5f3a2.jpg,1
8814,13943,78699,train_data/3d00cccb47dd48eb891b9ba978ccdf20.jpg,0
8815,4570,4129,train_data/1c349867bc6c479eb0ae342f7f86f1cd.jpg,0
8816,6454,47162,train_data/dd074b8c2fc44ea996d6903d78278f7f.jpg,1
8817,1878,3656,train_data/638794e512db4ee6878200912561fb0b.jpg,1
8818,17259,42741,train_data/485edbc67ea24c73b63678bef6e14686.jpg,0
8819,3897,24376,train_data/bf05afcf4dab42b7b7a94ddca4e1c649.jpg,1
8820,2729,3253,train_data/3a5e69fdfe104e5fbc38990c9fe43b11.jpg,0
8821,13112,64393,train_data/9bcaa8a2c9be4ec3a9678eda8324eb5b.jpg,0
8822,6850,49279,train_data/d52bcc71440c422ca23957bd09120ed9.jpg,0
8823,414,76421,train_data/1f880940ab4146fa9a8a04a9ccfb0853.jpg,0
8824,7887,38583,train_data/b7ea78d513fd4f44b53e43c7412050ea.jpg,0
8825,6386,47825,train_data/9e3415a70b8347fdaa810fc5873c3a3c.jpg,0
8826,9773,48936,train_data/470411e37dc44035979d736cede6b084.jpg,1
8827,16487,73511,train_data/527e75022f5747718871334c4c2cf997.jpg,0
8828,15846,31646,train_data/39e11ade8cc548688127a2dfb6c6b1ac.jpg,1
8829,6485,1956,train_data/8e3d19f645764b5bb8a0d62438456d8f.jpg,1
8830,19786,58949,train_data/4fbf37d79cec43a9ac3a3a40975cb9c8.jpg,0
8831,6333,36888,train_data/56e981359255431f9f1568274133618f.jpg,1
8832,12247,34779,train_data/b6e9e57adcb6425eab6edf7101de1472.jpg,0
8833,5932,38908,train_data/6ec2970ef68941dd93099db022b335cd.jpg,1
8834,13349,39359,train_data/8771aabf173e4587abc9bf7da922d3c9.jpg,0
8835,8065,57783,train_data/51b9074f0d7a42fca7a46b808bd2248b.jpg,0
8836,18168,26061,train_data/515a1a1e329d4dcaaff9506f28d34d69.jpg,0
8837,19498,18293,train_data/52fc74586164491bb2a77517bb6b76a3.jpg,0
8838,1787,35089,train_data/49f3685acb46433884e28819e4259d23.jpg,0
8839,36,74970,train_data/18f2b28537d34e5ba5f7d425ed7ccae4.jpg,1
8840,7767,12617,train_data/4208757bf91946d1acfebfe9407bf4ca.jpg,0
8841,4187,4336,train_data/e8f6de2f7c6d448dbacb8876c61a6a6b.jpg,1
8842,1555,74947,train_data/d1007faf881744789ea7c3ac70e1b019.jpg,0
8843,7252,67722,train_data/cd153a464a6643b99a9265fdaed626f8.jpg,1
8844,6398,8557,train_data/f1e55346d9744a68a68504d52602762c.jpg,0
8845,18110,8836,train_data/f83f1874c3284264b2090db777749075.jpg,1
8846,16267,74784,train_data/6dc787bfac5f469c8f512b486224860d.jpg,1
8847,3708,56954,train_data/46aa5d9f1632461cb2ced422c40b3635.jpg,1
8848,10083,42575,train_data/7781026d6c5c4de485cef7f43a937d0b.jpg,0
8849,14143,29923,train_data/52f087d8ffb4496c957e21118f4aac97.jpg,0
8850,15732,48204,train_data/3b7571164e27417d9541ff656cdd352d.jpg,1
8851,5775,25546,train_data/1ff5bc77c9c447d6b84b6280acc299d3.jpg,1
8852,11109,75444,train_data/a78aad18552b42a39908fdbe34887d23.jpg,1
8853,14335,12634,train_data/ef3e45a424a344ba8e5f61e87c0f0778.jpg,1
8854,17810,10255,train_data/86816cc7f29245278529c947e7d6c8e6.jpg,0
8855,7073,50902,train_data/d24f99de062c4cbdb6a4735d788df4b4.jpg,1
8856,15654,15598,train_data/227df3d76fd74872887c9b7a7bffe047.jpg,1
8857,19672,72195,train_data/7cb045679ca3417f90adb6c3017c61ee.jpg,0
8858,17202,22774,train_data/0bdd284cea3e4fd3ae95847789759300.jpg,1
8859,1746,15572,train_data/59527e44f1584e57bd929e52b5a654f4.jpg,1
8860,13217,11803,train_data/acf73662c8ec44a1be14604f832ac3e7.jpg,0
8861,13373,75867,train_data/b8fc70331429474b8c6113635101d619.jpg,0
8862,7260,49251,train_data/401bbc011b384adbb3bb4a45f5584155.jpg,0
8863,10049,60248,train_data/24edc8a42f774720971df18ecc61b472.jpg,1
8864,4038,75877,train_data/2a2665755b2947948b404346d82e86df.jpg,0
8865,3705,33408,train_data/70b24ffd67fc4619b57e7c6811e62d2f.jpg,1
8866,3955,30479,train_data/6f437c0329044026b85651dc55ebab22.jpg,0
8867,19464,16936,train_data/33cd0785f64e40c1adbca84deea344e0.jpg,1
8868,3428,58416,train_data/c6410778de1f474395cde9bdefadefaa.jpg,1
8869,10013,30522,train_data/fd51dc64ab884a6f99e50c18c87157d3.jpg,1
8870,2507,68106,train_data/cfe41570ac9b422dbe5e67710444cfe5.jpg,1
8871,4681,37255,train_data/f8dc6e057bbb46dfbec07d2e9316c0ed.jpg,0
8872,8402,54985,train_data/f170a2f5745748a1a8442daafa858339.jpg,0
8873,4747,7277,train_data/5c2c4b6f969f46bcab16ef21005e765c.jpg,0
8874,10564,6585,train_data/12645f75143d4fd6b3cf1cc278390c84.jpg,0
8875,15910,67514,train_data/3a4962ae13bc47fea4ee81da90bb9790.jpg,1
8876,12727,2608,train_data/ed9ebd82d1bb43d7a86e1a3f073c06f7.jpg,1
8877,16710,40532,train_data/961f835dfebf4bfe8657ef32e25621ff.jpg,1
8878,13328,50750,train_data/e0c5a10bfa1e4ae9ba5737287d9055b4.jpg,1
8879,9560,79947,train_data/1ccbf96d04e342fd9f629ad55466b29e.jpg,0
8880,1809,22648,train_data/53b700de22604ca1b2f98cc63f62d20c.jpg,1
8881,16902,71015,train_data/66e5a17e9f2c448da3f2630e7bfc95d0.jpg,0
8882,15500,12395,train_data/66984e57b2d74a93a1f77053f16b8b5a.jpg,0
8883,18960,4751,train_data/c55a94d6ef9b4739a26890394675f57e.jpg,0
8884,19259,59415,train_data/ce46fc7a8d464c72a185d2e6228db739.jpg,0
8885,1715,23737,train_data/ad03a9e8be0c49848f789ef04bdc31c7.jpg,0
8886,7614,70437,train_data/ce56b4a8fda04f98a0ab0afb4eec5d0b.jpg,0
8887,8676,68070,train_data/4c7ac561231e4f3d93bf8d5ae59b097d.jpg,1
8888,6436,20728,train_data/5ed6cdbd20444a15ac8dc90585e59da6.jpg,1
8889,13306,4051,train_data/364cf85376a94cf490c9d57a52776f40.jpg,0
8890,5828,26837,train_data/0ca7ac3251734411aa917833b87fb56f.jpg,0
8891,10648,59777,train_data/e21606ebf2664d22871ec716025af56a.jpg,0
8892,14264,44144,train_data/88e6bedf7887404b851ad795c4d43e4a.jpg,1
8893,7351,76851,train_data/61a25a3f95854a2ba1724acac6686203.jpg,0
8894,11566,4836,train_data/11b117c73c954e88a7fba93360d63ab3.jpg,1
8895,12590,38037,train_data/e3b0aa69bf0b4c54b41472cab979e9c7.jpg,0
8896,1250,40182,train_data/dd32fa0172854e458fc08e20e60d6c53.jpg,1
8897,6929,52343,train_data/8dc097da62f147c7a3f86fe5f8939ead.jpg,0
8898,12793,11317,train_data/44a1216d826a409892de0b51e350b99a.jpg,0
8899,15731,12593,train_data/0091d4a20bd5455db84b64b342eb23f3.jpg,0
8900,12912,22004,train_data/a36f5e357ce946109d8bfb81d368bd99.jpg,1
8901,15102,66370,train_data/9e20698e81974045be4e89a9bff23841.jpg,1
8902,12923,33711,train_data/6135a388eb3c4256a1a9b03510b47689.jpg,0
8903,4861,58566,train_data/2b9f439a56d04955b5fbe6d187f1d0a9.jpg,1
8904,2303,13380,train_data/d7a1893bc5ff460bbe821246698d6fc1.jpg,1
8905,6908,65771,train_data/c3460c8031ed40adb1af24e678ab3bb1.jpg,0
8906,11860,71650,train_data/96e5b335f30845b4a3c9f2f952759659.jpg,1
8907,11666,11335,train_data/165a541fbb0045dea01015abe3949113.jpg,0
8908,8581,42332,train_data/412aad9536804477994e77e70a3e82e6.jpg,1
8909,19340,73628,train_data/3d480bf4d1b14f9ea6ad29be2601915b.jpg,1
8910,18339,78019,train_data/fac0f390c2ef454c9af8c753a881b66c.jpg,0
8911,8250,75354,train_data/30bdd49a69454011a66de7ffe6e27372.jpg,1
8912,15969,72088,train_data/fb29b6e026a44bb7af2137e00353ab5e.jpg,1
8913,6680,943,train_data/987fd23a0f6d4455972223ed93d1f78e.jpg,0
8914,10128,69534,train_data/d5996c00aa7947cd88aed1b89b4ed36b.jpg,1
8915,14049,67213,train_data/525acaa820ff4119906d15bbe67448fa.jpg,0
8916,16991,17605,train_data/acd2daee69b746cfad2c11b55ddb0a1a.jpg,0
8917,2822,75930,train_data/b33e640dcf2447c1b164e3ecc06672b6.jpg,1
8918,18152,43707,train_data/b3e345fd3319424ba744c5a3d605b49c.jpg,0
8919,1973,39052,train_data/9b9bc174f5e043babdd360ed8b00948d.jpg,1
8920,19687,43338,train_data/7b2a3e68dd8b41a39d0f614154868107.jpg,1
8921,267,29395,train_data/b6bb9a533c354221b26ecf91d2e6391b.jpg,0
8922,13398,29939,train_data/2d631a2576ca4676bd2a4bb2835724c6.jpg,0
8923,15482,5476,train_data/4938311cbcc34ff7b42c5c8bdd42aea4.jpg,1
8924,2770,12357,train_data/493f2d43eae34e69afeb199bf2b84c24.jpg,0
8925,2329,38263,train_data/5055a63895f045d5afb54a1ce2589e0d.jpg,0
8926,13344,52144,train_data/5e1a6698de334fe48f15b51565111095.jpg,1
8927,13151,45699,train_data/1a86348bf6684b76b3d50b72d4cdcc7b.jpg,0
8928,11685,51250,train_data/ab2278516c344cca9bbbcbe7512eb64c.jpg,1
8929,7991,1081,train_data/1d5e2e0d5d1441c1a44c416c671a082e.jpg,0
8930,13895,45505,train_data/0c539265c02b4f69adf0e6a41694b968.jpg,0
8931,11106,6257,train_data/d4b42139aba44b4bba6dc5e242ef572f.jpg,0
8932,318,73729,train_data/df4c643eeb1e4d51a526604947ba8dc4.jpg,0
8933,1536,60891,train_data/0617517a219b433aa91fe2a2a38e5d74.jpg,0
8934,1471,66753,train_data/cbf5ec208f9d4060946c094f1d5ce369.jpg,0
8935,12209,73600,train_data/996cc671154244f5a9d71850f130105f.jpg,1
8936,1369,48767,train_data/1d419b6635f24752bbecbea79a4a6a67.jpg,0
8937,740,62136,train_data/d4f88d0c505044d89487f3bdfba5cbbc.jpg,1
8938,9349,76044,train_data/b7597c67d9d64ed6ab5829a6cbc591e6.jpg,1
8939,1188,22824,train_data/e0feccb3acef477588c08750750d01d5.jpg,1
8940,17738,52149,train_data/98ab0fedc30f44aaa6fd69f36ab607dc.jpg,0
8941,16273,36758,train_data/6bf3571828e04d1e97feb1ca8feb5a63.jpg,1
8942,10033,8386,train_data/9739530425ee42158002f48579a80261.jpg,1
8943,18018,60640,train_data/212ae6432e324b1b8bda45ed8eb5c453.jpg,1
8944,7383,56828,train_data/882fe34358b943bd8e5a03b0c65d12b7.jpg,1
8945,3487,49858,train_data/19ec1b9c17954ce0915099f6924cadea.jpg,1
8946,6044,75398,train_data/307be1133c3b491b8453d0815cd7ff83.jpg,1
8947,10580,40162,train_data/41e6bdcf0f484e549cee5a9aefedeb37.jpg,1
8948,11512,1013,train_data/576cc0eef8d44d69ac1b325aa21a3f4c.jpg,0
8949,1233,58148,train_data/d17562b6f25146f7aea74b35fb3126d9.jpg,1
8950,9855,75859,train_data/82f69271d0054192a4afdc1bb521b21b.jpg,0
8951,10155,4244,train_data/e04685f9f3b043368a68948148f06093.jpg,1
8952,9129,57231,train_data/76482e4926e54a1db71095fcd832bd12.jpg,0
8953,10864,37927,train_data/6105341a5ffa4448b473c97f6aa6ccbf.jpg,0
8954,8968,43329,train_data/daf450b7fcf34173b7f32658c322e978.jpg,0
8955,17624,23496,train_data/aec0c16e85c64b799837dc7fd1989eb8.jpg,1
8956,12086,65851,train_data/459b04f20443486383b9a9a7bdf68f4d.jpg,0
8957,1291,63907,train_data/4e4eba9bbfdf44ea9586deb944f053f0.jpg,0
8958,10194,11753,train_data/5d1081a9030946d189934e50040476ea.jpg,0
8959,9264,20535,train_data/26a9b42fedfb422b903d3dbd061d19f8.jpg,0
8960,16858,63320,train_data/c0bf759af89047e8be533aaf186ecaa5.jpg,1
8961,7862,34548,train_data/190839e2ca7243dda6dc9d5b7f382803.jpg,1
8962,15609,59690,train_data/eb0ffc270bfa4eb28c3ea5eb346f46a0.jpg,1
8963,11765,34455,train_data/3a901a51d4444586b993ebc2fa748bec.jpg,0
8964,562,24637,train_data/c337add0bacb46ef8da7bf225e654631.jpg,0
8965,1031,34471,train_data/2ca1481b1be94ed79e87c08a1ba26275.jpg,0
8966,5765,1030,train_data/79959a31f5f64bb6be89d6cd6aeabe2c.jpg,1
8967,17553,18024,train_data/6c24cf7f0262480abc941588db8db2cd.jpg,1
8968,14398,71316,train_data/91cc5967c973426faa89684bc6c1caec.jpg,1
8969,18928,5946,train_data/f4ed2c2837e04aae998cea8d5211274b.jpg,1
8970,7058,27888,train_data/b6cf8987c1c444a089044179e1013735.jpg,1
8971,4377,65540,train_data/cbf6c1f42e1e464f8932c52e5e6d6b6c.jpg,1
8972,9656,15807,train_data/e1fcb095ad9f48e19aed48b557994b71.jpg,0
8973,12301,60648,train_data/b5c67f2832ba4c0587e22414612b4cee.jpg,1
8974,6976,35460,train_data/d8cbc053b3dd4b12a0143081909288ff.jpg,1
8975,17269,45696,train_data/d3835207704d40269f577e48618d26d1.jpg,1
8976,18707,75484,train_data/2a09cf96661e4cdfb23d145c3077f94b.jpg,1
8977,10224,15746,train_data/953783d50ad746acbb0885b0deadb9b6.jpg,1
8978,5712,4107,train_data/f38f62f7845542bea15348ee752a7520.jpg,0
8979,7640,27232,train_data/309b071fe44641fe83e9b7f5dbf0a6f5.jpg,1
8980,1249,26757,train_data/ce322dfa530d4197ab261c96ec0441a6.jpg,0
8981,16781,60515,train_data/d4262273790244a69b4987f61444923c.jpg,0
8982,18717,28591,train_data/56227e5d354949a2920641b999a375d7.jpg,0
8983,2218,27019,train_data/7cfb01da9d284d35a41615647789a978.jpg,0
8984,19137,5770,train_data/2c4ce7e860d4492ea248ed02523e47d5.jpg,1
8985,17957,61295,train_data/2ea8663045084212b8cf1be44995feaf.jpg,0
8986,16367,71819,train_data/3defd28b1dc54d3bba56645dde833d73.jpg,0
8987,16857,64225,train_data/28823e0297724d419935c378727bc6b4.jpg,0
8988,16811,55955,train_data/d4f20533cca246e385f19ebb5f2ef49c.jpg,0
8989,12480,15444,train_data/66bff3262e344c5cb2f01b909d5ca8a6.jpg,1
8990,15009,70886,train_data/4d2a42837b2246b394429c4a8b3fdb8b.jpg,1
8991,9578,17853,train_data/8a51f74d3e8544c59f24684bf9e39629.jpg,0
8992,6334,72484,train_data/625447153c4e475392d8769df9f0b04b.jpg,1
8993,4549,43194,train_data/be815ec55fba455383e32f770ea4b889.jpg,1
8994,12794,73532,train_data/5195549cae8c4acd8532cb0d0b50e470.jpg,1
8995,7044,66456,train_data/07eaa39c2c5d4503a1ca4de38cf619a1.jpg,1
8996,17547,32395,train_data/b139d1147383477e922b98d051f178b8.jpg,0
8997,17580,34271,train_data/41ac81ea4ea847acb6a0cedba2a559a7.jpg,0
8998,2354,38933,train_data/bc5cd8a90ec24be1acc17782a9474629.jpg,0
8999,10017,64235,train_data/232f244a29cd4d93b562ed1c1c4080f4.jpg,0
9000,9050,38271,train_data/dd5c890f4e5c4b96bc2a90c6b121cf02.jpg,0
9001,16442,15541,train_data/38801915f0134b6cb444e81062a303ff.jpg,0
9002,5327,25311,train_data/91ae08a8b39243c8ab369bd82e6204bd.jpg,0
9003,1434,37323,train_data/944b24a5530d496d8eb547d826da1565.jpg,0
9004,264,37061,train_data/978cddb07f4046b78e8caa2e88af3620.jpg,0
9005,8324,19264,train_data/aeaa53cdf73e4a5cbdebc0b62ae086ce.jpg,1
9006,18118,39829,train_data/762e24267a8d4eea8feb0fc306b12550.jpg,0
9007,14259,67000,train_data/7f419e1dd9614bdb84021b96b595e01e.jpg,1
9008,10675,34444,train_data/4469c02493aa41fa806622463a32b4ca.jpg,1
9009,17603,76800,train_data/a50bb21748ab41b09f8ad5254f960fb7.jpg,1
9010,13129,17873,train_data/a56498e4cced48c192d3cf8d64fa473c.jpg,0
9011,6347,439,train_data/0bb2445284e44052b3adc09d47444f23.jpg,0
9012,8584,45327,train_data/7aacfadd13cc4954a63817989557e257.jpg,0
9013,3378,30395,train_data/7277eecfa56e4a25a71212f193ac53f7.jpg,0
9014,13938,21090,train_data/846966a0038e45ad8fc27349396bf79e.jpg,1
9015,9535,25812,train_data/22ff691cd75c4abfaf62bb81f9e30d20.jpg,1
9016,8620,79630,train_data/1f018a490331424190854763152de3ab.jpg,1
9017,1437,61787,train_data/59beabc12f35469aaf54d6abbba82070.jpg,0
9018,15397,41939,train_data/81ee1c862ecb41b2a68439a23adf561d.jpg,0
9019,7960,48477,train_data/7ce205e2e9f34b588eb9e000a20dd2ad.jpg,0
9020,18603,33788,train_data/aad3052f9c4649cda4563d58bc2b6314.jpg,1
9021,4692,64813,train_data/937c1a6dd1b84824ae1b09a9206976bd.jpg,0
9022,7441,12518,train_data/70fdcab233684d2b8e12aac9db1a0ca5.jpg,1
9023,6255,13033,train_data/04127df90c28423d9905f05da9340745.jpg,0
9024,19929,75842,train_data/16e7f3c8efc443beb267f96eb1b9c26b.jpg,1
9025,8594,43528,train_data/857bc08b877841738c31811a8e801d3e.jpg,1
9026,18286,31767,train_data/29b0d6cfc7f3486ebecc1678803737d9.jpg,0
9027,9725,8818,train_data/b1e34b333dbb42188aa184838562d09a.jpg,1
9028,65,52199,train_data/7cc2717e80364486b1d3f026f25436a7.jpg,0
9029,13291,34402,train_data/2e8c68255b1c4e34af0afc9a81f97aa0.jpg,1
9030,16097,77782,train_data/83a6933ef3054ee796770a82ce195123.jpg,1
9031,17974,46334,train_data/1025ae37cce948acb21f9b8697c7f38c.jpg,1
9032,6185,43134,train_data/8e138f0ead6f4aacbc355489f802d35c.jpg,1
9033,14706,47919,train_data/865372aeaa6c4a3285e514ec3cba58b3.jpg,0
9034,2865,29321,train_data/2d987458907d46e3bb97d84f6c19021c.jpg,0
9035,12259,53496,train_data/2b39950ebdbf4357ad9e83363a6e0e4c.jpg,1
9036,10934,19915,train_data/b707476c20984ee5b2ce3d0488463603.jpg,0
9037,5113,967,train_data/63134e98645d4eabbd3a4b0484e1a563.jpg,0
9038,4408,9249,train_data/d8c4bd55b3624bd49fac667d92fecd78.jpg,0
9039,6025,31082,train_data/aad4bbddd19744269cd42aaa92ac5c74.jpg,1
9040,9210,20770,train_data/7205ccba0db9413faec3305e0c5fc0c7.jpg,1
9041,6890,30903,train_data/8a9f401740ce4fb7a48280fd68669e13.jpg,0
9042,7512,26820,train_data/b64961fdc3374ca6935129ae9077cc7e.jpg,1
9043,1421,72138,train_data/fe5daaa50edc4a4680325d8ce15d12a8.jpg,1
9044,11721,59617,train_data/3aa1f9ab32cc4d359aabe35ce45a8d3f.jpg,0
9045,19458,53421,train_data/3048ced1899f48c1995de4d38b9fb5d1.jpg,0
9046,18001,54074,train_data/1f72cf54239d4908bbded2ce8a0f2f3b.jpg,1
9047,8000,49779,train_data/529468bf9e8b48e89dcd3fb1a559c54f.jpg,0
9048,7102,66519,train_data/6981eb6be3b8457a91c193e3d6478316.jpg,0
9049,4349,60647,train_data/a58f3e5b459140c7ad4450880a2897f1.jpg,0
9050,1660,47435,train_data/7bac4796499249698d114cec57dd3075.jpg,0
9051,73,79560,train_data/ba3bccd484884ebb8f9c804649569082.jpg,1
9052,1843,66170,train_data/a1ec12e61fd84b0cb3fe976dcd706714.jpg,1
9053,770,73494,train_data/f4a1aa64e9234350b4094ead556c437f.jpg,1
9054,16894,53495,train_data/097fe56519f04c7b9906824f14811c05.jpg,0
9055,1285,65168,train_data/2861d8a41e85460aa0eb6a51453f69b6.jpg,1
9056,13118,24645,train_data/ef66663f0c3c4e65853a95ed148b4153.jpg,0
9057,16215,37728,train_data/f55ba929df13409eba067728dec5348f.jpg,1
9058,1941,6136,train_data/4022a24f52fa42b393a731672f53de06.jpg,1
9059,18855,6758,train_data/758e2faf43f349f89a0392c68f1b909b.jpg,1
9060,14250,77729,train_data/f3eb37b5ca73404db94ab47e4a4cfe64.jpg,0
9061,8265,38868,train_data/1784f0d9e0b3482e98b8788091883034.jpg,1
9062,3397,15219,train_data/bffddf8291f4420a82a5e1879c34b593.jpg,0
9063,15357,38739,train_data/8d285f215f55432aa498ede9431d0042.jpg,0
9064,5064,32890,train_data/eb6fd852394e4ee7a3232bba9d69dc36.jpg,1
9065,19540,34662,train_data/b57660f4e4d04aa296fe92f94fe5528b.jpg,1
9066,4027,51311,train_data/8517f5a951514c3a8b5358c82de572ed.jpg,0
9067,17499,12257,train_data/f1ae89fc61d94f74a8dd4835ea3ee1db.jpg,0
9068,16899,69961,train_data/62ba76e5389c47e1994cc821966728fc.jpg,0
9069,17358,2937,train_data/d8e1bae87430477b89ace9e73853f9cb.jpg,0
9070,5897,10949,train_data/f2eeaa2c5e884aae8aa28ba00df2b311.jpg,0
9071,14748,56580,train_data/ebc1f9c733724e7cb0e478063f3aa5b0.jpg,1
9072,3963,7298,train_data/0d6a113fd885462aa5cc1cd6eec26b44.jpg,1
9073,3937,18176,train_data/b3ca6e74a70546ac9082b4af0810e879.jpg,1
9074,10227,13822,train_data/08a43a833e5b4b64a952fcbe55ce2a5c.jpg,1
9075,9806,664,train_data/c5d322b23c2b4f008eaa8001de73b889.jpg,1
9076,1110,28808,train_data/3ec69dbeb537441ea43a5ccb8fe08d16.jpg,1
9077,4414,18120,train_data/23cd1e515c774b8f96be4ed6f998f02e.jpg,1
9078,18633,27749,train_data/a30baf65c45b493d818ca9a8598e7556.jpg,0
9079,19059,78798,train_data/83508b0781d44f089fd4ede9bd48d2c7.jpg,1
9080,14123,48084,train_data/09b95f6f4a3745e7b5ab428767bbad6b.jpg,1
9081,3146,55050,train_data/92fa0116240e4486981b6f81dedf60e2.jpg,1
9082,1377,61490,train_data/49c47994da8d428a8ccbb96f5c9dc2b5.jpg,1
9083,17235,10393,train_data/e3574e260c3e4b64a2bfd3e42fb0ccb0.jpg,0
9084,7507,63843,train_data/3feca3d2f2984d8db78b0de96acdc5a0.jpg,0
9085,144,21393,train_data/c8c1a256a5cd4e44a9db56135684ef51.jpg,0
9086,6192,53882,train_data/d3395df9ce5c4d3395f11bb7c866c844.jpg,1
9087,3514,66023,train_data/cb9f47a5cb584c20a948bb99e1d776ab.jpg,0
9088,14836,58978,train_data/8eacc97c90894166ae24e2d2ef0e0ef0.jpg,1
9089,7272,59243,train_data/4dc15ea67d0548e591ab49010b7a54e8.jpg,0
9090,6071,914,train_data/1a2dc25fb9f74b3480dd3afcebe08ceb.jpg,1
9091,13054,22531,train_data/b8a281f6057148efa8cd25e676d824e8.jpg,0
9092,15018,49062,train_data/ced043d5637a4bb9aac895265071356b.jpg,1
9093,13730,12498,train_data/da183aa5cef8421aae10299e90b80847.jpg,1
9094,13510,76472,train_data/d60987f86e5f4cc9b5a12c481ff31067.jpg,1
9095,12548,26053,train_data/ec273d87777e4d48882979c674617d38.jpg,0
9096,1830,62842,train_data/975e80d1c6de49b6bb00d8e6164e774c.jpg,1
9097,4181,71657,train_data/2cd7efa285a641a6bb0d6708d0f7bf7f.jpg,0
9098,10376,29508,train_data/e2fe3001180c4d2d8bd402a8a96f8402.jpg,1
9099,10508,65779,train_data/3061f65ef19d4a19a525a9e03e52cce5.jpg,0
9100,5957,49975,train_data/b037898deeb44e3aa23a76ccce310be8.jpg,0
9101,11856,58797,train_data/aa9e2fd499114a81a7f109e8c77ca32b.jpg,0
9102,19982,68066,train_data/531cb6e6cda549b692e838379ae220ce.jpg,1
9103,1055,9555,train_data/b35bc3471cbb44ae9953f8216f921ffd.jpg,0
9104,18827,4098,train_data/28903ba3cfc74d39ae9f5ef495f4573a.jpg,1
9105,594,8189,train_data/b6ccb59d2ea044bf8aee1023d0d1ca28.jpg,0
9106,10107,12928,train_data/a98541d022ad436293c64f9d965a54c9.jpg,1
9107,1525,24728,train_data/dde6353eb04a4e18a70f7413631ef4bd.jpg,1
9108,15330,61099,train_data/8f4c60acabb34b4a8022fa82fccbfe3d.jpg,0
9109,5824,33396,train_data/01a5a87336a64db59c9a139444d9b99d.jpg,1
9110,5154,47194,train_data/c166e9fe677645568fef950cbec1ffb9.jpg,1
9111,13103,16514,train_data/526f52181c3d4a3e9bd61d1fa358cade.jpg,1
9112,19271,57273,train_data/ec979d7865774f94a393c310be1e244e.jpg,0
9113,15643,22657,train_data/3fdaeb7018e046afbc58dc547d686016.jpg,0
9114,16933,6231,train_data/6251e9181e124c01bc1678f2388e5652.jpg,0
9115,10603,5549,train_data/03e5e7a6b823475c883f9315f9d62743.jpg,0
9116,761,31642,train_data/c7e9aba907714bd692b9157f6cfcedf9.jpg,1
9117,7824,34097,train_data/85579321b0e94926b633416ad1638841.jpg,0
9118,17615,55157,train_data/537d72a603ef4413adc2f67d94cdd04f.jpg,0
9119,12257,64395,train_data/f4e260e23e9c4ed18dd5677cb64e98a8.jpg,0
9120,15597,71596,train_data/cd1d97692e094be58c6c445c89553a68.jpg,1
9121,81,78213,train_data/fb6f8bc887b341d59f07e36b500f852c.jpg,0
9122,7042,6835,train_data/b38575b6a8e049bba8f01257424f5e76.jpg,0
9123,9231,43896,train_data/1bb7fe6146304b94b7d67fcd7bb28a2e.jpg,1
9124,8724,55574,train_data/40fde798dbff4fe2b5806ef2c5bb024c.jpg,1
9125,958,16728,train_data/3b93c61ea58344638755ddeaef662f3d.jpg,1
9126,8664,59329,train_data/7dd4f360ea4249969c544aa035df83b1.jpg,0
9127,6609,40543,train_data/cfeab144849748e8b3c461abe1def1f8.jpg,0
9128,15916,79007,train_data/d6256c50da3b4bf6ad888dee3f281655.jpg,0
9129,10215,27667,train_data/2d0a4b7027ee434ea3d64ae8abca71fe.jpg,0
9130,7238,14044,train_data/b7a084774951460c989a84db02e15531.jpg,1
9131,18986,20284,train_data/e58e24839d594c0c9d7690255155fbaf.jpg,1
9132,15499,47417,train_data/76bda81dfc8e45feb70beb5e9acf8b60.jpg,0
9133,3954,42396,train_data/2b3d1e1281884ef2990fad9ea527cb4e.jpg,1
9134,4403,12959,train_data/0624d843ba5b4390b1d4de9fe53dec63.jpg,0
9135,17437,32310,train_data/0f94660f816b45328d890002d4a189e5.jpg,1
9136,17956,49988,train_data/ae6152ca67994077ab976ce1be6b17cb.jpg,1
9137,4511,773,train_data/e509bdba79114c2db45855431f36b41f.jpg,0
9138,16344,11919,train_data/82361dab17a346858e64a8ac1bc6ba47.jpg,0
9139,6857,18110,train_data/f25cb33bd72143a09afb4b7173a9b9ee.jpg,1
9140,5353,63247,train_data/25e6347a4b2646da9ecf94f839610d98.jpg,0
9141,4587,38348,train_data/cd2ba1e963a041a18a94bfc7d1419169.jpg,1
9142,17952,74040,train_data/bf90dcafb3684779afa239293d0b2047.jpg,1
9143,15381,12153,train_data/c99ef99560be41d39770bbf4583d0c34.jpg,0
9144,12807,59957,train_data/d5b497dc4f0548efb7ae31b68ae9ab49.jpg,0
9145,13768,4250,train_data/d936ec3584ff4cc795f82736ace7b678.jpg,1
9146,18486,75043,train_data/d6d35cd33b924cb9b3d237ff96ffa59e.jpg,0
9147,11323,46934,train_data/b5911ca7f4144d188db82dfa720da038.jpg,1
9148,3724,53157,train_data/d64f9ab1de5848f2ab6abd25ac843947.jpg,0
9149,1264,581,train_data/5c021dd57a414ce4aef9f94526c518c9.jpg,0
9150,4867,8042,train_data/cf3cfec82b3a48489b8449a08cb51863.jpg,1
9151,15243,32757,train_data/95214c29b1b14246abe294837c54ffe3.jpg,0
9152,7255,59325,train_data/abdfdb4a1b5c4d7498e2ba8263610bb0.jpg,0
9153,13644,16343,train_data/782e176d59424883b7dc3f7e6b7bfae4.jpg,0
9154,9778,43433,train_data/eb79b1c85da34bab97f9600b764488fa.jpg,0
9155,14761,71413,train_data/2da75ce9015c44dba6bf1e919f82631d.jpg,0
9156,4374,46341,train_data/2b85dc5bf29c4e31b4e40bfa352ff4f7.jpg,0
9157,4087,68693,train_data/bc32e72fdb7a4edd9640180713c2a0e4.jpg,0
9158,19751,63598,train_data/c16f85f65c864b0283ddc1d4d3ee9b64.jpg,1
9159,12798,79308,train_data/b1e10eb4cbaa43c994cb4c337bb34eb3.jpg,1
9160,1897,10829,train_data/796c8f915a31428ba85368a64c9cd5f1.jpg,0
9161,12252,76094,train_data/97eee6150a24466684945076ef4582cd.jpg,1
9162,7416,57742,train_data/0af8c750c75840e2a70d39d91ba2a697.jpg,1
9163,17533,51021,train_data/aa785e39f9994a3785a6b0dc0006c19e.jpg,0
9164,12509,66611,train_data/b19074373e5d4922a4f3d804a51ac52d.jpg,0
9165,15483,45634,train_data/3990274e14c84826b3d7922d82432bc8.jpg,1
9166,2529,36473,train_data/1b6fdb75f4844e23859aa95f331d351c.jpg,0
9167,14934,72714,train_data/2b08c790b6ab411380f1652f104a1270.jpg,1
9168,8104,30142,train_data/c10b5200ea474b20b83c7ffc50ee6eec.jpg,1
9169,6922,76216,train_data/a6e58cdad0604f31b210337325cc4c4c.jpg,1
9170,8907,12110,train_data/ddf0846fe8184611acef8f940fed4faf.jpg,1
9171,660,58885,train_data/835d3432c8b0441db8cc8f4b98b52a80.jpg,0
9172,11457,26040,train_data/d5f2fead2c1f460da518e50b1ae7c040.jpg,1
9173,8744,41073,train_data/e7a23306582e449083f8d54dc26cb865.jpg,0
9174,1118,5169,train_data/7b15d56ff787402f94641a846798d638.jpg,0
9175,1287,26002,train_data/8dd138d537d7471691fbe31b40712383.jpg,1
9176,16240,66186,train_data/18bbe94733164f96a5ebc9a4f25d377c.jpg,1
9177,12084,48815,train_data/b56d9df3d48b4df8b20f072c322c31fa.jpg,0
9178,7358,29064,train_data/e0aefc4989054ddfba04b88afb510d9d.jpg,1
9179,2316,5579,train_data/4ad90b911ee9494aafd643cfb43a45a6.jpg,0
9180,1417,76536,train_data/274c77c4490742ed88a51ba2ffe07801.jpg,1
9181,13034,12278,train_data/0f6e3a9008654a7290e6308b416261b4.jpg,1
9182,7,42329,train_data/8519672b13c547378081acea238f5f30.jpg,0
9183,17241,49755,train_data/e5d3c77404e44c01a777c8adb2b47b14.jpg,0
9184,994,53590,train_data/c67ec80683f44a39bb78848ad530569b.jpg,1
9185,11123,15000,train_data/6ea22ce6fd2e4b98a66e7629af53376b.jpg,1
9186,4292,8443,train_data/0a0f49fd5af340628e76b5c96a734c49.jpg,0
9187,9653,16342,train_data/1e7f8be6e88d4a8c86278314c769d36b.jpg,1
9188,15593,51174,train_data/c801e618d2d848f093be3228f0642a37.jpg,1
9189,2409,14278,train_data/8ce69f4249964c568f6f0deb2f9e7e78.jpg,1
9190,296,22279,train_data/d923bce39be946ebb0542cd09ad35a5c.jpg,0
9191,1864,43460,train_data/25318498d86e43698509892ad701fbb0.jpg,1
9192,14590,72758,train_data/2cd6e5cdf99949a99edc697c128401cf.jpg,1
9193,10430,41137,train_data/2998c3ffbe4c47f18431a00728642042.jpg,0
9194,11616,76987,train_data/31e1efeed46b42d69d10ffd051c046a1.jpg,0
9195,13684,16323,train_data/583d2645cfa74444b5bb634efd1712a9.jpg,0
9196,17211,50283,train_data/966abc9a7777480c9d11383134448732.jpg,0
9197,1145,77045,train_data/ff10431d9c9a409c944365938ad89230.jpg,0
9198,5789,78238,train_data/ad2fccded72f497b9c25a112692655d0.jpg,1
9199,18896,66294,train_data/8f6a6008bd2544bf81ce47acf8c63a7e.jpg,1
9200,14669,40173,train_data/c43db1b26c774e5f86b41e2bd905e330.jpg,0
9201,11848,42371,train_data/4fa8c8c10502460086d353d8825eb2d0.jpg,0
9202,10679,77633,train_data/f2043d2e5f364638a7871ced7c7c45a6.jpg,0
9203,15601,9105,train_data/439e03033a9844158e5d6eb809c333a8.jpg,0
9204,11146,21089,train_data/e7fe94eaeb184e83ad3e2558e8e1c254.jpg,0
9205,18484,74013,train_data/e23c557a6c0741a9ae7a0376eec42701.jpg,0
9206,15484,74817,train_data/bd4d1c909ed5458eb770ddc861bfc646.jpg,0
9207,11301,77432,train_data/5aaca3d1863549729a4f068a8401b9eb.jpg,1
9208,9818,77567,train_data/b763a7446fa1475596c4148c832a30a2.jpg,0
9209,18709,2166,train_data/325db31c14594b1babfb97cbd61189ab.jpg,1
9210,19816,57627,train_data/e61c4480d1854ff8a68014d671daf2da.jpg,0
9211,13154,41507,train_data/fc88d557cf0d4d14a78d69c620045ec7.jpg,0
9212,15416,40418,train_data/6d6423c85e15458bb52d2e6b09b75517.jpg,1
9213,8381,77068,train_data/e5b2b2ffa2e54c74adf06c9dc49e7c9c.jpg,1
9214,12267,21260,train_data/44d4105e299446d8bf832fb9dab9f9c2.jpg,1
9215,477,32048,train_data/235cd4ddafa64b7c8137225fd06525d2.jpg,1
9216,10820,46679,train_data/bfe371abab564c7db26d24b215637cef.jpg,0
9217,17007,17689,train_data/b491193892a34aaf902a791d8f83ae21.jpg,0
9218,4190,71241,train_data/47d3f7033d3b4314a133e329db5dac5e.jpg,0
9219,18107,43380,train_data/8f44516459a24336bb62f21d293e774c.jpg,1
9220,11979,4431,train_data/25284d9c5df14b36ae3e077e277196d4.jpg,0
9221,13904,30799,train_data/0e67f01677554f8b9732788c4d978f5b.jpg,0
9222,10596,30295,train_data/974cd246a0814632b2d7189f9d2e30f9.jpg,0
9223,11337,35936,train_data/0d4fed31ccfe4287a0c1e547e9d82358.jpg,1
9224,17195,71683,train_data/7a441a2bd2e345a290692a1741ac69bc.jpg,0
9225,658,10524,train_data/f3fbaf16266c4695be1dfde5aece05e1.jpg,1
9226,2723,33936,train_data/70d2397ecf4741938e4ecd54c718f059.jpg,1
9227,1793,69045,train_data/ed9c770e84744fa48127f1aede494829.jpg,0
9228,10279,15686,train_data/dc64dca3cacd472bb0834459afeb241c.jpg,1
9229,5430,68062,train_data/63985fea28f24304a40722760e3d998f.jpg,1
9230,12513,35254,train_data/cfe28455f36b4e6b85d4158c8f4f73ce.jpg,1
9231,493,65505,train_data/8b35469c341d4eab87fe5c7c61322fc7.jpg,0
9232,4253,51164,train_data/830c5a550fb8408aa182027431d0bb87.jpg,1
9233,14668,63636,train_data/6eaa3cec7b4e404fa89b5758e27933db.jpg,1
9234,1463,68925,train_data/20fd13f637994a2eac6341b291eee8bd.jpg,0
9235,19343,14148,train_data/2722e5d1884140e1b84b3d1bc1aee0ef.jpg,1
9236,14514,12570,train_data/f5a2f3764aa04c9d8aba98c2aef7486b.jpg,1
9237,4008,21956,train_data/d31a0c83543d4ada9b45bf36f5529c4a.jpg,1
9238,2287,61002,train_data/86bcd1ec1608434ebbbbbca4f5577543.jpg,1
9239,18932,55137,train_data/6b954f55cf844ec88f8ab68e6f83c262.jpg,0
9240,14339,71261,train_data/6cda78b522ce4e598615f8cdc62f20de.jpg,0
9241,9157,18412,train_data/92f0096c25c147478d720703f38b4d2a.jpg,1
9242,444,59442,train_data/ca1e1ad4cb6f48cba78522f6343895a5.jpg,1
9243,8630,27060,train_data/e2e77fbf63dc492c9ea3f70b629c22aa.jpg,1
9244,672,68992,train_data/bd065b0e85b14f6cb3a872dd8488564b.jpg,1
9245,15382,29351,train_data/e449c891b51e4e199b6cbca74c4e60cf.jpg,0
9246,15529,4253,train_data/4cd5414ff0504bfe93ff7d40c47651d0.jpg,0
9247,14194,53038,train_data/ed426cc969be4c0f9682f3afe5c82b95.jpg,1
9248,5740,60034,train_data/be19b556f2d848b796845a7584adf8d0.jpg,1
9249,1494,29847,train_data/36fd067e066b43a2919e0e45345c2eef.jpg,0
9250,11345,37188,train_data/21cd14134b704cb7b3ec8ddfbeb74a7a.jpg,1
9251,5261,11987,train_data/8ded4511f4c041f1b9941e79ff2e37e1.jpg,0
9252,19185,40783,train_data/58069086863c403cac5a440256a74e05.jpg,0
9253,3751,4363,train_data/5e98920003d3416db0ff1ac5029fdb15.jpg,0
9254,14946,19055,train_data/27ef513b9c4d404595081a6abcb44b46.jpg,0
9255,756,45949,train_data/177964c1f48040c79b3e55dafcc5a3d7.jpg,0
9256,10532,61812,train_data/dadb8cb8fd414023ba230898434a9c93.jpg,1
9257,12171,30357,train_data/1fa01949295d44fe8634d0ac1f229c7b.jpg,0
9258,11416,45455,train_data/f630939bc0524540b7e985746fb54f4a.jpg,0
9259,18939,54137,train_data/f9a46129f70e485ab6eca1ad36104d71.jpg,0
9260,11584,18597,train_data/af17cb45144945e6b2033e2ce7674557.jpg,0
9261,12122,32166,train_data/ace3953ed4a24c3eb48df345492b6bdd.jpg,1
9262,1374,1529,train_data/0137e2e5b15744d5a4f5b55521d59552.jpg,0
9263,13270,31442,train_data/8627f1635cf84dddaa277a3b1073f21a.jpg,1
9264,17000,31162,train_data/26a342539f334a789f280e89319860d3.jpg,1
9265,6572,73505,train_data/7c13ff36d916461f835b35625baca486.jpg,0
9266,537,79186,train_data/ba6ed904298c4cabaa5540fca2e37ae6.jpg,1
9267,8904,65097,train_data/da29805b3de24aab845e427e3b549c9d.jpg,0
9268,11322,27481,train_data/5368b341ce8d4183bb5946dbef795daa.jpg,0
9269,6144,47983,train_data/790c512ba97e429b9f0e2cb71e07af4f.jpg,0
9270,646,28809,train_data/9194e5e9dbf74a0e9800690204a892e6.jpg,0
9271,13708,4800,train_data/5a0ead35c50d456bb9a1813e3c7a3b61.jpg,1
9272,2186,31366,train_data/1ce586da8eda49ab981da86f1107fb9e.jpg,1
9273,15820,8049,train_data/664fb3cdcac54739a0d3ec2ee3733d8e.jpg,0
9274,19070,38113,train_data/a00d4c4ecc2e441783a8c541fa0ece7d.jpg,0
9275,19484,16573,train_data/379822c9c9e2455091a407b87871805a.jpg,0
9276,9443,31235,train_data/8c9bbf5a19e44d78854c8b35929cbf53.jpg,0
9277,17647,72056,train_data/a67ce74cb64b4a0096fe02137239e25b.jpg,1
9278,9676,59545,train_data/ce847bf29aaf47fdb99096ccb2d49aa5.jpg,0
9279,1884,39368,train_data/2f4a9e9b12704b7d804ccaecd387ad07.jpg,1
9280,14673,29174,train_data/d4a467a713044a0298a9a4cfae0c22eb.jpg,1
9281,13616,76308,train_data/570a9c6022ff4aa6ae3f35d9f5efdbc9.jpg,1
9282,17444,38772,train_data/307808624fb14b8e828d896b4744a6b2.jpg,1
9283,3030,44982,train_data/848c056342d945c59bc5b873632eaad1.jpg,1
9284,2102,25495,train_data/e78414abc96b4838bdfff25cd4d46e64.jpg,0
9285,14538,59328,train_data/ee320a81ee6d450d80d940422da80dee.jpg,1
9286,7145,14487,train_data/c152ca1fdfc544789befa6455b8e1d78.jpg,0
9287,3891,78147,train_data/8c4e48c849a84716a9d9356768f555a6.jpg,0
9288,17999,1043,train_data/9ee4eb3788744e059f2a248e13f896c8.jpg,0
9289,1995,8224,train_data/fd30df91c41044f6a77c5d199b8044b4.jpg,1
9290,18749,1523,train_data/4515ead06851445f9c0e114fd4ad0533.jpg,0
9291,5403,71777,train_data/97eccf6f6a0f4221b9753632f44570b5.jpg,0
9292,18964,78458,train_data/c53932aca0654b12a1be527ce2742e15.jpg,1
9293,5292,77741,train_data/a4181a147eb94015aec7b59b5a7d0e1a.jpg,0
9294,8051,71568,train_data/abb1c690de764b6da612a07802c454d2.jpg,1
9295,18538,76342,train_data/a3a678b2eb624c08ac22d44fe9842e3e.jpg,1
9296,14775,61614,train_data/67e67acf7597477c9eb7f0b68434acd1.jpg,1
9297,4925,71876,train_data/4392ae549e984933be0a060ce18aa116.jpg,1
9298,18770,60227,train_data/9c648b27e0b04c2baf233423bd91752b.jpg,0
9299,19718,27905,train_data/9a3ca859923a4ba8a56b22a48247be19.jpg,0
9300,10590,7916,train_data/10b318382d3346bead04ccfb8078a5c3.jpg,1
9301,2978,12760,train_data/0f6dc976999c48a994ece7eaa79f6a7d.jpg,1
9302,3573,35121,train_data/f1ebcafcb7954534bef84ab14ed65147.jpg,0
9303,16702,73317,train_data/07bae059b8b540a4973be0ae73817d21.jpg,0
9304,12492,35858,train_data/4a6d3e3fc94c4e7289322d85487e9a69.jpg,1
9305,17542,15880,train_data/096f875a9ea540fea03b97a4e5f5b345.jpg,1
9306,1115,25796,train_data/dbb718e36f2e4b9ca94aa93bdf8f04f9.jpg,1
9307,19234,54804,train_data/9531aad4a02845c7abd34da2224d3a5d.jpg,1
9308,3466,66015,train_data/9800cc255ff94c28a2728ef3ee1717fe.jpg,0
9309,5145,15752,train_data/636d0447e59e4e75a4d09b38e0e547c2.jpg,1
9310,9688,4380,train_data/73ff7e6d6cbf41b1b533f45249865c3f.jpg,1
9311,14622,64366,train_data/57fb973c43aa4396a881d09bd8f883a0.jpg,1
9312,10881,7100,train_data/74cd61f1fec944cc93e9a74e12d952d7.jpg,1
9313,18688,47533,train_data/95985eacf80c450f88af17d02ba296d7.jpg,0
9314,7388,64706,train_data/d0337eb4c95344ffbfb6efff65240135.jpg,1
9315,14739,47115,train_data/fd9ae9b9e86a4c70873c14ed35d814ea.jpg,0
9316,11160,4692,train_data/ec55065d90014ed5af7fdcb5107270b1.jpg,1
9317,14872,26487,train_data/7ec50a7d3eb049429d400c32baec94e9.jpg,0
9318,8232,13712,train_data/85cf995dd4c24694873ab3ba88483565.jpg,1
9319,19083,12618,train_data/152bae4a1eb24d61b502f0421a6b6bf3.jpg,1
9320,2538,22230,train_data/524b2a9ec5c9484c8b3a486b10834449.jpg,1
9321,12398,72179,train_data/82ffc67c80d24bae897b07ca03448dfb.jpg,0
9322,5383,61697,train_data/0e71538022a745ef97d1aa0a3691722b.jpg,0
9323,16527,17961,train_data/330e667b59dd47a1b8c5e8adc79c24a7.jpg,0
9324,7624,1465,train_data/5573509b95454f4ba2d8bcab355bb5ef.jpg,0
9325,9027,64899,train_data/b774bdda2cb44e258d1ede7558e52805.jpg,0
9326,7025,59032,train_data/308af6fe8aa2479c8008a460dc394451.jpg,1
9327,14695,842,train_data/493b223749654645b2fbd1e050c32742.jpg,1
9328,799,8246,train_data/393c0c02c9624bf4801d0689b5351f50.jpg,1
9329,13968,31018,train_data/0e5d3df5c23a49a98d533e91ffe20916.jpg,1
9330,427,50740,train_data/448c6fdc3c8846fa9f475141bad1ff6f.jpg,1
9331,10414,17376,train_data/18267ed841294aca8c874c4cccdc82ae.jpg,1
9332,9360,58670,train_data/240b091ced104fa6aeea6d48990b87ee.jpg,1
9333,16270,8148,train_data/7ba4450be2bc44258f0188020ab10bfa.jpg,1
9334,19599,76304,train_data/93b4f717f65a4868ae4ee3979e4a58b2.jpg,1
9335,11044,27021,train_data/e0643506485449949d568357613e4ad8.jpg,0
9336,7634,78663,train_data/626b4fb8c7a04cad9ce6978f080374be.jpg,0
9337,3131,46038,train_data/24572047a9b24506a0af91c6776d4f80.jpg,1
9338,232,46039,train_data/f4fa6aa1908a4c8ba185b8c0fff34ca8.jpg,0
9339,3037,29542,train_data/ef9545af62784554886abe971d44bd49.jpg,1
9340,15877,18106,train_data/460a9d4e659f4bb994d1ed0a27fe6836.jpg,1
9341,14815,21599,train_data/34a36ec8496440a5b86cb8b3042d47ba.jpg,0
9342,13522,3638,train_data/fe6c44e813a746b0991b030f2af55c2f.jpg,1
9343,12971,44993,train_data/5f218197fb1a48faa3f878ddf4a048da.jpg,0
9344,7423,20208,train_data/2131e1825b70421da188f0b987b26d4d.jpg,1
9345,17846,197,train_data/e9536d9f389a4c15b737198acdf1d72c.jpg,0
9346,14093,55386,train_data/b05c71a6baf847abbd7bdd55fff6af2d.jpg,1
9347,10411,78828,train_data/6896f276a5a34bb1846ed8ea488faa30.jpg,1
9348,9376,77089,train_data/50f518fbb85c4c61a4ef6f13c1808767.jpg,0
9349,19519,58854,train_data/7c2f207b560249529354289dd0749533.jpg,1
9350,5369,51484,train_data/fdb2e58f87c84801808de1106baded81.jpg,1
9351,16252,2442,train_data/6d2c22a5a3994ec9998dacdda9373c47.jpg,1
9352,12460,69642,train_data/7a14abf18b2e4a94aed06b24a0ee6251.jpg,1
9353,11010,35043,train_data/efcbc7f4a09040858f4391fab03d505b.jpg,0
9354,16475,53,train_data/ee1db43f48204b94a66579d6726dcd7b.jpg,0
9355,3157,15672,train_data/117600b4e4544585bb0e48ec1a18a513.jpg,1
9356,6884,40105,train_data/9eff732840974984b10bf6e1187dbf21.jpg,0
9357,7342,35062,train_data/a39bbd0b6b7049eea69d7736d4ab11bf.jpg,1
9358,17455,64850,train_data/c16ab0699f4a4744b1b74d139efabdab.jpg,1
9359,16738,36823,train_data/aecf1754823e479b8509c244d6f48c45.jpg,0
9360,7902,39207,train_data/e0a54c10587540b6b84e37d3f50f6ecf.jpg,0
9361,9329,47900,train_data/b2cd3e712e2f4bd683309f7f616e5ab2.jpg,1
9362,6739,72183,train_data/626510b268bf4bb8a9a0d0eff2c428a2.jpg,0
9363,13143,25857,train_data/aae0e56537a74d0db616804eb6efb995.jpg,0
9364,16428,47081,train_data/5afb46832ee741e4865d2aec8de8b9cc.jpg,0
9365,4412,37619,train_data/d44a71b9cae34e988c76da8c53474461.jpg,0
9366,2314,79859,train_data/0111430c5d8d4edeb2b7283af9ad6ad4.jpg,0
9367,2018,43155,train_data/ab6e8e6368c942188bfed1a6d2ed96c8.jpg,0
9368,7412,6342,train_data/5db4d8c7d8f64d048ec974d4feb36604.jpg,1
9369,16283,33429,train_data/280230abe656452eb816329878910a40.jpg,0
9370,11247,62727,train_data/71c879c31a094696979e71dd7396e2a9.jpg,0
9371,15851,19537,train_data/5e4a69065c634725ab8947242f490e3c.jpg,0
9372,19846,45235,train_data/b28bba4139bb4643bd590be8744b2f0e.jpg,0
9373,19898,70861,train_data/fa1b1e7b3cd744f0ac90956dbf830a2e.jpg,0
9374,11578,3482,train_data/75220704eb454fc5a71788f36e72442a.jpg,1
9375,3424,64577,train_data/d90febcd50d1478d965f89bceb5f534e.jpg,0
9376,11881,51652,train_data/73b1601757b84171bc0d0db7556f3f1c.jpg,1
9377,9390,59327,train_data/60815b129bb742a690e5bd0dad8dae86.jpg,0
9378,13581,22162,train_data/266b0a4c3a80451b963a9b602b306cb8.jpg,1
9379,9831,77457,train_data/a43b2380f1a44a1ab7ff5a8367a571da.jpg,0
9380,19731,33129,train_data/c017897c2a3748b0ab8bbd794c294fbc.jpg,0
9381,4080,65388,train_data/b1ce0b6ddcfa454e837a25497a5e4da7.jpg,1
9382,4962,75541,train_data/5a5120e6b66d4cf4bbb34155a6b87eae.jpg,0
9383,13408,65965,train_data/023a96c14d04405dbffb95f0465395ad.jpg,0
9384,16310,44632,train_data/4731a3d7e8424f129e9a95593e61e6cc.jpg,1
9385,8209,7027,train_data/9378078a332940039c9d1e36ebc00685.jpg,0
9386,797,53631,train_data/810ffabf3212471db99c3545e1dc942e.jpg,0
9387,5467,17233,train_data/07c59717c59d4d8ebb8c44e122ef9a18.jpg,0
9388,1883,21769,train_data/4561f41311584cceadd3c2b986a197e9.jpg,0
9389,16407,51347,train_data/83bbfb00e5a94a3498c3afad76f2c0bd.jpg,0
9390,16323,58815,train_data/8c77eaa9120840e6a9827462fed505c6.jpg,0
9391,2372,23817,train_data/959facf501e44fcfb0a90a1cdaf9b1b7.jpg,0
9392,8011,22545,train_data/424a6482cd69450699353afa5325ee3e.jpg,0
9393,1198,34258,train_data/3b54f67ee9aa467d863131571064a816.jpg,1
9394,15693,27797,train_data/74bc3eeee0594ddc986dc807ca01dba1.jpg,0
9395,12925,78665,train_data/26b2dad0d83c4eeb9b5f12cd2f16164c.jpg,0
9396,6167,30218,train_data/b6a9c50121a54630a39494842138d0a0.jpg,1
9397,4094,53418,train_data/acf23239d90b4210998603446b362eca.jpg,1
9398,12827,14452,train_data/5a09117c87d84a8f9c8eaedca2930e76.jpg,1
9399,480,7858,train_data/0f3e0cd4be9c4050aa695da425f3e298.jpg,1
9400,7126,68821,train_data/840f7129d1334214b03a106b62bbcc10.jpg,0
9401,16274,58165,train_data/dddda890826742f2bea4d3cd62ee1f2b.jpg,0
9402,15376,20416,train_data/1db165f119ef46eeb6bfb833c0a44467.jpg,1
9403,8261,24210,train_data/2632d3e4a4ea4e52839cbc1b3bf4d1bc.jpg,1
9404,6939,7641,train_data/6da8110b9de244a399da9d96b00fb90e.jpg,0
9405,10959,7808,train_data/02a85b21e2c94be39e0771824cad74fc.jpg,1
9406,1331,14696,train_data/dd3faf02e8094960a9235e1e49dba7f5.jpg,1
9407,16720,78766,train_data/9d16948449874be096dcc1e99554837d.jpg,1
9408,3305,14957,train_data/654362bb0aac4c0f9f694a6cbb014d9c.jpg,0
9409,4355,12978,train_data/8f0d3cab2d414f04b55af71ca7337c81.jpg,1
9410,3104,60350,train_data/5a86574170a44327a33d8f616af5bc82.jpg,1
9411,14874,63162,train_data/c1536a5c909344ceb9a92d641c1edaa7.jpg,1
9412,15556,66667,train_data/65363458b70b4e179d6ece791a6c22d0.jpg,0
9413,10126,61190,train_data/afffee0f7d864953b125bb32dde3bdf3.jpg,1
9414,1420,65136,train_data/8c071d6392174b4882b5927c4bcf9d67.jpg,1
9415,5205,21020,train_data/95fbf944553f4e498cb4ba03fcc28c19.jpg,1
9416,10863,37258,train_data/824c2535dd844b6f922db99660f72717.jpg,1
9417,15819,16054,train_data/aa2df2e3a66842b6bfc38825cfb49765.jpg,1
9418,11895,63420,train_data/9aba2d4a9f2c47d7bf0ce4397129657d.jpg,1
9419,1709,22308,train_data/c488688e1037443faa613df0e3f5894f.jpg,1
9420,9255,36803,train_data/57d427f3affe434897f40a7399df3639.jpg,0
9421,430,79274,train_data/d83b15f891764e9bbec1e06b1247c234.jpg,1
9422,11839,14121,train_data/dd0cabdb08e747ea8ad6ed8aa3a57291.jpg,0
9423,17540,21923,train_data/88d21727bf484f96b176305ec5a76b97.jpg,0
9424,2328,61173,train_data/a13c230fc9f7475aa31715a62a1a3f7b.jpg,0
9425,227,21598,train_data/de2c30b446b54a1b921c2b44156c458a.jpg,1
9426,16712,71603,train_data/22e871ca5a7e4e7ebde51aea96ee28b6.jpg,0
9427,577,74171,train_data/1a8af499c7884a47badcc06930f93f42.jpg,0
9428,4233,21242,train_data/4f569a22aee2447eabbd2c1870428a31.jpg,1
9429,684,50518,train_data/b4d87f26fb3e4053b4e640117751cd3d.jpg,1
9430,6818,20549,train_data/b03633116a17490b9b0398b55a11a19b.jpg,0
9431,7750,28128,train_data/797430144072404fa250a805ba8977f2.jpg,1
9432,5220,63637,train_data/f9b97e4e0f0343469315a7ab312fbd11.jpg,0
9433,3785,64515,train_data/3705751652834934a1e60441f8d6c840.jpg,0
9434,19884,62331,train_data/fc999f9e0b9a43e08bfd89a67e3d6cbf.jpg,0
9435,5794,31274,train_data/ea001eb57327484496df025b626add88.jpg,1
9436,8953,10643,train_data/cbea27f90b024fa4acb18f005629d668.jpg,0
9437,8751,963,train_data/622998dbcc8041f7840c75afe7862ab4.jpg,0
9438,8988,72272,train_data/d01ad04349064822a95d5a00e5734b1f.jpg,1
9439,10711,24579,train_data/5e7186b7707549a9af6b1ce5fec32dd8.jpg,0
9440,12326,6060,train_data/f4c28d85cee44f839d5c2a0320a21173.jpg,1
9441,6973,74033,train_data/2f3012a166bb407c8489dc199f124a1f.jpg,0
9442,15492,73129,train_data/f39b3213bc2147b488dedcd775eb83e8.jpg,0
9443,8494,28427,train_data/9abad85f1c9d427781bc10f88cfc2521.jpg,0
9444,6037,41267,train_data/b05026717aa74e82bedb18cefe52d623.jpg,0
9445,6431,58517,train_data/81bc4a74a4404effb1b11056677f0648.jpg,0
9446,16624,32002,train_data/2d07cf4f941e49d4a958e3c6217b8945.jpg,1
9447,12701,71909,train_data/2ce8574885b240be81f79d2713f8478e.jpg,0
9448,2758,29399,train_data/f6f4153d6f9547978cf3cbbcf2a1bb59.jpg,0
9449,17125,22252,train_data/321149b7c384420986380a928bd08c1f.jpg,1
9450,1654,11337,train_data/5ed0f7af7a634006943ebb3d39218951.jpg,0
9451,1292,6757,train_data/e6264792c564456aabd6186d795b295c.jpg,0
9452,7855,20227,train_data/2317aa0dffac4c43b9489db70231f35b.jpg,0
9453,19490,69493,train_data/8256ea0653dc4094be7a17809cc0b26f.jpg,0
9454,591,75911,train_data/db3ae0c4921a4b8c98af6396580f52b3.jpg,0
9455,16562,36120,train_data/019f153b13444445bd77a31df74509b4.jpg,1
9456,18135,30861,train_data/4f1a1387c3fc4171bff48ab65d5f6026.jpg,0
9457,5137,51218,train_data/cdc4c7ee6cae47379b5256d7b309742a.jpg,1
9458,13837,14827,train_data/c9789277176442b89012f578a62d2aa3.jpg,0
9459,16560,68446,train_data/3e83357ef09041bfa283216a2d2c1284.jpg,1
9460,17487,73813,train_data/dc2b6bec28dc4c10bb55e115d785409d.jpg,0
9461,18000,18455,train_data/05c9458405fe4701a2dfc2969f2ba198.jpg,0
9462,9722,6350,train_data/47799399e3944a94bad74c54b65ba161.jpg,1
9463,5697,57812,train_data/61f4dca3c2684ff9b29bdccb73faf827.jpg,1
9464,16275,46400,train_data/f1f013dfc54e47e1ae8283b565f16387.jpg,1
9465,4979,18504,train_data/92202c4e9191426f8e3892ee67b205b1.jpg,1
9466,4888,79618,train_data/7b5d5aa6557044d1a69eda0066e90b51.jpg,1
9467,14400,76104,train_data/bb39ba85502e4bbeb138198f1c65bc57.jpg,1
9468,17200,21130,train_data/a53d1d3b74a84177b0226451fb4bb0ac.jpg,1
9469,2847,75074,train_data/750d7733e5234d03a2f46f5f9e7bc5e8.jpg,1
9470,8370,43886,train_data/d0e02b02506a4390be30472da7b03fdb.jpg,1
9471,10836,56694,train_data/d0ed1c36aa0a4b2796f27cdea7cf6db9.jpg,1
9472,10803,30363,train_data/ea6f000560b542cc904ca4ccef21f27a.jpg,0
9473,9849,58846,train_data/d7b56a1ea57743aa885446f48e9874ff.jpg,1
9474,11945,49172,train_data/4776ab3610ae494ca2a3594dda49191c.jpg,1
9475,4635,2762,train_data/e9b2941000b14287979b4aabdc004c84.jpg,1
9476,3540,40762,train_data/aa34c1fdb75a4ff0a86fb199885f5dec.jpg,1
9477,18181,4036,train_data/8b0882c15c6a46f6bc1acdff5681e9cf.jpg,1
9478,2383,48056,train_data/39b60a1f65d0446a9907437ca90f8243.jpg,1
9479,19150,35197,train_data/0d992b84a45149b98319ea975c01acc7.jpg,0
9480,5977,8564,train_data/13e03848e7e4449cbf702604370deb78.jpg,1
9481,1160,26396,train_data/87826e9f9a6745649c921278e347ea98.jpg,1
9482,5955,28978,train_data/e5df1c6d5492480da5a339366ed9d966.jpg,1
9483,8967,55002,train_data/3d327e7a63d04ef1840bbcd998a3d305.jpg,1
9484,12362,29206,train_data/e1768cc2756045549b37c9985dc3525f.jpg,1
9485,17013,63200,train_data/be26acc96849453695584b06fd66ab3d.jpg,1
9486,10299,21041,train_data/a28880807c634c7d854c5050fe74a802.jpg,0
9487,2768,73141,train_data/73b0c1eb67344a249b9eb2fe2e48401c.jpg,0
9488,2634,68402,train_data/be4659995e3d426cb4d1c4f798a19f4d.jpg,1
9489,1573,42496,train_data/e5520858e26f4c59baa34e6e9de7a9b9.jpg,1
9490,18616,33213,train_data/97a57316dd5f460db8fb56f42af29d38.jpg,0
9491,3951,29748,train_data/5be96aebfa2b469a9c78cd9d072d2914.jpg,1
9492,11179,1748,train_data/7994fe882c5e4a9b8697e55062feebb8.jpg,1
9493,15285,16635,train_data/6c1707ffb08642bba6e2a12932990e23.jpg,0
9494,16469,9712,train_data/43aa04beea6941dda495b1150efc5fbb.jpg,1
9495,18277,70564,train_data/49bdf567aa7141ec8f5cd2dcc1cb3109.jpg,1
9496,1329,66009,train_data/074a331d8a5343fd92116c58a0eea332.jpg,0
9497,19344,3829,train_data/09e5a3c15c834c649a37715c36f52dcd.jpg,0
9498,3916,70924,train_data/7bc845fc33d14c28aaa6360b9a372afb.jpg,1
9499,3772,22758,train_data/504bfcc36f0249ba819ed9ddf25d9218.jpg,1
9500,5484,13726,train_data/a8c5671859af4d2f84f1abd596dc1c35.jpg,1
9501,6081,75884,train_data/db7b78c8baf441c0a96d20d25fb1a3eb.jpg,1
9502,11650,40656,train_data/02a725e630244f6fa078fcf1d7161b31.jpg,1
9503,1050,50685,train_data/3d4ed03092964681afe11d5362d38489.jpg,0
9504,623,71595,train_data/c7ead71c838f4c669a019b019ef80510.jpg,0
9505,8009,64382,train_data/42e357e6786f4cf2a21694762d652314.jpg,1
9506,18731,17547,train_data/a8ed1a27f8ab4fb1b152f140fb00fe89.jpg,0
9507,19878,20873,train_data/57dfe7a970a5472daae59751cccd53a4.jpg,0
9508,9292,43122,train_data/7244f154a7084268a8630461780658c6.jpg,1
9509,17781,34965,train_data/c95c521cc6c74fb4ace61eb84c9c08d1.jpg,0
9510,3080,47473,train_data/e17a659e607540229222d9a2d9331f88.jpg,0
9511,1501,73197,train_data/ca0e9ee451ba4c37b350d39722784961.jpg,0
9512,4995,49014,train_data/8f21cfc9466c4e83a0b31439e859022f.jpg,1
9513,17893,36982,train_data/71573e6fe7b74e0c994bcc355486b0cd.jpg,1
9514,10056,31427,train_data/6e2b3870574348288ba07a8b24990dd7.jpg,0
9515,18037,61499,train_data/6f5bc76115534764a4b9de3b39296689.jpg,0
9516,17639,71022,train_data/a7b26323234b4228bf3066ba24b78eba.jpg,1
9517,12243,62797,train_data/588216d6b22a4d3192e0e2b9d733c543.jpg,0
9518,7770,27051,train_data/5e02f8a352654846993cc3f0da8709db.jpg,0
9519,2532,32529,train_data/96dc50cb07d94be0bcf4807d7aafcff6.jpg,0
9520,12503,49580,train_data/10ba3631dbb243c98433d697130e68e2.jpg,1
9521,16277,10791,train_data/cbb0d0cf92ad4b0da10b0bdc09ae490d.jpg,0
9522,1100,60255,train_data/90d9e80b5fd24456a60782b99d86f1f2.jpg,0
9523,14071,68014,train_data/5a9cb885d4164f5abf3864eaca47bbe0.jpg,1
9524,13106,34176,train_data/deaf7075b47c41558eeac2f254e84efd.jpg,1
9525,15676,10810,train_data/16dc597c374f4d9292eff24a93afbc39.jpg,1
9526,13351,47822,train_data/5c0b0de077a44444a4da836c8beef425.jpg,1
9527,12986,71222,train_data/fa356ce2d4334b0d9837f9eba81721c2.jpg,1
9528,4722,16028,train_data/028570389cf742cf932521d5a46d661b.jpg,1
9529,6112,756,train_data/9156ecd875d64b8385eae658f6207ca3.jpg,1
9530,4238,40960,train_data/dd84d4ed63f745c6a255b900c4a59f3f.jpg,1
9531,7978,16962,train_data/220753feded441c5b0fd893b27b22d85.jpg,1
9532,6435,58727,train_data/1d0607a54ed94c34b1dff838a7539fa1.jpg,0
9533,12505,35345,train_data/99b5de7890864ba2ba33ba092302a2ce.jpg,0
9534,14239,67247,train_data/54b6e0cd62d9402fa2ce66dac69fbb06.jpg,0
9535,7032,72821,train_data/1f81d2f9c0b8405c81ae8de4d329a904.jpg,0
9536,12667,29416,train_data/c168da4267304b098b2cac58f54b1cf2.jpg,1
9537,19114,65849,train_data/ded6845842bd4491b6a5be814f490d35.jpg,0
9538,1472,19438,train_data/c62d846b49b04ddfa92b1c94b5c50084.jpg,1
9539,11315,25445,train_data/04eca1152225445c804e723b6461d742.jpg,0
9540,11869,11587,train_data/b820c2f017e54ca5aa265f2f97a27344.jpg,0
9541,13463,28567,train_data/103cc198c1d549cba27481ee9a9eb388.jpg,0
9542,14892,29638,train_data/6f327a61b0ae462a8db0103b291c31db.jpg,1
9543,849,18775,train_data/c17d21efd2544d59a8237645cde0b530.jpg,0
9544,13317,21510,train_data/db09d578fef44af5bd84d09949f36ac1.jpg,1
9545,11976,47471,train_data/a9adc480b7a34424966450264a581b2c.jpg,0
9546,19043,3282,train_data/261655bd6e43471abdf72404688e4301.jpg,1
9547,12584,28641,train_data/959bba0d683248cfb3f43eecb4813ca5.jpg,0
9548,10274,53550,train_data/1f5150f92e3c470e8faf8ce76ccf0952.jpg,1
9549,2210,78148,train_data/fd529fca58b546ecafadf4ba2a620cc6.jpg,1
9550,16847,3863,train_data/100168a3ec174fbe956b5610ae02959a.jpg,0
9551,3202,41744,train_data/7e333c18dd8c450c87abc63fab8e1e75.jpg,1
9552,13813,72585,train_data/d1185a20fceb4f7198c1757628a2df83.jpg,0
9553,15131,58591,train_data/679c2dfabff9436285eb7051b0b48518.jpg,0
9554,18967,64058,train_data/cc7b1c0fcc264c2e9324dad3fe0f189a.jpg,1
9555,9567,1189,train_data/46ea9d32d7f842ae93ac2d021ef27a0e.jpg,0
9556,1284,33985,train_data/eaa07642503444849437445c45d5458c.jpg,0
9557,8606,34900,train_data/c4f8004f8ed7473e8935c12c29e20405.jpg,1
9558,3593,39908,train_data/bfd94ac1a509488589a2b8c50314e290.jpg,1
9559,13400,66805,train_data/b55eeece99de4b8a824d6973648fe42b.jpg,0
9560,13363,33901,train_data/c362b17ef25a4bbdac874870177da19c.jpg,0
9561,14159,16537,train_data/3df9493fe56343b392fd067cb6c847fc.jpg,0
9562,12908,2399,train_data/3ab1f7f6ed8043dba882e3e0c2af422a.jpg,0
9563,3271,652,train_data/8891038f706e4617977230d155919641.jpg,1
9564,4717,22808,train_data/8e51b96df7e34efaa6468dd98a00c7c8.jpg,1
9565,1004,46447,train_data/ea77120c7e4f45ea99c7550fe2ee8baa.jpg,0
9566,15566,16194,train_data/f79480e293f54c47aa162020e12aa30e.jpg,1
9567,10463,5854,train_data/1f28447075d247d7a87f8537de89c599.jpg,1
9568,16374,33032,train_data/b9739b3456e2457ca4aa174e9d0393fe.jpg,1
9569,8457,19025,train_data/98cbdda635b54bd6b0b2564ff208e75a.jpg,0
9570,15946,45504,train_data/748a918134eb457fafb6172fd29383aa.jpg,1
9571,18186,30503,train_data/3097e02ccfde4de7ae10e302cc29c15d.jpg,0
9572,6212,64826,train_data/4bd957b853d3447786a2e9a76a85fd4d.jpg,1
9573,18497,37369,train_data/fa70db3f8f864df7a674142282a70fd4.jpg,0
9574,18642,65646,train_data/3d06cbd0690c4e8c9432f1544666fbbd.jpg,1
9575,3542,43720,train_data/845b6fde49174111892aefbd8caba8bb.jpg,1
9576,14452,5421,train_data/f73885375274471ab2ecbcc3694befa0.jpg,0
9577,253,78369,train_data/55b07a27b891494f84b749356efb2120.jpg,0
9578,14750,30656,train_data/b95326a4d7964eb68f792c6f7f63fc95.jpg,1
9579,19895,9957,train_data/22ccfee6593d4c3e8c1e6ee71b6a986e.jpg,0
9580,9340,52023,train_data/f436cb916073468eab89b854ede6a38f.jpg,0
9581,2142,17513,train_data/90b62627098e4ee28dcc00c3c2c7a8c9.jpg,0
9582,6092,33814,train_data/498373a551a34d998287fe25b164c7a3.jpg,1
9583,6403,49599,train_data/70982e6fe6a246e1b64e052840a5cdc5.jpg,0
9584,7632,11514,train_data/c6ca091f0fc043e7ac1a070cbe2ef38a.jpg,1
9585,1728,21950,train_data/ef832e3ed01c41929ed954f421a7cd7e.jpg,1
9586,9274,75400,train_data/a2f625e0f11e43a4ad80cf5b0ec3e0aa.jpg,1
9587,1671,67037,train_data/f337bd7412fe43fd8298bad810adfd67.jpg,0
9588,12988,21156,train_data/02e9034504674c12abc59346edf1097f.jpg,1
9589,13018,61879,train_data/7befc62f856c47c1b53ba8bb9c67be05.jpg,0
9590,13413,44835,train_data/f12f08bbdfc34b30aadea6a7183126fd.jpg,0
9591,1971,6695,train_data/cbc851af020e4f358909c2f54871b6af.jpg,0
9592,19706,49023,train_data/429a664ac8a446248e53708d18eb28be.jpg,0
9593,17459,16019,train_data/1bd1266831504d0abb8c0fac6717ad9d.jpg,0
9594,10356,51865,train_data/b529fab4a52e4db2995e87d3b5c7e72e.jpg,0
9595,7807,58440,train_data/4f50077dce974f3aa8c3e2254f6dd750.jpg,1
9596,694,30208,train_data/fc3b03a5e75143f4a20a1bd7a60c665b.jpg,1
9597,5729,36854,train_data/44069cb70e094eeca12d22c2c17c719a.jpg,1
9598,17395,4530,train_data/c759023e3272415c91612ebc6a2de472.jpg,1
9599,17849,64852,train_data/c9b9724ac5e04907a40c34c6fb38effd.jpg,1
9600,10782,22275,train_data/d4a6e06b661f426d81746e84635b538d.jpg,0
9601,17090,18838,train_data/8379be1e58be4d8b828888059cbac467.jpg,1
9602,10700,9769,train_data/7de249e4e45740cfbc39c58ca7890ce0.jpg,0
9603,19561,10303,train_data/eb15124a9ed34aa4bf62c41e233f28e8.jpg,0
9604,15248,7781,train_data/c838db623ffc4de28dedfa0f3ceb06bb.jpg,0
9605,14438,41309,train_data/c6f06451e82146b8a408d5c2fcf10a02.jpg,0
9606,16606,25265,train_data/18bce9ada1034bfc9df5e5437b119b9a.jpg,0
9607,3094,13902,train_data/93c92395514446d9bb86c3cc906783c7.jpg,1
9608,14111,77512,train_data/36e2005dfffb44ad909a46fb015a8414.jpg,1
9609,7364,64749,train_data/534a8bdb9bb14c1b9517f056cd7562d7.jpg,0
9610,2114,60829,train_data/506f00a7236d4ce1b0dcba8f9a3e6d65.jpg,0
9611,14766,56253,train_data/cb7b9f04bd484a5094bf617bcd94af94.jpg,0
9612,2273,38836,train_data/e940ef7a637b41aa98ec5c05e254bf99.jpg,1
9613,11805,41500,train_data/cce0159240ef42029c920e7bae486903.jpg,1
9614,3244,49099,train_data/bd3f00dc35ab4fc6baedb78e3e4f338c.jpg,0
9615,16345,25655,train_data/bda40311a43b4024b6c46e4075220f8f.jpg,0
9616,6182,13404,train_data/8ccfbccbc7bb4c04bff304a7b113054a.jpg,1
9617,5041,54720,train_data/3433f3cbe02d4c6c8fbe195f9687201a.jpg,1
9618,4817,23864,train_data/ffb9e57f8ab04ad7bb962ad61c58cd3e.jpg,1
9619,11074,34740,train_data/f785e87e3c0c417daa4cb950f396a89a.jpg,1
9620,3563,15177,train_data/f6ad248873f6493b9bab3eb139117574.jpg,0
9621,11933,53485,train_data/6b96dff21a4243318979fffbd62a79b2.jpg,0
9622,12233,59528,train_data/6bb8ee8fd6a34159a42ab326a513fe7f.jpg,1
9623,6176,6138,train_data/c74286409cce4a0194f5554dc8e685c9.jpg,1
9624,15268,62779,train_data/f964255e833a445e864add19b7e7ed1b.jpg,0
9625,6312,10671,train_data/98ef057b64cc49ac8b5a89519446de3b.jpg,0
9626,18814,72906,train_data/5e8311b91fad46f2af7ab34f54100013.jpg,1
9627,12405,63192,train_data/d5b4fd345f1f498cac2b0229c3998162.jpg,1
9628,656,43834,train_data/500c7ec1387f45dbb09f9956439251e8.jpg,1
9629,6684,59103,train_data/34c97d3440014321a7077d2d7fc84097.jpg,0
9630,11648,36305,train_data/afe548a444034ec4a25a6343a631a71e.jpg,0
9631,17831,23131,train_data/9b3f5488dcc74b5d886586a3b76b22c9.jpg,0
9632,12321,49872,train_data/dd5357fca1854552bcf6f627a12c427e.jpg,1
9633,16532,65970,train_data/c331870015d7468aaf691d094cff4263.jpg,1
9634,10115,60392,train_data/1b95fe23e7a8454faeba1c4b9a0a8e81.jpg,1
9635,3231,29826,train_data/64ccc6ad9f1f46cfb5bb871d48c2b81d.jpg,1
9636,17651,68584,train_data/06daba30300f46f8bb17045961b25c09.jpg,1
9637,2484,34439,train_data/8085a837979849dbb8c914894a346fa8.jpg,0
9638,7205,65142,train_data/15bc433d812a40519519efb1b3c542dc.jpg,1
9639,5967,54775,train_data/8ec20c58d648406aa77fbb7fda3a6b95.jpg,0
9640,17178,73956,train_data/4e34600c1d5849a5bc9fada7a61a09a5.jpg,1
9641,952,13600,train_data/2dc7ee5c581a4d66a4aaa721e63df592.jpg,1
9642,9361,66475,train_data/a66bfbbc03964946b66fb6ac936cabc8.jpg,0
9643,10300,31494,train_data/6611e733afd64667a029ff00e60fe794.jpg,1
9644,5664,16435,train_data/f22b91e850c84e51836aacca4def1ab2.jpg,0
9645,11508,64453,train_data/03b96398d70b40a3bcb169104f13633e.jpg,0
9646,7028,17773,train_data/335b796c1ade497cb1627ae51efb7451.jpg,0
9647,16623,44447,train_data/fe8d56432bb3499bab06447d30505a6c.jpg,0
9648,3409,64194,train_data/6fd7cc5ce3df474fb874d650c526f424.jpg,1
9649,4775,13122,train_data/bcf192b4e1b044c89035dbf296e3c8b9.jpg,1
9650,15753,43640,train_data/a06a6845d7364bd9b02ec6e37c727643.jpg,1
9651,10784,49804,train_data/675474fd58284dcdb52e31b292b203e8.jpg,1
9652,16404,56823,train_data/26ead836fbc747a2b9b49fddbc491d5f.jpg,0
9653,1461,69822,train_data/bb83992691b240f39de4ae84e86cf7ea.jpg,1
9654,9024,65342,train_data/ad5f4ae8634d402fae05498e013508c6.jpg,1
9655,10323,74249,train_data/02f64e3e0f7d46c28e4d5177c50f9854.jpg,0
9656,7953,42355,train_data/2425035b535d44b5936c6116bff0b4a9.jpg,0
9657,12296,25697,train_data/93b14f1fbc46456cb76147aa4e970762.jpg,0
9658,13274,60164,train_data/4d8db58b5ec9410ab6d46d7e390c556c.jpg,1
9659,11331,72799,train_data/45db38812c0641b6a9429cd2d02a8c87.jpg,0
9660,10259,13863,train_data/e5b537210b9a414284dbddd587ed7ad3.jpg,0
9661,5152,73882,train_data/4a546f89e0f648bf81c1e3fa6d6c00e2.jpg,1
9662,1146,15190,train_data/a5e3658d73a94e83b82fc3a2fc45e763.jpg,1
9663,1937,12800,train_data/4dafef7eb76548a2a5bda81588d87df6.jpg,1
9664,12331,49338,train_data/d8e0e64f682e4d8fafdaba0e4f4f9bdf.jpg,1
9665,17947,37205,train_data/47e925419a92477e8ae595506f3d99bd.jpg,0
9666,17498,48265,train_data/8c7a6a21c3544df983b3b2e1b558ca3d.jpg,0
9667,13391,31179,train_data/053d3b46042842638760e70e63860502.jpg,0
9668,5914,39771,train_data/1ff7f720263f4565aaa32c02e8ff3fb7.jpg,0
9669,456,47072,train_data/04565e6ee2ab4ff6a5794ff40877914e.jpg,1
9670,10363,54187,train_data/d78e008969fd4ac1b28ee3d43db1b0bd.jpg,0
9671,5397,71855,train_data/ceb624bdf9954f9cbf938689c492d304.jpg,0
9672,13436,51523,train_data/9347972d762f4b2fb0516e37092ba75e.jpg,0
9673,3858,45837,train_data/f34aa1f0ea0044dc993c38aeb077ecd6.jpg,0
9674,96,73055,train_data/8cf8fb0e06404efe970f10feb8b2a00b.jpg,0
9675,3130,78438,train_data/91081e6a3cce49189c4409eebcd7bb6f.jpg,1
9676,8015,57922,train_data/940f07db4d4548179c8dfe90e5852162.jpg,1
9677,6780,22021,train_data/9e93c34194a1476c96444d934ec20659.jpg,0
9678,6618,9822,train_data/e453cb6b6d184a58afd13072f1af081d.jpg,1
9679,2627,7492,train_data/6eae102bcc924770a5384d44f360e18b.jpg,1
9680,3773,13980,train_data/753f0ebf06d0415e8bb6f286c55ca5ee.jpg,1
9681,2239,53874,train_data/3f6f225a95a5441f8c6a3e88c17a3cce.jpg,1
9682,3663,28005,train_data/eb7d95f558ec4b4fb5b7863363a491d3.jpg,0
9683,16587,69269,train_data/8d627f45c6bc47e3a9a582f82e6ae8b1.jpg,0
9684,13896,22811,train_data/b2bd22c7b40c4817a467565fe1ee962f.jpg,0
9685,5138,36229,train_data/960d4caa34f942d882bfc952b1219791.jpg,0
9686,14084,8561,train_data/5be24be6b5934f3cb6da773052082605.jpg,0
9687,2389,49985,train_data/7f55a97367354afabf7c928c37ad0c9f.jpg,0
9688,11170,44453,train_data/d7d999ee61114e7ab4693328fa8574b4.jpg,0
9689,15543,76844,train_data/e7eac52f0fa34f6091dea2e1bafaf5c3.jpg,1
9690,3082,55678,train_data/cd2ee71dd40749a0b62c6f93ba15f01c.jpg,1
9691,10733,77825,train_data/e8add40c119b41e38d848b149f2f30f9.jpg,0
9692,11215,18766,train_data/21358c9860e54fc29a195319b22521bd.jpg,1
9693,19860,22909,train_data/61691a11b3e745dfa4b946dd5a280760.jpg,0
9694,5591,28679,train_data/ce0fa575c17a43eba269a38ae6a76ddf.jpg,0
9695,1663,28607,train_data/9ba0962b242847f49688966ff0d589eb.jpg,0
9696,2901,24183,train_data/2fd050de6cac4a89a7ecec843c8a9d02.jpg,0
9697,4099,77969,train_data/28ed149e58bf4224bcb1022d07a46d27.jpg,0
9698,4268,7875,train_data/ed28d93654f04858ba1aafedec23434d.jpg,0
9699,18105,27237,train_data/15a4b703af3b432aa16879bac74d3484.jpg,0
9700,13980,36983,train_data/c9c0d02e768e4d69b298ebfdd813896b.jpg,0
9701,17938,5464,train_data/7963fc484ce646b69d601820fd4cc0b0.jpg,1
9702,8127,24350,train_data/e11ffe5453c7474d917e4d4a2bba7bdb.jpg,1
9703,6883,35775,train_data/a8d2b07245e9486db2a95035c21ffcab.jpg,0
9704,14797,676,train_data/ff7497a131ca46f781c70324182c82f8.jpg,1
9705,10557,67352,train_data/304232ff0fd64ae6b93f34816e99c255.jpg,1
9706,2397,72907,train_data/7e35c0db44e441bc944009c827d2d57a.jpg,0
9707,8899,55737,train_data/9f296b0b477445efb8636a50f5ae3d2b.jpg,0
9708,4184,43941,train_data/2a8714904bc14d0f84959dcef97ec75d.jpg,0
9709,17017,66955,train_data/f6ed1ba6844140b89b5652ccc5ee3f3a.jpg,0
9710,2576,46527,train_data/befd1418b63e4a6b86116d0d27ce1c47.jpg,0
9711,2373,55843,train_data/455d0ad5190e4c3b92ca1eba0e926784.jpg,0
9712,15683,68025,train_data/37bf59623def4386ad83686891f6dbfc.jpg,0
9713,6633,30324,train_data/e2c368a72e724bdaa8e3de218d18159e.jpg,1
9714,16445,31040,train_data/86d25aae5ed9435c8deb19fd9da302c2.jpg,1
9715,15127,26213,train_data/1060f2345905438fabe15d10cbe07c7a.jpg,0
9716,19517,24863,train_data/aa4343431c154e7eb0562775086cdee3.jpg,0
9717,16561,18253,train_data/3a02d94f4e514b7689073ad8e327e8d1.jpg,0
9718,9473,44231,train_data/15aa1eb12b294a0bb0cc057bc20ec1ce.jpg,0
9719,14132,69885,train_data/d29868100c4e4589a3c8445da60f61d9.jpg,0
9720,19779,36377,train_data/135dc8c4ebcb4b6ea2d6a9c22a1eb57e.jpg,0
9721,5640,27295,train_data/ef327cfd82de4c68a5d3ec50591342ef.jpg,0
9722,9001,24452,train_data/fa85f7df76fd4810898bbb0ce7977b7c.jpg,1
9723,9287,49319,train_data/88cf10baf2014451bb7bb0143054cf9e.jpg,0
9724,2515,68582,train_data/62597a91e527445d992be80f9fb38ffa.jpg,1
9725,4262,55630,train_data/a5fc68acbbb441dfba7ef97e92f150da.jpg,1
9726,14181,70334,train_data/39c79c893c064bbead3f6819211a0601.jpg,1
9727,12309,32243,train_data/7f1f5dde775e482ab602b2061990da54.jpg,0
9728,415,69939,train_data/23a0c202808c46eea8cb4caa468975c5.jpg,0
9729,11119,43607,train_data/a4e08c89c025410a9a9ca10ee748b4d5.jpg,0
9730,5013,71500,train_data/53ef2d034be44b6fafbe5e41aab359e2.jpg,1
9731,12465,17247,train_data/82223a9572674334b199f16e1d6b1f51.jpg,0
9732,5778,60260,train_data/65d10bc26d6143b183ee3a40aa120c6e.jpg,1
9733,7188,65432,train_data/a47e31d5bb7f404592ccf30cc1a5577b.jpg,1
9734,11817,30820,train_data/c51bbfdacfe24c63ae13c171875603df.jpg,1
9735,3695,1483,train_data/84627d340127407790269e381432900e.jpg,0
9736,710,14496,train_data/93eca613dfea4f09aa553e449662049f.jpg,1
9737,16342,34772,train_data/84ed8070db2e4f3ca86371dd3f56339a.jpg,1
9738,4503,61042,train_data/1fcfec9ba3ac4ba081f99ea3324a0540.jpg,1
9739,10239,5130,train_data/dac327a0ed64421db2e3d1681108c2e8.jpg,1
9740,9441,64255,train_data/b7027a1351fd49459f401f49461b8ea0.jpg,0
9741,16987,44463,train_data/3e2ee728456c4c7dbe821ded767ca92f.jpg,0
9742,10454,66382,train_data/6ffc941141914991a58de4baefb015d7.jpg,1
9743,1495,61146,train_data/d9475ad899c540fa8fb014a4bc56f535.jpg,1
9744,11693,35376,train_data/3faf74259d344703bcc7a588e4151ce7.jpg,1
9745,16548,38142,train_data/44e5c2662ab549138e0173c8d5a49b6d.jpg,1
9746,6249,29452,train_data/392011be63e149dd91769c77f54d2f98.jpg,1
9747,9433,69321,train_data/f765fde25a86466eb57228b2533f52be.jpg,0
9748,15350,79211,train_data/d83696518e324580a7f6c6299a8d8563.jpg,0
9749,4091,9666,train_data/886f9e05563b4980bf74208470d121ef.jpg,1
9750,16022,65579,train_data/a1627b7e24774acfbd003c2f2e31b349.jpg,0
9751,2888,29366,train_data/5577a42a5f394e61825beea1731656fb.jpg,1
9752,4928,64136,train_data/1136d8961cdc4dbea4a2fdd7e38e5985.jpg,1
9753,14073,60986,train_data/832c3771079043eeb54d6b7398f23a8b.jpg,1
9754,1523,69013,train_data/ca97e0e266084561b1623d3ab8532c75.jpg,0
9755,13978,67952,train_data/17b5370ffafa4a869be04565c83d9b31.jpg,1
9756,16884,54999,train_data/29f65c21726a4925a63d0add8d37b4f9.jpg,0
9757,7249,76913,train_data/a748c575041044ecab2db847f3a17a13.jpg,0
9758,5206,42922,train_data/4c2038f4b0f348a290b9ce4c01129946.jpg,1
9759,1241,1285,train_data/0c9c0c62b3644ca492fe20bcd5c8a038.jpg,0
9760,1406,24582,train_data/d42820e665784c6eae9eb107639d6882.jpg,1
9761,3319,44204,train_data/9828d5d0d6f04b5c97709b3513b8908d.jpg,1
9762,14602,1485,train_data/e60edaf6720643c1a3e5d3c5e0785fc7.jpg,0
9763,916,44801,train_data/e3424c43f51e4c44981d6e0b48bc260b.jpg,0
9764,527,26288,train_data/ff95348ac53e49c2aca9c0f3783950f7.jpg,1
9765,14304,28105,train_data/64f2caa03e8646b18f9a2e0800682078.jpg,0
9766,10312,12724,train_data/a81a85163d2045fb94861a65583d719e.jpg,1
9767,16535,24420,train_data/bd28f55a5bdb4337bf93f354008fe5c1.jpg,1
9768,19654,18304,train_data/6883ea325c2a4eb99fa37eca84e1732c.jpg,1
9769,2819,4878,train_data/5c7609051e6d41e49b772ded85327846.jpg,1
9770,11825,63920,train_data/0ecc7f8d44ed4c9db723b7da25758f21.jpg,1
9771,19890,28445,train_data/3655ef4dd89c41edb7378f8daabfcb2e.jpg,0
9772,13660,66284,train_data/08291b83bfdd48568095fd1e6849c317.jpg,1
9773,19005,67935,train_data/1e383fe037524881a6635563fbf8cb50.jpg,0
9774,6264,70073,train_data/27bad7301a2a4cde9999a3d1d77349af.jpg,0
9775,11378,39910,train_data/e2067e01d6bb4702a56e979b835d56be.jpg,1
9776,3012,64716,train_data/8255aade1a734669b9c3ad0325decbf5.jpg,1
9777,17278,15806,train_data/493cac47685244028bfbfb3ddfbabc9b.jpg,1
9778,9877,47131,train_data/9794e753e9dc412985194530d75951e0.jpg,0
9779,9678,57208,train_data/83e00823f3b044c5a7ecd3e9ca8ad74b.jpg,1
9780,10712,22008,train_data/25e9ab1c3d0f46bfb816ab6c3780b0aa.jpg,1
9781,6107,70798,train_data/305f82adb12a469da7250942ce57c364.jpg,1
9782,774,64254,train_data/c35fac116de0462bad1ab5336b0a621e.jpg,1
9783,11444,79253,train_data/676e217e1cac43508234ac924fe00216.jpg,0
9784,1631,20415,train_data/925f8a0824704a9ba22e87a86a36e9b2.jpg,0
9785,9790,13810,train_data/7f95ac1b0cd24151bbca7370294d9434.jpg,1
9786,18221,79405,train_data/88e71df96723492aa70c76bf54be4f9b.jpg,0
9787,9841,9556,train_data/a0669e0fdd274821bb1b2fc37873b212.jpg,1
9788,8661,18512,train_data/26b0088532df4782bbaf1cecab74e458.jpg,1
9789,2750,3715,train_data/c63650307bde4d7aa598ef36b55b4793.jpg,0
9790,11778,5677,train_data/74816d125b48440abe6a1074be5488ca.jpg,0
9791,12250,57499,train_data/b9be6ee1acd841e1bec467695ea2f416.jpg,0
9792,18697,65651,train_data/28edbbb52fa944169e2f9f719a77543f.jpg,0
9793,17488,20692,train_data/9d571e7dc2a549e782ce0862da46d9b4.jpg,1
9794,11520,61014,train_data/6917f04993964fdc8fc331af28159f22.jpg,1
9795,18492,33548,train_data/d2d9c16a227a4c5ab81fa46d3f9d6318.jpg,1
9796,9183,10813,train_data/35531d98e9c345ac8adf9822dfd4feb5.jpg,0
9797,598,74255,train_data/09f30b26fd524accb01d6e729f4a9977.jpg,0
9798,4562,44797,train_data/70eb16d0d17048b6948457a806a38eb3.jpg,0
9799,12378,20831,train_data/3dd71b1f062b47b3affd218d1d9633b9.jpg,0
9800,4001,79326,train_data/6fe781d35aec4ac6b3cac207190f7f1b.jpg,1
9801,4659,76463,train_data/7eaa9db5f9f54474bc3b74aa0ab1f690.jpg,0
9802,11230,48602,train_data/dae99abcb1d94120ab09f006ee308551.jpg,1
9803,15720,3989,train_data/c076d29c6b0e473eb16b45aff49a3fe7.jpg,0
9804,4684,59147,train_data/4e38d9b3d0b5477d861cb5ffd9108599.jpg,0
9805,12609,6890,train_data/fd4b28c5ae68496892395b0ebe29b293.jpg,1
9806,14855,52479,train_data/abe7eab9e4044471b9cf5c7e8997e8f7.jpg,0
9807,6217,44136,train_data/8e61563ab1db4a21a81a81e3e3634561.jpg,1
9808,8663,79032,train_data/81fa960adfc94207b2559da4088410dd.jpg,1
9809,11720,49312,train_data/7f0cb8ea130f491da3426a2a15480d0b.jpg,1
9810,10806,22640,train_data/9da97506bba540bfb877be3b3036297e.jpg,1
9811,5080,6916,train_data/12d6982687be4705b8510fc948205175.jpg,1
9812,12784,40464,train_data/f6376cba976c44009c3746f5cf76f044.jpg,1
9813,5790,71795,train_data/267c354e0a7c4759844d98e65feaa36e.jpg,0
9814,12834,76803,train_data/65d89a8b18414edaa2c66d58151dda81.jpg,0
9815,16065,50847,train_data/44d44f17f9af45fd91b40ed7b0362906.jpg,0
9816,1446,71456,train_data/b2f16037e4c64e1e9b10bef1c3b2f448.jpg,1
9817,10429,44892,train_data/9afbeffc78d14366a1997b05d1168f73.jpg,1
9818,12833,37086,train_data/386c2ef3c1b34813b8afc9eed744ffd5.jpg,1
9819,14560,50274,train_data/bae9f3ff9e19481ca53d40e90bfce239.jpg,1
9820,12850,46748,train_data/ef56ea69949742a29336efd8002617b9.jpg,1
9821,13950,51809,train_data/acc6b7f1b2d24356b2a82edd67fa8e0b.jpg,0
9822,7309,36306,train_data/b21789cfd5934de8b6580a2db12f0006.jpg,1
9823,7034,71173,train_data/fc006c9225904061a35fa36cc540cbcc.jpg,0
9824,6000,12555,train_data/738ee601b2584ff885e19f4a6bacecf9.jpg,0
9825,2837,79862,train_data/6b7cbe61b64147da96d25d171315c717.jpg,1
9826,12081,9381,train_data/42500f139b3b44b9a38abf0d21ff3097.jpg,0
9827,3757,788,train_data/0ac108fe63954462ac3d74402b15a677.jpg,1
9828,3218,1994,train_data/0e721a79e67540f999d8a326b8e8b386.jpg,1
9829,3520,26346,train_data/7fc8de606b3343789e5f059b46e14fee.jpg,1
9830,6594,42895,train_data/8c56958043114105bb60983e0e183cb2.jpg,0
9831,5947,35663,train_data/dfb28baf32dc43cdbbdec033801e9826.jpg,0
9832,16945,12656,train_data/0f8e0f65e96c460ab7946fa488a5e758.jpg,1
9833,2588,24921,train_data/523a8bc1243043ebabbad8b626d07f13.jpg,0
9834,4695,23253,train_data/69250306236849458ffa5bb5b451944e.jpg,0
9835,12911,14475,train_data/9dfac73efde44c27bb986eb5540b1afe.jpg,0
9836,19157,61468,train_data/1c7632135388487d9bb9ccc9c5a65bb7.jpg,1
9837,5241,58467,train_data/81dcb87146c642059594eba10ac1f4f6.jpg,0
9838,12804,12107,train_data/29566fdeaa7a4afdbc82736166830e5e.jpg,0
9839,12114,72899,train_data/adc6b74acebe44acb5f0eda057db29ac.jpg,0
9840,8643,21247,train_data/b6d8eaca47f94f8f97aaef9a77ce7e14.jpg,0
9841,6806,9736,train_data/fe09c54b2ca745db93e6a1b9583af309.jpg,1
9842,19503,9384,train_data/68f03c7b112c4e8ab27f547f604f433a.jpg,1
9843,9044,45298,train_data/481a8594a9fb486384e8bec028a2f57f.jpg,1
9844,18116,12932,train_data/e613ac0500634ff09b8b610e37f2975f.jpg,1
9845,13819,31398,train_data/56d81c01f8ed4de8bc94efb1581afe4f.jpg,1
9846,2464,13572,train_data/c87e4fb1badb46f3b3ac4c804c2eaef0.jpg,1
9847,11726,21667,train_data/d2e24fbae8b64ea486dad4bc0d886d17.jpg,0
9848,15713,65387,train_data/8dab45439166490da145a0e299983ab3.jpg,0
9849,15035,31588,train_data/c88251032dc148e3a6189c0fda76eda8.jpg,1
9850,4483,60036,train_data/ab4f0302844743cab14c71083b8627c6.jpg,1
9851,9180,33773,train_data/23bb8609b201419ebd7378699577327a.jpg,0
9852,16619,23433,train_data/bb75fe576a5b47138b5b7f3c5027583b.jpg,0
9853,13833,68603,train_data/3bc7f2b27d744bf7af37714370908521.jpg,0
9854,18689,52821,train_data/246e9ba3a46e4deeb1ec7f956c0a38da.jpg,0
9855,10687,29612,train_data/6778c208959b49a5aaf03b4c809e6657.jpg,1
9856,7234,17575,train_data/2162191d2d324734bb59445fc85f1efa.jpg,0
9857,4608,41442,train_data/26d93e1e91d34d4caa8f8233ec18bd42.jpg,1
9858,11682,1330,train_data/61acd6b28e4a48a3b9d5d8d21d63955c.jpg,1
9859,500,59824,train_data/ab883b3a4641421ea3d1885cd23eafd7.jpg,1
9860,10494,9670,train_data/a3bc3f982e0847f387e2578e2776a1da.jpg,1
9861,14923,52861,train_data/1babe3c6650a4a30ace73784847be0fd.jpg,0
9862,1046,8284,train_data/46b5f31bdd5749c8b2e91a8569815bd8.jpg,1
9863,15854,2549,train_data/53d59ae8847c4e93a6891c4d9a4f78b0.jpg,0
9864,9193,64494,train_data/b625fdb8c68043809f708c92b06a3bf1.jpg,1
9865,13175,70499,train_data/1bd2b6874afa4506b99f00ef8e01072e.jpg,0
9866,12550,53430,train_data/0d6277205c4e48b1a838904239a69f55.jpg,1
9867,11521,26446,train_data/a13f233b14ef491497771359db1baeaf.jpg,1
9868,12371,109,train_data/f53f19a1036d4b82b7ba68b7a961ba50.jpg,0
9869,3139,13337,train_data/fe6b52df63f1444d92bdf5bebb5d663b.jpg,0
9870,19639,42295,train_data/ffb2e91d304046bc9b8bce80d5b4f561.jpg,0
9871,11934,34666,train_data/7e4452d4fd9a40559f1de347da804a5a.jpg,1
9872,16429,48701,train_data/13ed65e319ce4332b20383d63f98d04c.jpg,0
9873,777,19155,train_data/9789c9c20d9541c086fcfbe58e079267.jpg,0
9874,10029,29758,train_data/32a4872a250b47d3a10829126d9d38f3.jpg,1
9875,9966,48261,train_data/428a21ef55ee4f279bd1ad03d00a6720.jpg,0
9876,14347,11940,train_data/8d31a3b4fd8f43b4bd3f9f77fce9758c.jpg,1
9877,4019,16354,train_data/f0d00f09ec8e4704801221b62ea16e64.jpg,1
9878,9386,78426,train_data/845b9d135170474a8ded2d332e88a9e3.jpg,1
9879,9553,31424,train_data/abf008ea96274356b1ac2a5b8547b3ae.jpg,1
9880,13676,7173,train_data/376db10503ab4f2880afdc09f66d1715.jpg,0
9881,17360,24595,train_data/6506b197ce3943b2b5328def5102af8f.jpg,0
9882,16053,53724,train_data/fc22f6bf5cb644be98fc695f43407e3c.jpg,1
9883,12952,59671,train_data/710febcce9c543ee9c7782fee29e14fa.jpg,0
9884,18129,1985,train_data/44e920a1190c4c0db3fe5fbc1c01dc61.jpg,0
9885,6083,30088,train_data/b4505cd46d8c43fc98a93121244ac0a6.jpg,1
9886,9305,11744,train_data/dcf3c803e3a14137a0a8ae6434e4aa78.jpg,1
9887,2982,64101,train_data/13d5ba5122f249bab525d70d1a86f21f.jpg,0
9888,18465,41165,train_data/f58d976b88ef488abc57fc592090bae5.jpg,0
9889,17731,52801,train_data/f8109820ad164e95b7f39fb740c580cd.jpg,0
9890,10887,12385,train_data/d4ac2ecae89648069f1530b9da2904c3.jpg,0
9891,5890,74561,train_data/9a04309a32dc46918babb0411efcfae0.jpg,0
9892,14004,16454,train_data/7dcc9651457942f49b42133ad0b6ccdf.jpg,1
9893,10436,54326,train_data/4fd2d9af9e1a48c4b1d2f64d673bcd95.jpg,1
9894,9187,75151,train_data/eb16ec5bf8524e5ead8f1731d16399b9.jpg,0
9895,9156,19080,train_data/5b1d993acaae4f0083215b73e89a73f2.jpg,1
9896,6005,34305,train_data/47462c729b9f4b23a55b85b51ccf9790.jpg,0
9897,565,76921,train_data/1e622a6604c94394a13900bd80b79e5c.jpg,0
9898,4118,35960,train_data/8de8081f37794ef79138bb9507f5498f.jpg,1
9899,5899,76283,train_data/fb5d7fe56fa044279ad1e6bffe409a9b.jpg,0
9900,840,16329,train_data/2f265d036fc24c87881d8ce5e4324c3a.jpg,0
9901,3888,30764,train_data/53fe4ef203e24e5f91d658f8d9af1b6d.jpg,1
9902,9834,35177,train_data/c945f059ac5e4d0b843c63fd82eec26d.jpg,0
9903,13914,3862,train_data/ec7708d56f654ea896a4cebeb32955fc.jpg,1
9904,7641,30069,train_data/b25d45c8bce94f4fa44af53d73b2a2c4.jpg,0
9905,16916,18629,train_data/4c7135815f944f4a9ba3944c59f630dc.jpg,0
9906,8655,36581,train_data/4773a6b14f45439592613f90ee11f01d.jpg,0
9907,2666,37907,train_data/e20cf94c37964078b8446e7936047f33.jpg,0
9908,9341,53057,train_data/791ade57e556402295677afd3e528aa3.jpg,0
9909,4092,71859,train_data/24a09a7313d841e89947e5c5ab10550c.jpg,0
9910,765,35718,train_data/8e06ddc3badb49fcb509db66ba2b398d.jpg,1
9911,1440,74519,train_data/25a17b37df324ab5b8fdc6241d85db0f.jpg,0
9912,11776,15885,train_data/c4760490bb154c8fbf9b3bd3ccf414b2.jpg,0
9913,19318,13506,train_data/a767d615da6b4b96974d889b5ddf39b0.jpg,1
9914,3872,33438,train_data/3be88b5a303d4c07b370247b4ea40188.jpg,1
9915,16117,72612,train_data/d3c6d314cf1d4b6dacd32d6bcd508064.jpg,1
9916,18341,50587,train_data/517031c87dae4563a8ed4734b770733a.jpg,0
9917,10008,62401,train_data/a26e846b67b94c4d879e2d7ed1b92724.jpg,0
9918,4865,28175,train_data/cce70208e49d4b52a88d902f07def5cc.jpg,0
9919,14458,62684,train_data/7fa5b64cd0ce41f08c8b408589806b39.jpg,1
9920,2620,25983,train_data/90a43803dcd14f1d8be3a8808ef6572f.jpg,0
9921,18704,71364,train_data/446b5a27fd8c4f16be94d89e59a7dc39.jpg,1
9922,12586,18092,train_data/2563d06c79fe450dbd080de9d5a0b690.jpg,1
9923,15301,5896,train_data/e96c86404a744d01826ce7f955af0b7b.jpg,1
9924,6709,26895,train_data/adbf652cc1bd45149656a96863a79ab4.jpg,0
9925,3026,14181,train_data/6672c88f53c14ceb9b14f96f46cbceb4.jpg,0
9926,14433,46793,train_data/89dc44be15eb492fa7b6fd7e4aa3f4e5.jpg,0
9927,4102,38370,train_data/cfbbb9d577d442f68c77e6ed02d51341.jpg,1
9928,1298,5671,train_data/8fcea3d632a349f793c548cfb229f9d2.jpg,0
9929,18638,65571,train_data/5ca210a324694202b0e27d69e3e54e12.jpg,0
9930,6338,13765,train_data/f1b436841ca04d49965210821d98ed7b.jpg,0
9931,2022,8750,train_data/956a34b936e74137a8dd3309d44a1f80.jpg,1
9932,15656,26864,train_data/3785f669f1dc489b89dd9ec5898c837e.jpg,1
9933,7372,33283,train_data/dcab07ea04b34ebe90a846a6bc110a24.jpg,0
9934,9385,52820,train_data/65ad5a5224624af5a227dd8c8dc86501.jpg,1
9935,2685,5735,train_data/65c8e380014a444da56dae4f30695f20.jpg,0
9936,17628,17287,train_data/a0f8685a8a24434ea45084b61336dbe4.jpg,0
9937,19642,72438,train_data/4daed2b741ff4ee9b8e3332d32fe8b43.jpg,1
9938,7785,78581,train_data/640694c4d6e24b0e917e9fd114d08731.jpg,0
9939,1025,20331,train_data/af73658a2d374820984a338090a55012.jpg,0
9940,14773,66317,train_data/b0e524a6899b4f279a15c93c732aabed.jpg,0
9941,9404,23288,train_data/adb2043988d8468cbe70c84b8a582630.jpg,1
9942,8650,27858,train_data/f9c2b05f90554b52b8cad5593773b8ae.jpg,1
9943,13553,38339,train_data/89860183cf9f4d4997403db9e916bbe5.jpg,0
9944,12469,52090,train_data/b6427edc20de478bbe3a796acfe4cbae.jpg,1
9945,17637,47276,train_data/8236b43c6090468c8914702a889f186c.jpg,1
9946,15844,15159,train_data/ddb705c528874c24a317243a625cbb3c.jpg,0
9947,9537,65689,train_data/3d28708e7dda4569bcb6c0b98216bcb6.jpg,0
9948,9636,43145,train_data/1670ce862363441db83b6989ffc7395f.jpg,0
9949,3499,61081,train_data/5fb9b5d575d54fb998fed57e667f3082.jpg,0
9950,2496,64073,train_data/76a9317bb1444b188232ca9f678877db.jpg,0
9951,11209,61239,train_data/dbcefc78e0b74c29a778338771c3a341.jpg,0
9952,11255,43817,train_data/47332f41675845159f48738c98b1e57b.jpg,0
9953,2422,52369,train_data/0d721f6c978d4cc98dd4db8205bc17fa.jpg,0
9954,10389,61462,train_data/9aa9ce87c0a34cb4acaf55e9253812cd.jpg,1
9955,10821,24954,train_data/169763ce767343e08af402c9860bfc76.jpg,1
9956,2732,46208,train_data/101525fe60a746e5a3952eb92799d91b.jpg,1
9957,80,75891,train_data/8d14789fe4244e9b97f20a47d123135c.jpg,0
9958,4217,65106,train_data/2c3c6622e0894000a571a5ea5ba89695.jpg,1
9959,4242,52670,train_data/6c68da554bc9420284b95c609a35f268.jpg,1
9960,3811,78579,train_data/63f52993c9d3499e9fb0ff1e2987f08a.jpg,0
9961,19306,43664,train_data/cda041cf7d954c73b75e3ee62666b0d0.jpg,1
9962,8148,49617,train_data/9b29619b24364db49dea993eeb899d92.jpg,0
9963,18231,45050,train_data/f4dce61b69764a8884dbd70cbb9cc23a.jpg,1
9964,1359,37899,train_data/1b60b03d38e241d09a6d5ef2a6aadff6.jpg,0
9965,10714,46535,train_data/464dea981aca4885954c3e05f470bffc.jpg,0
9966,9840,56946,train_data/28f75c2be4a6446487c5e89e1ba5c7f2.jpg,1
9967,17142,14090,train_data/e056bc7c9e5149d391705ee325bf6cf9.jpg,1
9968,2162,72726,train_data/19725a5a6d534ecfbe216661ab22c3f8.jpg,1
9969,879,2310,train_data/1063ea24e885411aa7bc23709b7c2317.jpg,1
9970,1578,74613,train_data/047c233347d64b0bb69cfab4c8ac42d4.jpg,0
9971,7573,69694,train_data/c34e84c88a13492f941dd2067576b2e7.jpg,1
9972,1509,53562,train_data/ba9f9e1d07e0439ea636f5c5292b2bd7.jpg,1
9973,18763,38628,train_data/4b3b8c86c10040cc914d5b4c7123e4df.jpg,1
9974,15658,41346,train_data/78247ff2c67543d2960c28b1e688ebee.jpg,1
9975,4112,32134,train_data/b7ae865d38ae4fe8978ab9556542544e.jpg,1
9976,14443,73878,train_data/75cdbf176f6b4045922b6e4e6e177f6e.jpg,1
9977,1845,19379,train_data/21deddc12efa47db9e74be60c07e711c.jpg,0
9978,7838,56752,train_data/1d948c99b2fe43f7a5e760efab1450c6.jpg,1
9979,4568,44058,train_data/2b47c087004847c1a64242219886f369.jpg,1
9980,6963,16152,train_data/bcea683b5eb9468a95f3167f0ad96516.jpg,1
9981,10098,5676,train_data/b7d4b23b68a440569a65cd31da3dc732.jpg,1
9982,19284,77493,train_data/14deb951359c48479afade0f17ef769c.jpg,0
9983,12761,24444,train_data/84f02470b3d046feaaf2e6a4d3bd21f8.jpg,1
9984,5279,20901,train_data/c46ed33ee0594fc6ac2d6d8055768114.jpg,0
9985,11610,24523,train_data/3f0184c3c7b34a1da7066d20920a5497.jpg,0
9986,9434,18544,train_data/5cc2a95cbe7f44c19dafa87a58d7e05a.jpg,1
9987,3614,12044,train_data/74668b86d89943d68906f3b13d27bb5e.jpg,1
9988,2108,65846,train_data/4658873b3dc347b68816d74f94a7917f.jpg,1
9989,7773,79235,train_data/5acd250c0d71446f97d000073bbe27f9.jpg,0
9990,15667,48439,train_data/08b0647008384f1ab07c1c263b8f0356.jpg,0
9991,6032,25949,train_data/24fd3d28d8de44edb582bec4b0ffe8a1.jpg,0
9992,5323,73617,train_data/da0aea4c9be54a6f87483107492c33f2.jpg,0
