,Unnamed: 0.1,Unnamed: 0,file_name,label
0,9830,36906,train_data/7c46daf5ca494ab6bc65f58144955a88.jpg,1
1,790,16269,train_data/3b94289ac1e44ec49af17acf250ad4ff.jpg,0
2,18618,53672,train_data/2fa67488b45a4987aebea8f14b546882.jpg,1
3,9973,24062,train_data/c5f0a28cb9a34ec7a998de2fce4f296b.jpg,1
4,11393,79854,train_data/0b11dacb1f0c47eaa3dbad07e6942836.jpg,1
5,198,41673,train_data/97ecb425fab9434bb8cd1251dcbabfd2.jpg,0
6,18061,32906,train_data/5ad66667ef854827b5c3dcb08a729069.jpg,1
7,12279,43236,train_data/4d042c11a44a44cd83e2686b9e9f01e5.jpg,1
8,7675,58812,train_data/25e4be00ba4c4af39ed222121ab39c0e.jpg,1
9,13385,41265,train_data/d152403537bc439281b664bbda75415c.jpg,0
10,548,40790,train_data/ec1fc4b483304c9185fc48f6292ec312.jpg,1
11,3339,48342,train_data/ae6503b9eebc45fba8714ec99c640ef3.jpg,1
12,12940,24555,train_data/00f6ca9a8660431495f8e3b36bca2451.jpg,0
13,15050,26635,train_data/8bfde80117d44167909925585ba70867.jpg,0
14,15008,65477,train_data/32c770fe8afe4db5a478840a885d8cd4.jpg,0
15,7465,47168,train_data/b7b61e3591df40318a219f42b53b6e81.jpg,1
16,11772,75316,train_data/c74e1c981c54451e951c41333118f9e1.jpg,1
17,18347,38688,train_data/2d5fda6073414a4a98b28c5b651e5a34.jpg,1
18,17600,56001,train_data/88c527850938403e808fbd1624de8085.jpg,0
19,10506,52325,train_data/2e7da7c343e246f9974da903d6f24fee.jpg,0
20,19859,35100,train_data/92ded90cc0b1495f96aa22e753b618be.jpg,1
21,13277,77413,train_data/69b1625c33c94bdbbd82e55844126527.jpg,0
22,18187,27614,train_data/9ca57a54e190408bb8fcf8563ee7c5a1.jpg,1
23,7533,58689,train_data/5c969b81058241b7b517bd6ce27c0d74.jpg,0
24,19184,63496,train_data/deb13fc76bf4449b92a52d7a7714e7ba.jpg,1
25,66,47749,train_data/44a5e853cf534f0083525b52bfedeb0a.jpg,0
26,17448,57592,train_data/dfc92a2ff26b4f959c5d34623d92dec6.jpg,1
27,4712,36925,train_data/497954b3989e4196b6e701e213ed3457.jpg,0
28,5214,23400,train_data/16528f4cf1ba4ae2ae251c9618d178f0.jpg,1
29,11452,1536,train_data/c6baa6b44494493e92adaee7d24667e0.jpg,1
30,17944,15757,train_data/93aab3fb7309471fbe7144e94a1976e9.jpg,0
31,5033,4584,train_data/9b4fd4ca8d934a04a57d2fb7016b2393.jpg,1
32,6915,49820,train_data/b54544fc1e3e43a9b80448bf50447c80.jpg,1
33,2572,35626,train_data/fac0bf3325c0434781e3f593213b45dd.jpg,1
34,17348,79122,train_data/b778842941cd44dbb711745a162dd421.jpg,1
35,16992,43045,train_data/e97722f76f2540c7a271428d40e59472.jpg,0
36,622,20217,train_data/e416e22425444e46b385867860266a55.jpg,0
37,18212,47516,train_data/71371a82208a4cea9f803bafbed6a49a.jpg,1
38,6222,53593,train_data/e3ef064ba5cc4b7f887f146eeaf2c01f.jpg,0
39,787,38534,train_data/b8fc0c37d8dd46f1afc557d8ae2415d0.jpg,1
40,3332,33707,train_data/b85347fcd4014fa39b58c50a4e3f9e1a.jpg,0
41,15141,48748,train_data/6bd690a56d3848e5a31d913987ed9576.jpg,1
42,19629,24423,train_data/7295a6ba97eb4c2cb0a40b4ec49f3108.jpg,0
43,6008,12035,train_data/1eb827937114429abf47c351e813199f.jpg,0
44,16839,9396,train_data/7b76bc878d484f5e9b0988c5f41cf229.jpg,1
45,8334,9455,train_data/6d83968d994c49a68c7c90dce71b3979.jpg,0
46,19067,15208,train_data/451dd87f39bb437e8b13cfc53831e308.jpg,1
47,11472,6359,train_data/35860a66240a40e98c40e840fbd1417b.jpg,0
48,15308,56564,train_data/dcb3fc75e3da496387910374c2168d76.jpg,1
49,16815,39724,train_data/16765260624d4f7cb8e82f169a6101e4.jpg,1
50,13448,57509,train_data/ce98f19b0730484a9019d44fd70df55f.jpg,0
51,17009,22160,train_data/eb41eb693be444ee9e8f11815f75fd71.jpg,1
52,18710,2193,train_data/730440a2ff2e4966a30086c5f06e11d4.jpg,0
53,12478,18056,train_data/0f351e2f92154a0193297b24358defde.jpg,1
54,515,3214,train_data/545e40beaac1457dbb18d7dc738960fb.jpg,1
55,478,8883,train_data/0ac2f1c8b6624a2ba2bb977972fbf587.jpg,0
56,13640,4894,train_data/1bf22b6da60d49eb89e5bd365db9f148.jpg,1
57,4476,27697,train_data/f95111a1fc60483fa0f1406e230a5a8b.jpg,0
58,9971,39400,train_data/e927ca38ea5a444a9f1c259dbc3ccbbe.jpg,1
59,10839,37557,train_data/51aea86277814347b56124ee5ef22ba5.jpg,0
60,18130,76863,train_data/e220b2c6cc9f467ba61a216ed5cae634.jpg,0
61,14417,60434,train_data/626e96f0d9fc45adbfc07e28514503ed.jpg,1
62,6899,13203,train_data/dcad5c39b6344718acbc0af970a1db32.jpg,0
63,16668,59413,train_data/fb32006b63f941aba35d086801698a28.jpg,0
64,1033,15118,train_data/ca605f37715d4f6e82c4533861efbddd.jpg,1
65,16203,18441,train_data/9b1180fafc7e4ab8933959c719db8e1a.jpg,0
66,2598,40226,train_data/721dbf4c8e334b73bd5a111c43c2fd0e.jpg,1
67,1514,34368,train_data/a411b4469fa64c319ae435c777bd2dbf.jpg,1
68,6191,53329,train_data/4f180622d78d42eda963b2f6d08f6226.jpg,0
69,17067,21917,train_data/16ee9c48ed684cb8ad054902d753fe4c.jpg,0
70,7237,69421,train_data/d789685c68e442fead87a36f03c982f2.jpg,0
71,5753,62346,train_data/678fcd64325a4e2eae98f7f9d518bc72.jpg,1
72,2068,60051,train_data/7c4185d3c0924b2bbc833351702eac45.jpg,0
73,18595,14494,train_data/c356b751b93240ca836528f695b2ee5a.jpg,1
74,8236,43811,train_data/47593633116747038b59d4af3265aae0.jpg,0
75,8536,66301,train_data/16c05690acd94295bc66dbc0b43240ab.jpg,0
76,5521,27101,train_data/8aaeaf17bea64faf98ad230ca9f42d5e.jpg,0
77,1462,54489,train_data/3d4f84386ad4415292bcc1b5c512e300.jpg,0
78,7915,15113,train_data/c02e158d472d474cb7278cd788f4094f.jpg,0
79,1871,54284,train_data/5099f8b59bb74e74a6bc4e879b78d0d2.jpg,1
80,16436,33409,train_data/d2e283acfc764e439601e446b0c37db0.jpg,0
81,4576,2885,train_data/79be08f945b44fa99b7336b6886473fd.jpg,0
82,18261,55584,train_data/e7714e6fe95640ca9ddf1711ac692fbf.jpg,1
83,7209,22916,train_data/e7b20c3717664d5f9c89311f7d43c797.jpg,1
84,9856,21619,train_data/02238029b38c475fb3111bd7008ee8b3.jpg,0
85,11080,51084,train_data/7bf0aebcdc1646b0870affc04d3031ff.jpg,1
86,16439,2927,train_data/5da6e61fe822420495117b721b42238c.jpg,0
87,7349,31909,train_data/defb227e9d24411095a06616cd4f6c7d.jpg,0
88,4623,18532,train_data/ad33e22a74fe4444ac4bcef0eac0241a.jpg,1
89,15461,50608,train_data/116762fee71d4ec89d423f589056e663.jpg,1
90,4818,63117,train_data/d701af8d67db4a8eb3f7f4d3ded4744d.jpg,0
91,220,13609,train_data/db8f6086bab744ab9ed33336495bfa45.jpg,0
92,9953,15061,train_data/bad966f485894ceb8e6b772d98d11623.jpg,0
93,12632,40651,train_data/287e4311c98c424185b696aeebbb34e4.jpg,0
94,18276,79475,train_data/dd1c298ddc1a4ede9035235ae7b3b41c.jpg,0
95,12778,26868,train_data/d51db4b50dd74928a7eed259214589ce.jpg,1
96,11389,37975,train_data/66d8033ccd464511b5db75eef90e66c3.jpg,0
97,17612,43538,train_data/ec037d24fca94534a334308b19a2d3be.jpg,1
98,18210,60377,train_data/69c508655cdd4d1883394b389706afae.jpg,0
99,2476,29182,train_data/82e12d66031a42688d86977de8d7aeeb.jpg,1
100,4248,6552,train_data/b85a0483be1946beb815170e2918d571.jpg,1
101,6115,65292,train_data/5e1fd5992c9849ae9d91dd5e874f0795.jpg,1
102,19165,34673,train_data/0a80ac81b26047ccb7779a711fd2558a.jpg,0
103,10941,52557,train_data/a6257fafce544ebfabd9cd233588f8cf.jpg,0
104,18348,66482,train_data/96ffff78b8dd474d91cc7f0925ee0146.jpg,1
105,18871,14013,train_data/b93fabb40edf461696ff4b4a2a29f478.jpg,0
106,6487,73243,train_data/bfa0137fba0f4cde8166217bf3624332.jpg,0
107,15394,44207,train_data/57c30f28e2224fb7b8e7be852b9704f2.jpg,0
108,10099,36015,train_data/0c1ff21a09164a4d9ed3ec253c4cd74f.jpg,0
109,9456,46797,train_data/758af5be30514da09afefd6eaceb57b9.jpg,0
110,15894,18965,train_data/15d43cf4fcf147d193dc70612bc91e54.jpg,0
111,12433,9073,train_data/2519e4fd608c415b9db2fcd32edfb587.jpg,0
112,5650,35869,train_data/1571fb716b304333ae2a74d63e8bfdc5.jpg,0
113,18943,8641,train_data/4b90d9bf7d63416fabcd590e88039254.jpg,0
114,19102,50712,train_data/9deb293bac894342870bf6d9d4fb480c.jpg,1
115,19263,31402,train_data/b727b383951447169571c18ad3937d69.jpg,1
116,8052,54190,train_data/023d2bd01bad41f5a9aff90b2524e295.jpg,1
117,19338,50887,train_data/18f3b178634948918dc81b30087a345d.jpg,0
118,15245,30717,train_data/c50e844915c441caa944ec5f7d71359d.jpg,0
119,19556,75841,train_data/0acdf87292b64d2592c3233573788557.jpg,0
120,2881,40932,train_data/50363bfe43f14aa7b6db782fc8be62ec.jpg,1
121,1677,4413,train_data/9ec85fc3a534404b81d31392c0a363ee.jpg,0
122,14582,10113,train_data/5458341b2bd743f4b40e5ac2fdd7e1b5.jpg,0
123,6060,53917,train_data/89ee9c3af55747bb831512040d9f03a2.jpg,0
124,901,61586,train_data/7aa40439325341c8b345bb474b2536a7.jpg,1
125,17514,32949,train_data/a577c788aa614977a92808cc986740d9.jpg,0
126,7164,56460,train_data/e24c7f84f0a7417eb40575b197a3e35a.jpg,1
127,2296,66701,train_data/a656d947434e4a0eac7a608f9c55b202.jpg,0
128,11594,32244,train_data/1eb3cd5a9b9f425f9772b0bdb65e8c1d.jpg,1
129,16248,423,train_data/34c4655387d84878b1d5bbdb6e901474.jpg,0
130,8488,46519,train_data/6090083995f0405ab803d26b6da331ca.jpg,0
131,9713,43009,train_data/a410fb8043804a62994075ed84bc4411.jpg,0
132,18120,45575,train_data/f5baa36438d24d5fb2557a28e76ff403.jpg,0
133,13848,53954,train_data/7f3b59b5c73846f1aa9fe457f57a7d4b.jpg,1
134,14724,70299,train_data/8b2259799c43423b8a673c5402691543.jpg,0
135,14298,52152,train_data/c14299a8a35846d1839387a4ffbf7ab2.jpg,1
136,8219,23509,train_data/1e5ebedf02f34b84abcf698e4e772162.jpg,0
137,14763,41861,train_data/f29686ed1f304e0684eed40738173508.jpg,0
138,17227,74398,train_data/322451a15faa4c93a4e2742e30f22e7a.jpg,1
139,6772,28551,train_data/6acb8bd7f62f4fd99599678d61abd3b5.jpg,0
140,17205,61579,train_data/ebab99b42c86468ca5dea61d94c3c6d9.jpg,0
141,11923,4276,train_data/ac2514003e6642d5998edd47c4f38deb.jpg,1
142,11440,24672,train_data/38b8803ff0d3424598ccd41c39591670.jpg,1
143,16224,68224,train_data/3ed97fe64c854074a56b3038707d78a5.jpg,1
144,17841,9062,train_data/c0adfc8e85a3447ea51b83259706a33f.jpg,1
145,17735,41225,train_data/1f3ad93172a04c68837a433ee574a47f.jpg,0
146,7257,60859,train_data/53fe604588634d0d90e202cdd9b397bf.jpg,0
147,2580,74730,train_data/d4a15d7f5cc14381a8c4510482f28d5f.jpg,1
148,7966,35506,train_data/fa938053c41d47fd84ed266138c7c068.jpg,1
149,2156,51946,train_data/293981f391c945b7aec28cafba01128a.jpg,1
150,4340,22988,train_data/2d6e44e0891b4e068b79b5869220e179.jpg,1
151,12936,49120,train_data/13d5b05e407b4f519010abbb2d6208b6.jpg,1
152,9562,20194,train_data/8920a21217ec4615b5e88260f164201f.jpg,1
153,19853,66494,train_data/7ff03760456a443aaf3b49031cb041ee.jpg,1
154,10586,74480,train_data/9fa47e9e39304f60846bbbb1d7de6054.jpg,1
155,15994,75666,train_data/95fee4af52224a8d8468b12f3fbbb343.jpg,1
156,13743,41668,train_data/4b2537e92f3f4f78bea17ab0d2d71936.jpg,1
157,15274,43493,train_data/4e9c55de79904fc9a11c3e5885eb340f.jpg,0
158,5254,50134,train_data/f67cf1d07e2341a4b1210dff2715ccc6.jpg,1
159,681,33080,train_data/377e401fa6454cbb981875ccea81bbfb.jpg,1
160,4530,21911,train_data/889882ca5c5b4e10a9710763089330d6.jpg,0
161,12967,54049,train_data/ca758a272ee34baeab53a4be85f1a2bf.jpg,0
162,13614,11729,train_data/671cbddb218946a794587b50d44c70c0.jpg,0
163,3159,40608,train_data/5a7c720620f148458e7373c34bedbc08.jpg,1
164,17077,73633,train_data/575eac00ce7f42f0adcec8e8bbd09602.jpg,0
165,2987,30696,train_data/886a71a88d164161af0b278ea8ca14c5.jpg,1
166,4908,56461,train_data/0db5349c87ac45dfb120dbad3b3e2afd.jpg,0
167,1882,74115,train_data/b64f8074de9d45089d694c762ce8fec1.jpg,0
168,14169,40460,train_data/00ddb50d7c3b4ee99890d17d0e9db77e.jpg,1
169,18947,6519,train_data/86dcda4657e54a8e94198a4a8789def0.jpg,0
170,1940,36961,train_data/b09de0c3893d4408aaad90fb78b07ec0.jpg,0
171,3296,75516,train_data/7c575fd4974d47789bdb26de6c50843d.jpg,1
172,3534,6648,train_data/16bb7c37060f4539a6589079fa21ed3b.jpg,1
173,5974,23300,train_data/4099ee0c378d4cf5b85819614b35c4e0.jpg,1
174,3729,10784,train_data/6b163cd6b8334be9a0e2443bb1d5bea1.jpg,1
175,490,50832,train_data/a8293acfe2734c83910a411592bd4e31.jpg,1
176,5708,28472,train_data/6b7da98898154689ba2837dcde4f589f.jpg,1
177,1181,19421,train_data/6413d335351f49829cb44fe6e65312f4.jpg,0
178,1375,23046,train_data/24e657b898f34844bb5cf05035441764.jpg,1
179,5014,39753,train_data/8b079aaa13584f338d023e49f7fca63e.jpg,0
180,11606,54134,train_data/de4338f8f5ec496b85ee1b8a20397065.jpg,1
181,12351,31885,train_data/c5a32fb7f0dc4b11b82c2cc20065655e.jpg,0
182,626,15822,train_data/de9b4939cfbf44449405279b9bf046cc.jpg,1
183,4758,14592,train_data/e3f3adb963434efda3daee1ddf943daf.jpg,1
184,13957,53202,train_data/518de695eb1646779b3a5f330d071cb4.jpg,1
185,10304,51799,train_data/7fdcbd0d84b746b3a11d6e2d154ec31b.jpg,0
186,3560,9887,train_data/42e444573d934d93beddc58f6ee8bbfb.jpg,0
187,6040,47808,train_data/0a28b248685844819a87fb9c0ae26849.jpg,1
188,12372,39450,train_data/767e4a3d47904e65afe14531f2db6fab.jpg,1
189,17141,10969,train_data/2f226ba17a724a5086ca9d8d25b95713.jpg,0
190,2841,30790,train_data/b59fc09833d04bf597e7d0ed6297ce51.jpg,1
191,4180,54838,train_data/c4230acc97434fda82eb071c7465c9e5.jpg,1
192,17422,14218,train_data/26a003f6ec404bafa6ee55d058bf1249.jpg,1
193,14344,23604,train_data/efc51ac350e24b769f5d5f78c3522806.jpg,1
194,18169,3648,train_data/f2b04a8605314166be8456ee54f32f98.jpg,1
195,2887,47294,train_data/95a8a84d02fd450ea0839d5072f5a9b2.jpg,1
196,16476,55926,train_data/3f8a86e3af9f45fab2029ab452463136.jpg,1
197,8876,16759,train_data/383813854dc540388682df0d8cfd8edb.jpg,0
198,4539,59046,train_data/a1ea2ed2ce0d421686007673b3cff3b9.jpg,1
199,12706,58173,train_data/8230764ac80847c992ee2149e88eb7e5.jpg,0
200,12271,26892,train_data/6d8ff1c876e643a4962a7003fed741f0.jpg,1
201,6683,71502,train_data/5d99faf8249c4a1cae02be4901cf9780.jpg,1
202,6671,5491,train_data/a5b02c991ba74070a7102c36e24f4f46.jpg,0
203,6453,54193,train_data/51f800ba5f6540188af5e2a782e9d7ab.jpg,0
204,9211,26530,train_data/c860e59d681c4242a2f68cf554a5853d.jpg,1
205,1366,73888,train_data/72f063bbd1e34039bbd7b7c9cff0f751.jpg,1
206,12108,14317,train_data/a4c7424e9ed443d8a66ae3c838ccc5ad.jpg,0
207,12581,61505,train_data/da8b826403704e818f4219c56a479546.jpg,0
208,2639,45803,train_data/25334783341c4d7a935d3a4d90fbb9c3.jpg,0
209,1191,5252,train_data/52072902811f4bff94fc39c1ccf0f3db.jpg,1
210,5602,6990,train_data/b16a741dd92143b48a416448ac642f32.jpg,1
211,19034,66818,train_data/c824d1ae625c435c96cfbf5c9867321b.jpg,1
212,13921,5360,train_data/36b8d5c7998c4629a131deb6fe225e2c.jpg,1
213,5730,63670,train_data/3fdcbeff5c9f487bb702416c9132251c.jpg,1
214,7204,35280,train_data/264a9f36d4ba46f184c4cabb3d2553d2.jpg,1
215,5296,23920,train_data/13f85806bc594aa5bf231216b6dea191.jpg,1
216,3197,66522,train_data/7894e6db5f0246a9b16d0a259811b172.jpg,1
217,19693,48792,train_data/16936e84f30f4d488b0aae796d80260c.jpg,1
218,12979,29043,train_data/ae477f1a98d049148f16c8a00ba32ea8.jpg,0
219,2938,52580,train_data/aaf9f17106dd4393b70d7498621a199a.jpg,1
220,17339,60407,train_data/838da93394db476185402296c3ad1907.jpg,0
221,16583,17026,train_data/84b0e702e89f4b7bbf4ec46d4a416c3a.jpg,1
222,18658,20950,train_data/9001ed6378c6428a9c4ea7d65436d232.jpg,1
223,8890,16064,train_data/43a7e5aa5fc447059eaf3e9f26656a0d.jpg,1
224,10171,73343,train_data/e1c831e5c5324458b5a7ff884b6a3b2d.jpg,0
225,5979,79431,train_data/74eac96bfeb84b5ca32e69c93c9582ec.jpg,0
226,11995,21479,train_data/3c646c31099d4bb29facfae8e1481cc2.jpg,0
227,4534,47012,train_data/477bbef38b8b4191939552b22ae9c5b4.jpg,1
228,16483,51606,train_data/fd11268b6a184492ac29e9f45d042ab4.jpg,1
229,10065,25140,train_data/15d31a2a385547e4bfcfc87669b31a58.jpg,1
230,11538,24298,train_data/d5ba3836827f4e53b362f881ad947629.jpg,1
231,7669,51152,train_data/74f77bf4e59d45349148f8bbfa2d1e1f.jpg,1
232,7607,32127,train_data/a28130661b684de2bfe41ab39cc3c887.jpg,0
233,17510,33198,train_data/47f84029e3ac4e799ff65f9dab3e16b8.jpg,1
234,6869,67287,train_data/fc89737cbf1742428ae86a3845d597d3.jpg,0
235,15299,30510,train_data/e8b81047c74d466bb72857787dd46480.jpg,1
236,16105,11633,train_data/0561568bf1634b5982aff233af060385.jpg,0
237,18662,68182,train_data/1cabb541f51e46908a0439132672c364.jpg,1
238,12992,59162,train_data/30fcc8dad5af4249ac9384cafac5c92a.jpg,1
239,10472,57691,train_data/5259e2f326984be498e1b8319e561e5c.jpg,0
240,14814,35792,train_data/55535a9b1b774e5dbce01b285bee5126.jpg,1
241,14314,36930,train_data/dc88c4901c694d12b863115a160696ba.jpg,1
242,12661,45128,train_data/6a5cac8c447d4b20bf566799fcac1134.jpg,1
243,13325,46472,train_data/1e8e7ec9c2b448d6aaf34bb269caa2fb.jpg,1
244,19728,30141,train_data/c5b0dc6660be4bc18e6addd631038632.jpg,0
245,6681,58163,train_data/38ddf3f5401c4d3d8bcf308d658cdd6d.jpg,0
246,5428,73691,train_data/68dada98a61c4da39fe7a5c4183badc0.jpg,0
247,9190,971,train_data/24b6b983a7a54e5eae05da10a0f31041.jpg,0
248,12322,50188,train_data/beb289b66ec547c6ae123189e796cb62.jpg,1
249,5266,15359,train_data/821931b190864e41b0e82d5b40c50a42.jpg,0
250,3786,35861,train_data/e0d89fa5ebd54e79bf3e032504354cb9.jpg,0
251,3510,43987,train_data/6af59bf20f5540e8a40148e3b6bec2e5.jpg,0
252,1784,5548,train_data/19a8aeeb1aae44179b8f74189642b956.jpg,1
253,11374,20209,train_data/c253495c0f8d4617b3b53b77cd887982.jpg,0
254,13425,13320,train_data/577af29a13ba43ad98598cf6b95fe603.jpg,1
255,7116,1805,train_data/dfeb63af76774154a98968b35f4826d8.jpg,0
256,494,56308,train_data/6e097281bd9142f3a7bf3791dbfea6d8.jpg,1
257,14847,12019,train_data/2a5a6214d9454f71943bb98780b3d4e4.jpg,0
258,10046,2284,train_data/90552fb8370849a786b464061f2845de.jpg,1
259,14341,54998,train_data/cbb14cb54f96428abb457fffd8a4a184.jpg,1
260,11052,26306,train_data/10388a856097445783d8d9c5086c553a.jpg,1
261,2038,67709,train_data/b5668871e1074f169f1e83d9232ca33f.jpg,0
262,4041,56555,train_data/9a6b8d7b34dd4b20938afbe4c63de716.jpg,0
263,9281,41245,train_data/9ebb1789a5634b2b976295db0c97406f.jpg,0
264,2897,28262,train_data/31414d5197aa41ffb76e87c870b413aa.jpg,1
265,8558,65442,train_data/207b988b6eaf4a509c86defdd040a278.jpg,1
266,9041,52361,train_data/6db2439db42f4d20aa3c24dfe83ed3a5.jpg,0
267,16026,29706,train_data/e13e3b99b57542ffade5f44c4ff5aef3.jpg,1
268,14792,5881,train_data/253b15cdb7964f8d9b4c442591c28ac8.jpg,0
269,16969,15720,train_data/a4e100f284424e6b971cc29f0f944893.jpg,1
270,19548,12262,train_data/53f156b4ce7648d392017527fd220695.jpg,1
271,17878,10757,train_data/efe9b489160248a4ba2fc22589586d62.jpg,0
272,2653,49397,train_data/88d7b82bc9e14242bfad792d074d817b.jpg,0
273,18162,64177,train_data/ab53bec53b8f4638a1771a82252b0bd3.jpg,0
274,5911,67114,train_data/0a3f1360cd13425d88bc6cb7397384e7.jpg,1
275,9733,72570,train_data/185521cbc44d459db30def602ffd96b2.jpg,1
276,14346,49638,train_data/8e8e8c0c3d0e4b2cb221c57cbab17fb9.jpg,1
277,11161,25512,train_data/5755c8e9de734cb3bd93a6a6a34e5410.jpg,1
278,8514,25310,train_data/b6649524523b42ffbc0496a223049303.jpg,1
279,2031,58281,train_data/f91e5abd911f4591a0e180cd40e9936c.jpg,0
280,5089,11257,train_data/2dba3227193e4743a3b4f05c156790ae.jpg,0
281,13560,31425,train_data/36aecbd062784f0794aa0f7eace0912e.jpg,0
282,813,68002,train_data/6bcc75015e464966a8f0b1b5a5a331b3.jpg,1
283,7235,16598,train_data/017a1ea7e21a47a7b28dc89bedbed537.jpg,1
284,17777,12482,train_data/c31672d7fbbf4bb6b914670cd7c1188b.jpg,1
285,10971,48753,train_data/2e5eba45f013489e82da9bc2889a3754.jpg,0
286,12755,75767,train_data/859790aecf5042ebba75e53840be1a80.jpg,0
287,6280,35417,train_data/3488bb8d5c5d497c91632d6326f4fd35.jpg,0
288,4206,38970,train_data/96e59a7fa60742b98a270d133f79c927.jpg,1
289,13983,40093,train_data/379deaae54a94af4ae660c365f6f2f95.jpg,0
290,13466,44275,train_data/622b0fd3cbdf456cafc5452201f4acea.jpg,0
291,1079,75780,train_data/c22ed17b3d344e3a8b88c83a2f5cabc4.jpg,1
292,2226,59024,train_data/65f904f6720a468f9bbc12e8894b2618.jpg,1
293,17704,28752,train_data/f17ec4cfa0bd48e19a081afa10eabd08.jpg,1
294,19145,24979,train_data/13849df4cc3a4bd4b87a7b0ee4f58f4d.jpg,0
295,16506,62239,train_data/62728ac5ee844146ab1670c567ff27a7.jpg,0
296,10897,22464,train_data/c513f9c425b34a36b3fb8be2934dc21c.jpg,1
297,17318,41414,train_data/f8f2478c96884d29b2427eadf69004e8.jpg,1
298,14493,71586,train_data/0ddd7a3a08e546038a918f9a6e36b547.jpg,1
299,9356,1841,train_data/a8131b47c744487d9f6f3115ca6b6751.jpg,0
300,3261,28778,train_data/59cb519efc9649afadb99bcdab15560f.jpg,1
301,5649,58903,train_data/f8b75be656014824a8ab64114c88add9.jpg,0
302,11288,3570,train_data/6421dd7deca141829a0dda2857792a49.jpg,1
303,9642,22712,train_data/1ed6f62834c1409788415a983b726a81.jpg,1
304,12421,17805,train_data/365bfced7adc44c7b42499c4efb9e0ca.jpg,0
305,3862,69372,train_data/c15efa126c68402083de124aeeff2278.jpg,1
306,2936,36503,train_data/ae8854b207914a4ab1c58f08f9098a62.jpg,0
307,8611,53108,train_data/14a099825e44416fbab0f813428f151f.jpg,1
308,7080,16669,train_data/d8e1be96597b4ff3a390be42a148ba36.jpg,0
309,3917,17764,train_data/4c7d7fafcf22429eb5198932fbe143dc.jpg,1
310,13679,16063,train_data/4f8d3cac9f964531a7c9aaebcff2636f.jpg,0
311,9709,22543,train_data/93a6abf1581d42dd9faecc1f771ccfb7.jpg,0
312,1689,549,train_data/a5e33d3b97544d66bc5bbc5d8dcb455a.jpg,0
313,16924,33045,train_data/65cbdebeab8241188db217590981c26c.jpg,0
314,11728,52451,train_data/c229511428c247d38676a62f7549881b.jpg,0
315,305,21877,train_data/0f790ef10c304a20ac64a3920bcc1cd0.jpg,0
316,4056,9763,train_data/7658404d896944dfb9b625b22d49b335.jpg,0
317,19520,76811,train_data/82403204b9f04d159cf5537b858fd159.jpg,0
318,2999,70612,train_data/0fa9638041b845d78238baafa9949f7e.jpg,1
319,15603,55930,train_data/48d7a27382e2450694f7cc66167f3b2f.jpg,1
320,9837,74261,train_data/8bcf9b5c906b487e8e4c941b85f50db5.jpg,0
321,1231,29819,train_data/e8d635cc9d814966956ea6b58e813a1e.jpg,0
322,9706,28131,train_data/3bb5f8b9ee4a419d8db17e6889b8ddb4.jpg,0
323,2313,34719,train_data/e92daa30596643f4a19f5120fcc3edb0.jpg,0
324,9643,62984,train_data/9aaeb9b2faf04f378462b643c37883d9.jpg,1
325,17977,28863,train_data/9c1c657c1f314622960c5e5dc7c47fc8.jpg,0
326,18415,18621,train_data/76c5a12116434c06ad653eaae53dfa18.jpg,0
327,14833,41687,train_data/24b9ce0dd5194f308a51d4bb0f35b5d7.jpg,0
328,16604,59218,train_data/e53a2410dca64475a08fc1b56a9cdbe7.jpg,1
329,3496,19791,train_data/ee81140d7503498db08022434e732ecc.jpg,0
330,4321,64004,train_data/617abb4519d841c2864641b518056035.jpg,1
331,9829,2630,train_data/2804e7344ada4d4d93b3e4b48a27f787.jpg,1
332,9030,29700,train_data/ebfaaae4aa854593a9be5d52139164ad.jpg,1
333,2062,75140,train_data/484e23da0f794c958c53a688af8282d4.jpg,1
334,6470,37667,train_data/e8e70328eefb402abca4b1228e7368d9.jpg,0
335,19919,16666,train_data/766de31741094796a1aa4cec4351c1e2.jpg,1
336,7500,62531,train_data/64244383254c44a3bbeca5a8be6a284b.jpg,0
337,6477,24421,train_data/98613ea03be94bd496ce185d43dc8cf2.jpg,0
338,3899,45293,train_data/2959d5d6c226470dbec9663431787dda.jpg,0
339,19765,11256,train_data/27f3889174304e08a2845e2eabe9ab90.jpg,1
340,3567,61755,train_data/19d15166ec324672833d373e9a75bad0.jpg,0
341,11458,63759,train_data/fd61355e6bc34def8490a49dd9b4707d.jpg,0
342,5452,67059,train_data/7170c046780c4686853dacf697ab77df.jpg,0
343,11279,73775,train_data/c0fea352ed81451bafff159a52cdd272.jpg,0
344,8022,20355,train_data/e2f6032d105849aead59f1c3b9f9d7e0.jpg,0
345,13447,4229,train_data/a5b2ce2f20f04c73a88ae386c08b30d1.jpg,0
346,556,41943,train_data/fbb7c699dec64310907c288f1a5cabcd.jpg,0
347,12738,13694,train_data/b9f0b91f160c43678089bab45f3bf060.jpg,1
348,12884,866,train_data/d7314157947346f48d3a2992da619172.jpg,1
349,9906,51160,train_data/ff0ce9b149094b2880600bcae625011c.jpg,1
350,17853,43592,train_data/698b38bd00ad454a8948088ac6510e61.jpg,1
351,4270,41824,train_data/5dfb091811434f24ab26b7085f9640c1.jpg,1
352,8531,12774,train_data/79f725d0f85d41a1b0a6f5226bae0af0.jpg,1
353,18494,15108,train_data/e37aeccb936e46a59a5bd9b467d8a2b6.jpg,1
354,4086,48064,train_data/64d5720fcb6d4e1c8a7b041bd2908c75.jpg,1
355,6663,63423,train_data/a87bd945635b486d83eb3f5061f487ed.jpg,0
356,19211,40961,train_data/23c030c7b6f24251b5d9dccb006cfad0.jpg,0
357,3138,71633,train_data/7a1546bf93b5439683b8da69be1b95bd.jpg,0
358,15584,31623,train_data/b703b23e69644fa195f5108770bd97c2.jpg,0
359,588,79881,train_data/cb7b684e207548e2ad50ed3aae7d3a01.jpg,0
360,3365,37222,train_data/ab618da97b894bcda1afbf24c269dcb0.jpg,1
361,2670,12750,train_data/143b5c59a4064f5a8fdd6e15c3f3dc33.jpg,1
362,5515,4689,train_data/10a085d28ad64cd7b21ed0ac793d34a1.jpg,0
363,11781,22495,train_data/2a742fb694854e3582ee1b06f499ca84.jpg,0
364,19939,69347,train_data/589315b627ae47989e3f582c111597a8.jpg,0
365,8220,20068,train_data/cbdfd66ea36d42ddb787e5bd346e35d1.jpg,1
366,2395,51826,train_data/11bb1ea8f0974df18c1e63a9adc0fb7b.jpg,1
367,16637,42081,train_data/319c1aad4a6841419224abfe937bab29.jpg,0
368,15767,35593,train_data/602781da8a23452fadd53d84eb9fe753.jpg,0
369,5506,9385,train_data/32070521d29143dfa59e34d618f3008b.jpg,0
370,10094,57789,train_data/108c1ac9af9b4847a67248cedd42f60c.jpg,0
371,2170,18849,train_data/a64e37adb35f49e8ae90933edbc79050.jpg,0
372,924,33048,train_data/5613802481ac4700b20446029cdbf517.jpg,1
373,8134,50614,train_data/2f62c93e114c476aa9d72da0f1a2f0d7.jpg,1
374,15241,66175,train_data/15ee4a639fa0403b805571a5e5d71152.jpg,0
375,9081,28717,train_data/eec4c23d648b4947bf928f367a2b6f96.jpg,0
376,12070,78510,train_data/6e5a1cad0e3d49e8b43954d4bc668f81.jpg,1
377,11514,24710,train_data/9c329881194e495dbcf106d75f9faca1.jpg,1
378,19417,47681,train_data/8f2412277ef441768f4e0f203baa4bd8.jpg,0
379,11706,14594,train_data/be7a662d3d9a4468a05f41afb205a508.jpg,1
380,14787,3008,train_data/eb3ad00859c9497c9c0a1a038bb422a5.jpg,1
381,3124,14704,train_data/8f85262418934a10b3a3dd1128ce241d.jpg,1
382,5673,51664,train_data/adb837e14c55408fa0abc5f9b53891f5.jpg,1
383,2774,6717,train_data/8148461d2cf44ae7814d9dbb20c97f4b.jpg,0
384,7620,79394,train_data/1af245902d964ed8b60d25032e753f45.jpg,1
385,6559,66566,train_data/c0930dd11dd5482793746530d56847b2.jpg,1
386,11925,8909,train_data/ba2194d82c684707847c139b7cfd6f90.jpg,0
387,18541,9318,train_data/d36088757b90460b83669d7187fddfc0.jpg,1
388,9145,5892,train_data/3896be8a45c34458bdcd7eed91867f6d.jpg,1
389,8456,60305,train_data/bdfaa7a8ce414b438e8a57b72c7409de.jpg,0
390,12720,65538,train_data/a304ff46c3df4d7482ef57a3a815eec6.jpg,1
391,9846,17542,train_data/facede9d87394141a553bbd8f592510a.jpg,1
392,15972,16861,train_data/40956d34a02a4df4a449da60938dc512.jpg,0
393,15778,36072,train_data/5edd9c3dc612434cbf014c753bb18db2.jpg,1
394,19386,3976,train_data/d2123a0540ba4642bce584e219f56601.jpg,1
395,9627,32475,train_data/3c13fdabfcde49d6b71a0583f6cb7e35.jpg,0
396,5798,77302,train_data/b88f970b75ae405f904e757a7497093c.jpg,1
397,19333,52819,train_data/827f277d58dd4cba8e80eab388c8517d.jpg,0
398,5982,48249,train_data/7b8a15cc00824f1f9489e99edc587fb6.jpg,0
399,12431,76155,train_data/889ba79b201c4785a99a0dd71ae64649.jpg,0
400,5882,72601,train_data/f670dfa4789c4765892fd125442d0222.jpg,0
401,9782,12266,train_data/a9b82df8dda54722957dfdadfa9d4fef.jpg,1
402,11348,27210,train_data/f3844bfe1ec34f3d89b6d5096163ab99.jpg,1
403,11448,47330,train_data/f7a6e5e3d59f4b9f80011a092c0f0288.jpg,1
404,15431,43612,train_data/51c3376e5dcb410089b15c4a7ba636d6.jpg,1
405,15130,15912,train_data/de2bbbdea8d94f48bda7e1d27f4a12b5.jpg,1
406,17496,21243,train_data/5daa0c0efa204131af32aa96f90751f0.jpg,0
407,2181,66352,train_data/709a3faa957f4a59b3048d1bc6a65911.jpg,1
408,12670,41946,train_data/f482e6de40ad449e91e39b89892b01b8.jpg,1
409,3243,23413,train_data/aab38dc1d2fa47808a226b818d82031f.jpg,0
410,1473,40019,train_data/9d4893e8af984ca8bbd93264ab1faab4.jpg,0
411,17664,69279,train_data/27a13abd435b4a33b8269ecfca9b25b7.jpg,0
412,6103,45817,train_data/9367440f3f454ad3b232ee6b722532f6.jpg,0
413,6748,22397,train_data/8e8e29e4dae049939488731b56f29626.jpg,0
414,15647,53392,train_data/b11ef5cc6ec149cebca877dbe4279f37.jpg,1
415,19771,64571,train_data/c8adf5814d8e4c909c0a73b0348616c0.jpg,0
416,11459,77974,train_data/4424417e85c849eabbc1ac6390928b68.jpg,1
417,13009,65090,train_data/d545f30a23bf4e6b943e9add11ae6240.jpg,1
418,9082,22396,train_data/e1d83d983038459cb05713c3ab1af4c4.jpg,1
419,14954,22498,train_data/2a37721d249442ab9256bbb856879f22.jpg,1
420,9401,5935,train_data/e0185614e3604f5e8d3715e7ab9cebb6.jpg,0
421,14595,60911,train_data/6fade0b838e249dbb43fd08e1c6fb89a.jpg,0
422,421,33847,train_data/328b77d2c4e343eaa2216a2853b3346e.jpg,0
423,9963,73252,train_data/59cb3fb903244322866acfb02a0154a2.jpg,1
424,9898,49318,train_data/3f0cb4e684574bfcaa60243232c063a3.jpg,1
425,9350,4449,train_data/52c73d4916a149d8910bf854ec1cfe78.jpg,0
426,2306,34468,train_data/ca2c7114846548efa987077295acdc3f.jpg,1
427,8465,13471,train_data/98f6cb29b4964c288ebb5562cee4b23f.jpg,0
428,171,48903,train_data/e8069501a6c44a50bb0cdad93d9c11f1.jpg,0
429,3956,34671,train_data/df00d8f86fc34690b09f19dad2e5e383.jpg,0
430,5606,76102,train_data/b17abdf148434aa09470502dd48d0377.jpg,1
431,5811,25488,train_data/e2ff0443ebdb468dbdc2a464d11628f3.jpg,1
432,17874,47134,train_data/0a9dc5efb72b450580add93c33629c94.jpg,1
433,8462,9451,train_data/35b430e934cf4f409e4cd5f4b9d3dc32.jpg,0
434,11380,79294,train_data/e6998f2f1e084a3a9b06c0f45b59bf8f.jpg,1
435,1725,48275,train_data/41f8111bba254fd5abcad0a928eed8b6.jpg,0
436,8938,20686,train_data/5b8e5a2c6e2343988b77bb0d86a4a3c9.jpg,1
437,1184,27767,train_data/6b304dd40be048fe9732c22f90dec8bc.jpg,0
438,9756,35323,train_data/f2ff0fae0a8d4ea2aae029aae519e799.jpg,0
439,9974,17708,train_data/998deeafce374e588bae03fad9cfb688.jpg,1
440,9035,48714,train_data/77485b1ab1ed428b82233ccdb9cf4db9.jpg,1
441,19374,60788,train_data/c57a0d202639458b845a358f33f0ba62.jpg,1
442,14863,23605,train_data/812b1cbae970426a88847840f118d251.jpg,0
443,904,58439,train_data/34543c8befd841429f476f4efa8c1dd9.jpg,0
444,3494,58085,train_data/30840e45f220426bae63849246be701c.jpg,0
445,8346,39926,train_data/7573163843234bd1b3dc97e236b2b1bb.jpg,1
446,15911,55141,train_data/b58b5698feca44cb8cb5c9df6fc5e888.jpg,0
447,7797,49911,train_data/851779ca4b654036873fc27b229b8b1f.jpg,0
448,9739,74767,train_data/daf115dc577c4c61b891525d3b4a03bc.jpg,0
449,7396,41322,train_data/e92905de8d424f65acf01f99a59cb8c9.jpg,1
450,6089,31797,train_data/b354034aec1c4feeabf70ae8eadf6eb2.jpg,0
451,2080,43146,train_data/7457535fde2c4323a722ee55a669296f.jpg,1
452,7928,11558,train_data/a3d0c101dc534c7aa5494f040845c6ac.jpg,1
453,13853,34530,train_data/3cf441256c3f460fac65026fec46a899.jpg,1
454,18927,10761,train_data/83cdd0555736428788098e1d072676dd.jpg,0
455,7933,58558,train_data/7ce53e62f2d94e22b49f9bee17d33098.jpg,1
456,15961,59515,train_data/d00f6e494994450fac43aacccad90352.jpg,0
457,12177,16870,train_data/a2d6143768e14a81a855d5c8f92f8dcd.jpg,1
458,9316,70894,train_data/4f72c8b779e64cd79cb2ea4ce438ed35.jpg,1
459,16110,29365,train_data/2cb934c28fde4560a65fdb6a323f75c3.jpg,0
460,2645,22328,train_data/dab1c21b82d44aba92dafc4b0b8e6bae.jpg,1
461,17219,16366,train_data/bb2fa56a5cb440a88b861e40ce67bf57.jpg,1
462,9927,57850,train_data/5196703d9a9d4683af3da6eff65f06e8.jpg,1
463,7211,64731,train_data/186d06dd51e54fa9841bf5c1dc504794.jpg,0
464,4677,34949,train_data/5f1c5c63f18b421a82a686ce5f2e861f.jpg,0
465,6533,33903,train_data/1449b76858c1455abcce1c87da648dfe.jpg,0
466,12012,60702,train_data/a109e69f0b4143d5aac8e7a7a338a32d.jpg,1
467,5209,17679,train_data/97b65e392d09482b825e4b00ef91a809.jpg,0
468,2646,10843,train_data/25ef5eb727c44e108585dbe201d9e3a6.jpg,0
469,10073,6284,train_data/224a25840a79418d81cc0096b5fd75f2.jpg,1
470,17531,23881,train_data/968f7e28153a409197446c54036a5252.jpg,0
471,10622,47745,train_data/eac77849fd5f4329b9f40b218c67cb40.jpg,0
472,17135,14313,train_data/66428fa0c2f3461395de1a8715fdbdf8.jpg,0
473,16153,39748,train_data/4ce02310e5ce42519aaba697b7c06fcf.jpg,1
474,1478,62313,train_data/374da9714c1c493e8bf697012ba766a8.jpg,0
475,12542,8665,train_data/a7f1bba227834bf7830d117ed846656b.jpg,0
476,692,71224,train_data/4808d4e5e4404be98ce34aaa20c65c5b.jpg,1
477,15150,53125,train_data/8eb379d6157643718b6de5d402567810.jpg,0
478,14115,31580,train_data/3b64c8cff10d472d81c32417c875c36f.jpg,1
479,6365,17931,train_data/b17e2eb6b677496a9a832e6456dde3f8.jpg,0
480,18147,12203,train_data/9ac01a6d122e4203b34f6fa1f2789551.jpg,0
481,2155,25038,train_data/6c402451de6c4a41a782e4d9f4792a32.jpg,1
482,17119,37502,train_data/74dc0b449af04d2a8a2a86742552cb0e.jpg,1
483,7370,62088,train_data/e88d051ad1584242af5383f90fd5ffd2.jpg,1
484,1301,62302,train_data/1f82f50a301244b38549b57e9a8923e6.jpg,1
485,7837,19277,train_data/07be1c1e3a3244cdb58f2732226039e5.jpg,0
486,3715,34932,train_data/fcac2cf879b6431fbf00a8f7b923e43b.jpg,1
487,8111,37241,train_data/3f00d69f49084cb2a23558624808034f.jpg,0
488,19673,18935,train_data/5c20e6749a474179b7403725bc822648.jpg,0
489,5037,63409,train_data/e69536620414463f9a3d6e30c5ce0d13.jpg,0
490,4399,4402,train_data/d8909b3e0bd84593a33dc3d213f0505d.jpg,1
491,3622,54164,train_data/8307c75914a747489095776921a08455.jpg,1
492,13840,522,train_data/05cb66c2869849f7ab668765a3699cac.jpg,1
493,4516,60019,train_data/2453a5f6ad23488f93164045c37b9b52.jpg,0
494,11294,25405,train_data/f6e2619c4feb4e83a09570f274a8b623.jpg,0
495,7354,55604,train_data/101068ba814e4cc492dd53adb64068ea.jpg,1
496,8750,24669,train_data/fb976a645ee14f468a82c7fc365583df.jpg,0
497,15117,25627,train_data/a3cae2847a804c33a84710879548618e.jpg,0
498,10767,49889,train_data/bdd9b755dfc3496a953526e846ce4d80.jpg,0
499,1436,34194,train_data/a6a76dc9a9d94e52933ce1972d4452c7.jpg,1
500,507,70687,train_data/db5713a08f444bb4adb5a32053dfb19c.jpg,0
501,5275,21945,train_data/f2cb53bf621d430ca6e2108d0e1e366d.jpg,0
502,12664,48558,train_data/9c637c85f1c947ba9bf5f336e40c3b1b.jpg,1
503,10061,6061,train_data/5a58a6a58c5640fc9c3e4a2a841d44ba.jpg,0
504,5663,74449,train_data/0fdd0179fb684f989f04a47dba8582f0.jpg,0
505,5402,53621,train_data/27f676dea48e46db95b5823170fc7743.jpg,0
506,5930,57159,train_data/9b2af7c96b454ed68297a4f7afa974a6.jpg,0
507,19076,19107,train_data/d010d753741245e4a386ff5cd43812b7.jpg,0
508,8947,7167,train_data/b59628f172394c729a04f38c733f42cd.jpg,0
509,19778,74019,train_data/1b597c99b2c148e7843834a2cbdfd36d.jpg,0
510,2339,68880,train_data/09ad210d305a457297476e7ef361330f.jpg,1
511,12242,48023,train_data/443a2d54d0a243748f16d13f4417f9e7.jpg,0
512,18571,1681,train_data/0f8d326370ee426abcbe95ef317baf9e.jpg,0
513,12028,12373,train_data/b35d87203ee3471b93cae64a4f5c2054.jpg,0
514,4386,75838,train_data/9111b3816b624be58c4c90f9c6de3dce.jpg,1
515,12744,62621,train_data/20061dc29005460d9fef3e9d51856b67.jpg,0
516,17681,59388,train_data/2d6872f3c4824c2693c6a324b192f2fb.jpg,1
517,10310,51320,train_data/566420e9179047289e7a581d464e6d92.jpg,1
518,7680,18603,train_data/6db7fd20326444dab04126a02f3c00e1.jpg,0
519,17588,34508,train_data/ff666f13f3ab42a5b5f60a019180f133.jpg,1
520,17420,71655,train_data/aee46f532a064402a67fde4e4e9b942d.jpg,0
521,8693,8822,train_data/0d1268d86d36408688b1becf7b3d41f3.jpg,1
522,14625,19811,train_data/0602f679b9584d97ad3e993fbfb35225.jpg,0
523,643,30925,train_data/c6b41036140a4923853ee7a01857a2c4.jpg,0
524,15689,54907,train_data/405dd359365c4cfeb615b5ef7d81f7d2.jpg,0
525,1539,20160,train_data/e492e17233314025a236764599435cfb.jpg,1
526,9121,22186,train_data/676d7b169b1a400a817b0d3ad019b88d.jpg,1
527,1211,12557,train_data/bd2ce4ce83f246a089f5e3a41e72ced8.jpg,0
528,17194,26236,train_data/fba51760116e45fbb138fb3857e25e68.jpg,1
529,2560,19185,train_data/fc794492f3b74f4eb2a0a65ec82bedb8.jpg,0
530,8864,69845,train_data/f183e63dff6d4976a55793e28b5ef582.jpg,0
531,13107,16137,train_data/837304f40f0942f8bc83774a92c577d6.jpg,0
532,6106,48519,train_data/0e8be6c40e8d4c29a47173794fb2bce5.jpg,0
533,13029,24034,train_data/4692a09f5ad942f9a4f0a36342e43cf0.jpg,1
534,11569,53518,train_data/ad985921762c478f806801cb6b47919b.jpg,1
535,12668,66238,train_data/eef192d78fc546e3b6ed4084ea7f86f1.jpg,1
536,5615,43731,train_data/6fd8627a499e43c98bdbea6de7e260a8.jpg,0
537,390,46744,train_data/f1154c4dd9af4239bdbe1234c2fbf96e.jpg,1
538,1464,14049,train_data/6c4c0d208d9a43faaa34ac8b0232bc83.jpg,0
539,12937,7815,train_data/079de1a94ccc41cf9613638c6f4a62a9.jpg,0
540,12617,46374,train_data/b395819068ba49b4875b08c2cdbb7a41.jpg,1
541,1192,50450,train_data/2a116a3f617d4317b263e5c374b61112.jpg,1
542,11985,60897,train_data/4fe74a3602f64aef9627b3d4c9768005.jpg,0
543,10064,35054,train_data/e9eab48741634a42a69d73ada52b90a2.jpg,1
544,3590,33104,train_data/917a59481f1f47888ad11d6af69b5c69.jpg,1
545,15859,69934,train_data/02d39bcbea434dd38a7f39dec1bd101f.jpg,1
546,6360,20676,train_data/be94d63130614c1d8b8a23879c77b993.jpg,1
547,11350,13548,train_data/b4ae3c4619e24097adabd5aac1cb8bfd.jpg,1
548,12709,11461,train_data/b3e7d20cee9f4d3a97e099170f1202f3.jpg,0
549,8697,74745,train_data/abc27b09509e4d9dbd8cd373034d85b7.jpg,0
550,8435,43089,train_data/04db73032c0049b38c6f3427830a8d32.jpg,0
551,6719,52197,train_data/3985207d92904b489a0b36fb115a357c.jpg,0
552,13870,56171,train_data/677171f6950f42aead21d19e3bf6bb83.jpg,0
553,506,20315,train_data/15dc3a41d75547159cbff8a912b03b37.jpg,0
554,10857,8473,train_data/d446dde16cc84107bef9c31658e74a87.jpg,0
555,946,15709,train_data/3b29a1142f6d46f48302af828569801c.jpg,0
556,14327,8364,train_data/60f7e5af25074b0796c20edef7eefabd.jpg,1
557,12909,10978,train_data/edcd6b9a4a43462393e35d511ea685b9.jpg,1
558,18594,49467,train_data/b50e002ae95a4959b6d8067e3221fa92.jpg,0
559,19367,58052,train_data/ff1637fdbe344b22b102256b89408a3f.jpg,1
560,15201,79154,train_data/ad92045019e84996a85a65ad61a2bb8e.jpg,1
561,15725,18592,train_data/e3ff16c499b645bfb0221b43cacfb434.jpg,1
562,1773,3594,train_data/e94f93335bb241dfb124f19e0b04fd5e.jpg,1
563,13007,54742,train_data/67fc9a848c374bacbc1e87f4a68de303.jpg,1
564,11202,50585,train_data/4b9ae6489cd545f29b5d529a08e57a0e.jpg,0
565,272,11296,train_data/042de538d0e64e3ea6de3c5a53a58afc.jpg,1
566,18095,46555,train_data/872807817e66446789e5648da8f7c8cf.jpg,0
567,8989,32106,train_data/9ef0b13e4f794ab5b04c15ea1014d61a.jpg,1
568,3618,18142,train_data/264f5dd361254de7b82d28251eabb7cf.jpg,1
569,2381,76937,train_data/b5d9cae5c8694286b8d228ccc1a38470.jpg,0
570,11021,45597,train_data/403d63a4d3f44be292d9ea0dd1c2d749.jpg,0
571,7008,59484,train_data/b8e0e617f9fb4414ae9603dcf9b796af.jpg,1
572,17329,50504,train_data/720bc4f8ae2749e8aa864efaccab44ec.jpg,1
573,9269,24864,train_data/251d4da6969b40a9947e65a242dd7cdf.jpg,1
574,920,79770,train_data/907acd3f368044fbbded7faf664a3161.jpg,1
575,4633,37398,train_data/6148ecbee7c749bcb9bed63ddc510455.jpg,1
576,8504,69215,train_data/4eac11a10559478a9b743cc57fa9ff2f.jpg,0
577,746,61093,train_data/225cd51d00634e1cb979158fae1c70f8.jpg,0
578,7707,50196,train_data/aad2b836c7ff4e1d921d7ed23a4bd9e6.jpg,1
579,3569,46759,train_data/60a87ef9ae68498a9902539b016c3169.jpg,0
580,8982,41451,train_data/30435b2f6eac4be3b4d09105afc011f1.jpg,0
581,10668,67095,train_data/81b4fed7a659403a9b7324109c59263d.jpg,0
582,15978,75937,train_data/3be0a435ecd54f699d882db18fe33bb1.jpg,0
583,14312,37618,train_data/97945b661bcc4b129b9bfd34943b08d3.jpg,1
584,15393,69557,train_data/2e9dfb78504545088adf61bb1ffd1a06.jpg,0
585,11611,21461,train_data/7d8ac28f9fc04e4c835247cfc92fc61c.jpg,0
586,10762,2750,train_data/82a6c7473ece4674a9328af4b3c5848e.jpg,1
587,13945,66891,train_data/1ef3bec2dccc47979dd51e5123d4e53b.jpg,0
588,8557,46787,train_data/1332ad3ad4d844419b67f2ee198aa04b.jpg,0
589,14342,45759,train_data/5bd0870ec57e4679bf3a4858fe45d267.jpg,0
590,6448,72343,train_data/0db1a4e9b5e9490baa528a519472b0ba.jpg,0
591,5599,43244,train_data/3c6eb982142b485597a9f63db0018ffc.jpg,1
592,16066,1305,train_data/f0fbaddb62cb4dfd9a21e462366c51fb.jpg,0
593,12547,13757,train_data/a7ad07a29de44adab64e16765aeeb106.jpg,0
594,10355,51178,train_data/5a057a8ab3c44d61b15bf4a7beb8a60d.jpg,1
595,3637,47506,train_data/841c37ce35fa425ca3f49e07bae0321b.jpg,1
596,16997,32278,train_data/c161a0df670d429d80027262073a9cd6.jpg,1
597,8572,57859,train_data/feb5b47afd444233864b86ee106b1305.jpg,0
598,16844,19212,train_data/806eeb5e839641358f1e71ea097283ec.jpg,1
599,9484,70759,train_data/a4f3f4fb136249e188803c85ff4422de.jpg,0
600,1912,64989,train_data/c0cbc09f9cab42879602bd2d1e6a0721.jpg,0
601,15044,12418,train_data/f588946c40f9461f90fd7f011882e9ed.jpg,1
602,599,71851,train_data/cf1c72d881b142ac9eb96a2a60d9d310.jpg,0
603,3892,8147,train_data/b9f957da7c5a4240b619374b08e43500.jpg,0
604,12333,34807,train_data/cd1d1aba0c5447ec85fe8c403c484a93.jpg,0
605,5540,53414,train_data/6fda935b44634c0099f7bf6649e8e280.jpg,1
606,1652,10238,train_data/60e5a0e223ee43a293505daef09a8ba2.jpg,1
607,16089,17403,train_data/17cdef9d0ac24e6ebe455b5618ecce5f.jpg,0
608,8106,59813,train_data/1958b63bdad74377a303c923b86aa460.jpg,0
609,14189,44152,train_data/ebd95b537ca149c09417acc0133be483.jpg,1
610,1893,26242,train_data/e87b2825775f483abda1e5dbf35f112b.jpg,1
611,7833,8074,train_data/cd4ef65fa3a34c31add75795e8c9c721.jpg,1
612,19392,79612,train_data/003aea3384264fc8b3b5cf54a2e737d5.jpg,1
613,11587,64061,train_data/0760711097bb486185919ebe93b53f75.jpg,0
614,16773,49109,train_data/0c732b600a9f49b697db9992189be9d9.jpg,0
615,6502,76977,train_data/ba8bc9e304304707a8ae244a2f1122c5.jpg,0
616,4362,11567,train_data/e9060ba8f38c49849e14ae50317ffcdc.jpg,0
617,262,73117,train_data/09f35c1c6f194e90be6a54bf1a28030f.jpg,0
618,375,57912,train_data/ef25c1ed91e94e2f8e22fdcf3d0e0fa3.jpg,1
619,1966,33821,train_data/ea0ad10e89b54ab38569817dc976670b.jpg,0
620,3957,14170,train_data/bec096c202194e0aa965f0546992afbf.jpg,1
621,16502,37818,train_data/c7da23d2e6df4c24aca5f7d136da5509.jpg,1
622,1466,32091,train_data/a73d0a1b3c07447abd5c46b64a27587d.jpg,0
623,12615,22915,train_data/898155b4f649465880aabd78d24dece5.jpg,0
624,13543,22602,train_data/f6c20196ed9f4ca0bba74530627de5fd.jpg,1
625,5696,60061,train_data/d78e30d7244c488c8b81d88bb07130c5.jpg,0
626,1243,13249,train_data/e88e14a432614d5aa6af1a6f546a2323.jpg,0
627,8105,34588,train_data/b911f5a9b16d4c6c9ba071a9c75bc491.jpg,1
628,16250,8994,train_data/ef85cc0df149447b8014ede0105dfdde.jpg,1
629,17985,16662,train_data/31636138c7d74579813215e8e0c2be71.jpg,1
630,14937,15662,train_data/53f1f83f961841f9a457fe97a93d360a.jpg,1
631,941,21354,train_data/a96acd3ff37744fda3491481e996ed12.jpg,1
632,2949,2329,train_data/8e9838059b19478c80baa34c230123b5.jpg,0
633,9663,68563,train_data/fdb2603c10e1458fa790de695abb3d8d.jpg,0
634,3346,21006,train_data/a70f8ad360024b6b88f6222eaba9d23e.jpg,1
635,12714,48954,train_data/d7553749bc1c4d99ad4205720b0fb475.jpg,1
636,2657,30502,train_data/93a06da622bb458f816285227b49f95b.jpg,1
637,11045,12469,train_data/98b9e3470b18482b9b767d66ed1e5020.jpg,0
638,12698,31549,train_data/4a0df5e2a02647099a2dea819a6bb9e5.jpg,0
639,13353,33230,train_data/4882542ec6884ccb8e9035c59aa4f2ec.jpg,1
640,10905,60088,train_data/5278f00a0a134201b9affc2da78ce9da.jpg,1
641,19782,17446,train_data/1985c3adb6d94f8abbb674e483dac55f.jpg,1
642,17074,33538,train_data/dcfedbb7b41c4716a367209ebaa10076.jpg,1
643,15992,70752,train_data/fa1c148c50904732a813053c8512d4dc.jpg,1
644,18815,42099,train_data/332a2c83d7964c73b16d0c6f26c80314.jpg,0
645,5326,43621,train_data/75af58f039914124b700c7ec79b20685.jpg,0
646,17288,78169,train_data/a0c293e3b5cb4e159f52d3449136624b.jpg,0
647,6578,65877,train_data/6e1793b72c93480e8e806a93fb4927ff.jpg,0
648,13862,66503,train_data/2ebc508f3d6e4df3b33e1f80473e2901.jpg,0
649,2799,14112,train_data/7f5102130be0450ebde214d5b000a960.jpg,1
650,4306,2038,train_data/3f782bf36a9e47bda0449a3f51a20ab4.jpg,1
651,17201,15613,train_data/c6dcc1d402de489693847784d420bdde.jpg,0
652,18798,31299,train_data/04d2b5474c0641beb6c28b5ca04d8dae.jpg,0
653,17587,76341,train_data/5414e612e664486e9f9ab1a60e067755.jpg,0
654,7244,52738,train_data/ff848776d8534062b9825d3670ba2cf1.jpg,1
655,298,66666,train_data/fcefd89b00014ead8308bca951dd71e4.jpg,1
656,18803,4245,train_data/838099ab804c430aa78fa13dd5b9fd94.jpg,0
657,9241,60996,train_data/f81764a2cbcc4c20af314aae6fcb8af0.jpg,1
658,6770,20964,train_data/1920d34bbc0b4b1c8a514a16935fb187.jpg,1
659,3823,40036,train_data/881efbab86ff4b2582b62d25ab31ac7f.jpg,1
660,16255,25341,train_data/9c38af21b01140a0be0ba1b954d5e2a4.jpg,0
661,7977,5330,train_data/da109db1849f4fb3a2856e1f1d21648b.jpg,1
662,11463,59217,train_data/8b937df9388e4d98b1931530d5b4d076.jpg,0
663,2035,49200,train_data/a40bc8a41df64791982ca85898b2bce4.jpg,1
664,4039,18949,train_data/0371f0bdc4e648e8bc44f3c540ac0587.jpg,0
665,10450,48831,train_data/1227f36824e84db3b52789df00d28eeb.jpg,0
666,16030,12294,train_data/8dd2b0d7d7484b34a819859fa8802111.jpg,1
667,12117,8974,train_data/ef83a47028494ae19bf079a0eae2090b.jpg,1
668,10164,14204,train_data/df523a4e50b6430a87137d2e034e3d9e.jpg,1
669,16986,61022,train_data/b2551a090ba3424bb671eb55a8c9070f.jpg,1
670,10291,35557,train_data/a17136e3371249f7a6c964f34f13cf98.jpg,0
671,1499,20322,train_data/da88be509c5b4bec87ef31af377a0b66.jpg,1
672,13397,16125,train_data/015ec8688a014266a02cc439d4dd8a6b.jpg,0
673,3512,22503,train_data/7c0d4ccfe9bd4767adff73dc3bc798c0.jpg,0
674,19914,2088,train_data/e6b9d2f41a8e4468a0e43442559d8946.jpg,1
675,14220,23352,train_data/2bfa2334173a468984a567b996b96ad0.jpg,1
676,8844,39287,train_data/860488ddedae44babb8318f25117ec61.jpg,0
677,8362,8355,train_data/9db8dc31dbe444298bc7fc1569aea94e.jpg,0
678,6828,52296,train_data/fc8ab62f70934541abf278336c691074.jpg,1
679,7130,66771,train_data/173136e3c44e4b6285db1aae23b330de.jpg,0
680,17188,40400,train_data/cee6a9d7d1634c15bcf8f62ae20c5254.jpg,1
681,15021,12945,train_data/ad0e5bb9c89c4239b1e00c4eb24ed7a0.jpg,0
682,4085,59727,train_data/93e93cb6a6874f8cb17b2f91106963e1.jpg,0
683,242,28650,train_data/66893ddff5cc4c3988c4673d11a88147.jpg,1
684,18008,70459,train_data/2c20472a37964e35a98d470bf4523763.jpg,0
685,13990,21587,train_data/113b7d0559c7484981c9920a852f3b4c.jpg,0
686,3144,50777,train_data/b170ef725bf9478c9f65924644bca82f.jpg,0
687,12563,651,train_data/55ba85096160461a883232ff75f10d32.jpg,0
688,1644,38610,train_data/c40f4460cd544c7f80ade36f0abe5680.jpg,1
689,14547,62321,train_data/1fa5bbe8177c44b8b4f3267a8c76d415.jpg,0
690,7371,33056,train_data/7eb9fe462dcb4d79bd266040ae91d0ec.jpg,1
691,15452,20832,train_data/ff9ff68275ea4758919925846803e9e2.jpg,1
692,5594,56372,train_data/b06deaf411bd4c49ac36cb84dd44b31c.jpg,1
693,10948,50866,train_data/d02fc1b42cf24221a43cca5291264955.jpg,1
694,19850,4448,train_data/3f77f09f518341cebebf575be56fb6ba.jpg,1
695,15794,51198,train_data/98885e5efe344844b86f9287ecfdd1dd.jpg,1
696,14466,34938,train_data/9fd105c1c556477e9cbf6ed11d5d2eb7.jpg,1
697,17361,14119,train_data/aa66ddec73f34c3b8f3bfd477af923ae.jpg,0
698,16607,55671,train_data/3afdbb7b61cb4a9dafbfd2508f67957a.jpg,0
699,5231,60253,train_data/3a4d2f84dd894293b33f47dc94dda9d0.jpg,0
700,2076,60396,train_data/a3c7386848084c44bd5af3cbd95f8550.jpg,1
701,4103,13150,train_data/2ac54e92acd2452398a1308a60bb4589.jpg,1
702,7493,12649,train_data/d52bb831c8c543f1998d013d8541108f.jpg,0
703,9043,50874,train_data/a840373f030f427d80ec8e896cbe25ca.jpg,1
704,12188,4442,train_data/683be042e7eb4f0c94e2f1911b8fef25.jpg,1
705,12993,64962,train_data/9986e699efa04eada01b88c058f87c68.jpg,1
706,5968,11373,train_data/22743be3646d4563a1f1454a7ba9d340.jpg,0
707,8320,22964,train_data/1785d26e602d49a087cc1ed95895bbd2.jpg,1
708,17833,34855,train_data/efa46b93b5114d8ab429eb12745ca04b.jpg,0
709,10297,64469,train_data/bff4c3e65e744531b5922dd2d2263e95.jpg,0
710,3966,18783,train_data/f09b69c1362d4827a4ce465ff366bbb6.jpg,0
711,2240,58893,train_data/d8663c6f01da448b8897f4c30a811b87.jpg,0
712,19795,16345,train_data/a23df94dc6cf4c618504d74caa33f2ac.jpg,0
713,19398,4829,train_data/01de444583ff4e70b61158837e116a3c.jpg,0
714,15315,28918,train_data/a5c5217b8f0b4c6797d7ace0858ad46f.jpg,1
715,6754,42079,train_data/a66dc1d9010846d69cd1910a5037f4d7.jpg,0
716,16278,59363,train_data/1556a36983d2472094b538c4d3368060.jpg,0
717,14041,38149,train_data/484f227d8bba487cb1f09700b4b1e070.jpg,0
718,14389,61678,train_data/e9b14fdf4ff44e2884a34fabee120ffd.jpg,1
719,16339,79273,train_data/530a62a7ae4a45ff813115c2151a267a.jpg,0
720,18269,24258,train_data/5e33d476dd9d420ab3fe1b0d94529070.jpg,1
721,12853,71801,train_data/ba0ef1d33a864f1a99da5fc46d6618c2.jpg,0
722,4078,14875,train_data/de47b43af0c94a5fa5f7bc70d3d01dcc.jpg,0
723,14246,16222,train_data/c6adf1d052274c1c813b1235073b7c69.jpg,1
724,7754,75093,train_data/7d3db3e61dd94b86a71b7c07a552aa65.jpg,0
725,12895,66115,train_data/6380b21a280249e6bde1a627c27aa210.jpg,0
726,14166,49188,train_data/06c77beff5a44c73a8beab633736a8dc.jpg,1
727,8832,52902,train_data/0ba837c1b83e495d93349568c83e0a71.jpg,1
728,9462,35910,train_data/443aa3861f5c484c9437c451e05121e3.jpg,1
729,15066,58637,train_data/3ade08dfc06c4103a41fa05cd522d623.jpg,0
730,2778,71171,train_data/a2d476d3ee9e4f76a20f589e2dc2500c.jpg,0
731,4603,54201,train_data/247063974584463e9624f4196bef1c88.jpg,0
732,4932,59823,train_data/93485d829b2e43398bfb457576be61c4.jpg,0
733,14252,15820,train_data/5456ed21fb464db6a77360c069c7577f.jpg,1
734,1985,25696,train_data/c405852c2a4643d5a964dc88d30e26a3.jpg,1
735,3861,19366,train_data/33cf3aafd10c46328d72ae3e319fc881.jpg,1
736,7774,78436,train_data/3fa77372693446c0b077317fb2934837.jpg,1
737,11672,76183,train_data/5613dbf5af144187bc98c4744d6c355f.jpg,0
738,9726,19402,train_data/01dab468097540f9a4c806ef7ba24b10.jpg,1
739,325,40836,train_data/2a8e2c858bfc4045a95335f6aa5b53fa.jpg,1
740,13956,22599,train_data/b788456db8394b43b83dbc68fd864ab4.jpg,0
741,10530,68013,train_data/e26a6186a40d48ed8a0bd2295d1cd75b.jpg,0
742,7891,18490,train_data/7bc777cab3ab41e6b12b8a13cf275e20.jpg,1
743,6394,10742,train_data/545df9c879b14e45bf11432f7df9149a.jpg,1
744,12172,41283,train_data/a8f0c7a7392242ab87708c89698d681e.jpg,0
745,17357,4196,train_data/ff57df87c6484b58acb219fdc08fcdc8.jpg,1
746,18957,64151,train_data/dc3d5c29dd8f47e4a5c101659cdf8c43.jpg,0
747,4054,17212,train_data/27e7eddd2fd14eb1a29460fca3ab3bd0.jpg,1
748,2237,75610,train_data/3ee311377cbf4bc798d06e1fa3116c8e.jpg,1
749,5229,49113,train_data/56fe82d2a8fe456caa7ad5d2ccbd20c6.jpg,0
750,12370,50725,train_data/a08768fe62b4499c8424259e21350c7e.jpg,0
751,4571,3913,train_data/5faad3009bb64048a789219f16d8b1db.jpg,0
752,8976,79003,train_data/614bb0f0ece34e749b904e11cc77feca.jpg,0
753,13666,45381,train_data/6f52f1e66a44458fbb4a501a16456b6c.jpg,0
754,7454,64532,train_data/560b6f6afa3d4a19b0edc4368689d1f2.jpg,1
755,1268,62268,train_data/56111b169d76463ca18fbdbfa122746d.jpg,1
756,864,4016,train_data/e805d91575b54c39835accd3c3b69cc4.jpg,1
757,18026,57244,train_data/6d600a65f7be41f4bfd6ef42752274bf.jpg,1
758,4942,18258,train_data/4e842d63875945ef80f4c4209be5ab9b.jpg,1
759,2253,53382,train_data/c7c60449902944e8a5dabd79349e5863.jpg,1
760,6010,57601,train_data/2d19a6dd19cf4abaaea98fa8d35824a2.jpg,0
761,6911,10308,train_data/eac88f06b6ca4430b42356ece91caa0e.jpg,1
762,16046,78552,train_data/6dac1555040c457ca024219c2936a3c0.jpg,1
763,6998,58494,train_data/840aebc896904d56976b1ad8edaa1917.jpg,1
764,371,41272,train_data/f81288ca952f449ca3e1c163021ef61b.jpg,1
765,16972,25139,train_data/07f8b79077da45fb876fc3648507eec7.jpg,0
766,10348,20665,train_data/02c14ddbce6444acb3dcc87f1efa4470.jpg,0
767,7940,58366,train_data/488273e03ecb47c4a1ad95f03a3f9a47.jpg,1
768,609,65466,train_data/1a5a9ab834414d7ea3fb43417448df77.jpg,1
769,4651,47530,train_data/4323224ab6744fa298b99f6654accd7f.jpg,1
770,18334,8034,train_data/c0bcbbf556b8428eaef6e1815f450079.jpg,1
771,18510,21861,train_data/14a24fe7649e4c5b90df36fdd5cc209a.jpg,0
772,8872,77355,train_data/6b0c6b0ec0cd486ca93ac44e55756992.jpg,0
773,18868,48172,train_data/ef5350718a734a68b92ff1c2a627d55a.jpg,1
774,19925,38307,train_data/f85858aaf32d4f2281456abe7d9fd0ed.jpg,0
775,5919,41690,train_data/d157d8ff21384ceb96d69a3550e29811.jpg,1
776,18865,75896,train_data/46f98e40e82048319b9a07e0cc7eb337.jpg,1
777,14022,41558,train_data/fd5fa8444e93419baa138e5021aa38f1.jpg,1
778,2364,11790,train_data/3b8e95722a734f36acca288684a4cef7.jpg,1
779,11405,26808,train_data/48414e8ce79e403cb75e7e255b46e44b.jpg,1
780,7766,12495,train_data/8ae8148b1d8a45ce849149f8fef6382e.jpg,0
781,7148,58337,train_data/f75027adf26b43b1ab8d97c4bfe533a7.jpg,0
782,13648,3142,train_data/b97773cf38ca421bbc8f0b3599b5cb20.jpg,1
783,9103,48304,train_data/e2ec4a8312ff423ab07cd3d53d1a0cc8.jpg,1
784,10635,6510,train_data/794f23feab974b7a9a622cb7b600b418.jpg,1
785,18990,73403,train_data/a6d32920175a437b874cb780f60e9c7a.jpg,0
786,3789,62237,train_data/92927d3e304c4340a840c785c99ad553.jpg,0
787,17129,77839,train_data/8d4b7d626a2545abac5f87d7cf54925e.jpg,0
788,12006,72047,train_data/2e4cb7a56b934d7ea775ceaede5acd70.jpg,0
789,5581,75138,train_data/aec2b8058d5f4eeb892eaa285e34a2a3.jpg,1
790,15090,34389,train_data/620f0b61474749d6b69a178e8873872b.jpg,0
791,11367,45214,train_data/9414502ef9dc413598520992d20090d3.jpg,1
792,17983,58362,train_data/84a178abfb4747ceb3d2dc06ffb5d621.jpg,1
793,5060,6942,train_data/198372cb40f24ff58f927c369517b964.jpg,1
794,9615,15323,train_data/f311ee3ebaa1451abd474b5a95997f2a.jpg,0
795,4218,56334,train_data/26ea5e0128dd46ab85ff2d2e4d5e93b6.jpg,1
796,8044,56771,train_data/3f40cef042ef42ea8e7e60138aaf2e6e.jpg,0
797,8671,11494,train_data/59244e02e0374f47a285f277f180469e.jpg,1
798,662,55757,train_data/8cb64394c148498fab786b6c65c499cf.jpg,0
799,8386,61613,train_data/4a1c557ba7a348f8a645b75d04dd073a.jpg,0
800,14629,75875,train_data/efc62057d58e4da2817f2f8b07e2bbd5.jpg,0
801,16534,7259,train_data/521ef39a76114815bbc00d97ff9e9b46.jpg,0
802,12435,3136,train_data/4a516f615e0e484690351ce70a4a4fba.jpg,1
803,12451,29131,train_data/36355cc913f143fab97dcbc3a2632a68.jpg,0
804,11180,54350,train_data/96a1a45d2a6b4da4827df6eeeeffdc43.jpg,1
805,9311,17356,train_data/d774eacbadb64efd81f34dcc7644bce0.jpg,1
806,2776,46006,train_data/62cbe51e14e349ce90b75ee4461e32ca.jpg,1
807,4535,55487,train_data/219395cd795045faaadb2ae4f0990283.jpg,0
808,13667,64431,train_data/8e34bc2d43564258aa29464d03db5a29.jpg,0
809,16491,37635,train_data/8c8c2d388b9346638f0d4f3cfe599597.jpg,0
810,15729,1911,train_data/fecf7db44b9940d48d3e04b35e4f4c6d.jpg,0
811,19938,26412,train_data/ebb2c867d307411cbf22d39fa2210bf3.jpg,1
812,7189,23579,train_data/4b0a5707d8924070b5a785cadc70d439.jpg,0
813,13731,71426,train_data/db63197919c3447081c4d730d1d74bc0.jpg,1
814,18193,52895,train_data/4c56169fb71a416cb827daed6f99f587.jpg,0
815,18098,28815,train_data/7a310c552f6d480486a15bf7f0639a9e.jpg,0
816,5573,53042,train_data/ac8cc59c91394bacbc88682d1f3fc9e1.jpg,1
817,6135,78803,train_data/d6b567fbdb224528bdd3ca38f0ea373e.jpg,0
818,13461,69994,train_data/c308e75c9a624bebabe3cce393e8a9c3.jpg,1
819,4427,10182,train_data/ffd46c33019c40348917d23265d30f16.jpg,1
820,10553,17052,train_data/9e4ab92c42cf432e864936e10aade44b.jpg,1
821,5247,31166,train_data/035705c2aad34745869a810941bd0a2b.jpg,1
822,18664,19341,train_data/711374a378a4420591525177968f466f.jpg,0
823,3981,46135,train_data/f90d1ce3c2cf4ee4937f73103a05a343.jpg,0
824,9943,2044,train_data/9f96030269784b189edb83d1dc2b9f64.jpg,1
825,7825,30574,train_data/86441ebf16c948c683b28a32adb8a834.jpg,1
826,14180,48361,train_data/d9bbc778ed164f8896635de9b794e43b.jpg,0
827,11085,77764,train_data/f517e3efef1444718b087a1dbf736d8f.jpg,1
828,2669,33932,train_data/58e8598d357149d7bc0174a74dc01c73.jpg,1
829,3977,9393,train_data/a5d759c6023c4ee5b4fc9c573622d33d.jpg,0
830,16742,79766,train_data/e3a691123f3345ce9b4093f53587db1b.jpg,1
831,279,22782,train_data/1d0a060fad1d408389f573eb1d8f4820.jpg,1
832,13158,69198,train_data/7bb44e73b2b9439087ab280dfe90da3c.jpg,1
833,2172,4492,train_data/f8af8eec45f24ca38c61d46762b86a4a.jpg,1
834,10852,38864,train_data/9b6a1a0b29b74f2794bc81ced9b04101.jpg,1
835,8718,61145,train_data/423fc1278bf041c6bfa682e06b3e40ce.jpg,0
836,7452,3908,train_data/8b135af8d613458581d7711954b6c3f2.jpg,1
837,5197,7823,train_data/5fd917cf87f444a3b4d907b2cc452b96.jpg,0
838,12856,24447,train_data/dd6af6f4c0d947c9b5867c77749c045c.jpg,0
839,9886,68419,train_data/437e56c0fec444fcb71b53969176d774.jpg,0
840,18913,45196,train_data/83210a22d3134274bfafd62bbecd740a.jpg,1
841,13210,58130,train_data/3511210368ff4530ba295310c649d2b4.jpg,1
842,17265,54657,train_data/4dde373b06cc47c9a72abfca1f651f26.jpg,0
843,11671,63368,train_data/e579620472374a21a8f09f0f8fede701.jpg,1
844,19172,14576,train_data/87c8da1745c148cdae77fac7780aa921.jpg,1
845,12608,17834,train_data/2b5f504cdd69439ba84d88983d4b299a.jpg,1
846,19332,18986,train_data/6863cbb64e6944aca1ca76286b53f4c0.jpg,1
847,4155,32056,train_data/520907b5c70640e780ecebea9734929c.jpg,1
848,18762,19444,train_data/0911bd8419ac4f8badf2ebc192315644.jpg,1
849,4883,13459,train_data/21a465f40a2f4ad0889a6f3d9f6f14d1.jpg,0
850,5807,40092,train_data/ec7afbdacabc438a850a56a97539abff.jpg,1
851,3809,76461,train_data/9d0b9fc3dcd94b8abffbbd3f5f835506.jpg,0
852,16246,8607,train_data/50019b549b8b4693b36da65fa2a12edd.jpg,0
853,10079,21372,train_data/4097ad25547945fc98fb60ff88b458ad.jpg,1
854,8713,41529,train_data/6b7746653c954a5fb7e5950cefdf5c3d.jpg,0
855,12488,79448,train_data/35c8b3789c3e4c39aec88ddc6fc3e0ac.jpg,1
856,15085,14391,train_data/98820d01cec347b683b86e2b9205bb77.jpg,0
857,4683,27078,train_data/2b077041543e48caba597f1e752f0ac5.jpg,1
858,7240,6196,train_data/56112572a5cd485b8e41e2c9d2a1acda.jpg,1
859,5543,65508,train_data/d2aa409e95b541dc9318a315796dfb0a.jpg,1
860,17710,34081,train_data/6f2607533b134168b8112b4cb6edb29d.jpg,0
861,11864,42843,train_data/3895b1b9060e4b4fbb163d95485b524d.jpg,0
862,5593,55620,train_data/7d5ee22e6655402790b7cd2e63512c65.jpg,1
863,10401,71383,train_data/46671b87001f46da879379fcd8fda296.jpg,0
864,12623,45301,train_data/adb121b804664609a2e72b7646c31b4b.jpg,0
865,5672,38489,train_data/2edc4ae045f6495e9b58c082668c60ca.jpg,0
866,13594,674,train_data/0bed99fcc8a149908de7399c69c3b6cf.jpg,1
867,16450,10132,train_data/ceab24a690d347ff8c2619a20b67bb7f.jpg,1
868,6897,3242,train_data/e390ce2214d54580a7aefc24c74bc4b0.jpg,1
869,4563,9272,train_data/3ff6e5d76cc44ec7baed8e23339c3951.jpg,1
870,8376,65104,train_data/ed3a5b96599a45c88eedbbb005805ed3.jpg,1
871,16647,34513,train_data/fa6d561ad7574731977b7e87ade2cf92.jpg,0
872,15419,62944,train_data/c521fa6ea8d24803bd1a5782a610076d.jpg,1
873,1269,4940,train_data/709c3389f4cd4988993a15bcc45bf83d.jpg,1
874,12708,1175,train_data/5a2c3ef11ef44539b98b7d8ba96c3890.jpg,0
875,2350,14657,train_data/d5c035ae4c7941f5b91f9c7835d3570a.jpg,0
876,8745,25214,train_data/8c8715548f85423ca224bf06753412d0.jpg,1
877,9589,38359,train_data/8234714c36ab4a57af6b25ddbd925bf1.jpg,0
878,1384,55383,train_data/31443eb713c14f15bd5e416a15c1602f.jpg,0
879,15329,38996,train_data/4699deebfb994d6a9cb3640a58ddd311.jpg,1
880,9036,23822,train_data/f40b2ebc73cd41df9d9b2c1d67625394.jpg,1
881,5856,6340,train_data/7a485021b073402d858fc0ae988b48e8.jpg,1
882,13095,63760,train_data/9bb1b1193d2c451ea214e969ba07983f.jpg,1
883,297,13121,train_data/dd69c89df1b540c8830a11ca7c465a63.jpg,0
884,8635,47327,train_data/6fee0b9a23d8457dbd3fc5a6f93564c5.jpg,0
885,18806,35987,train_data/61481bcad84141088cb970baf1f462e6.jpg,0
886,19609,9789,train_data/4586c64b229a45b3b1654b1f71fc20e4.jpg,0
887,3867,65313,train_data/3a7e407862de49fa87a6c420390032c7.jpg,0
888,16080,22541,train_data/ba1b19b7b2bb453abfaab8b967658dda.jpg,0
889,15889,6627,train_data/f9eab170533c43d89adf8f74fec6fb69.jpg,0
890,2077,55156,train_data/1d70f2eac0a246bbbc31ec5c411ae717.jpg,1
891,14209,68238,train_data/877665dbb5934a8bb883df3a68a1ef23.jpg,1
892,12943,75998,train_data/8befc07086bb409c862c18a11a3d09b4.jpg,1
893,15323,34605,train_data/234fa0996ed24faea44bdf0e2c8f8394.jpg,0
894,19677,18237,train_data/5cc47dd09d9f4e00ad1f61694232c445.jpg,0
895,2229,26253,train_data/246bd9a8e859484f9e618a5a7ef184c2.jpg,0
896,2842,43920,train_data/81afa91e10bd49b5a17e03d006cb8bf2.jpg,1
897,2537,31758,train_data/111c431a446e4447a1aa0fa3dc7701b2.jpg,1
898,194,21147,train_data/b89d1d4de2a94ebfa9b29e1d79212e06.jpg,0
899,18243,3254,train_data/066641bafc4347ca981d7f73203a2877.jpg,1
900,7362,51459,train_data/c31a52fa1512476b87d7c8ab2d91fddd.jpg,0
901,6636,69818,train_data/678411e57daa4190be7bc804bdb7e432.jpg,1
902,7498,56443,train_data/873f35483f77463a8b8c13f590e7524d.jpg,0
903,15678,4879,train_data/84c4fec7c8904f40ac4d9ea6f1af700b.jpg,0
904,9009,76716,train_data/d7649c2972884916afc6feffcbd743a2.jpg,1
905,19030,30223,train_data/ad4cd537828643b2bfa2ec9cde489ec7.jpg,0
906,4042,10565,train_data/e7a128d8984c42b0aeecb7ac35400499.jpg,0
907,6553,13477,train_data/037749eb609b420ab1b43c6f861c9f30.jpg,0
908,10770,3951,train_data/05a5b99f172e408389b439a619e05f60.jpg,0
909,18772,4208,train_data/56c96c3f35934aa69d58b0b629b2674a.jpg,1
910,13929,56112,train_data/5fbde76c2a724411b942ad7465ff4230.jpg,1
911,5505,64635,train_data/ddcc6c6d792b470f885858d8e55374f9.jpg,0
912,6854,71080,train_data/03f230f313794b2f84de21374ea076a9.jpg,1
913,6761,39774,train_data/df1f9e092af44b478bc0d7b2f1a1f14c.jpg,1
914,5300,74116,train_data/c0aadf2c01514d9ebddd65c1e1bcb38a.jpg,1
915,16769,25840,train_data/bd2b2644831b4b4bb1f6a037aade1e70.jpg,1
916,4654,12042,train_data/a301c77f30984b059734187ddad23fae.jpg,1
917,320,78986,train_data/4146767361504d16b647db5b042b2855.jpg,1
918,7135,5767,train_data/688d8779b3b442e580b6518a7aac3016.jpg,0
919,1371,66608,train_data/733aa8b9342b442eaa274d0375d378e4.jpg,1
920,19305,57136,train_data/a5e668642a2c4ceb9b5b7634bfcf0923.jpg,1
921,19820,52013,train_data/42f957c69b564c85b2bb2e44631481e4.jpg,0
922,11984,43247,train_data/8ce9abf3d127476080a296bd10c1e4eb.jpg,0
923,2654,8405,train_data/faaff0d36c0b4bd8b56e094c1410729a.jpg,0
924,9099,41251,train_data/80be0501dd9143bc866eb76341ff825d.jpg,0
925,8497,26629,train_data/d40ea488b6a64b3a8ca02205a2720426.jpg,0
926,12142,18365,train_data/3cd191f4f71f4ec68061988f165abf1b.jpg,0
927,13721,58904,train_data/2f8aeea97c9c40f997c629913fbf0f8e.jpg,1
928,3398,39802,train_data/fc6a9c53cfdd46d487c5c9d22e6fcb65.jpg,1
929,10243,36941,train_data/25964ea2bbd14ebb82f5d648d8420e3d.jpg,0
930,8532,59396,train_data/6fe0d85ca4a349789ff9a32f9627d742.jpg,1
931,15694,44380,train_data/575051e00a3845e1b45eb52c6fa62ca1.jpg,1
932,5002,5070,train_data/585acec582ac46dc832ca77f0caf0b9d.jpg,1
933,16845,49622,train_data/9a81ac158b4842b595b083d5f0f7500a.jpg,1
934,18367,76004,train_data/61bbeca258a6499d979c3694f476e042.jpg,1
935,926,58825,train_data/8f3a45d4f30e4581a1a7290e670a3325.jpg,0
936,244,57624,train_data/45cbf89283a942e2af5bc6bf14814ce0.jpg,1
937,14758,36828,train_data/efe65b9127964df79f73250cd2876a0f.jpg,1
938,7469,54183,train_data/262179af5aea4ec9ae9111c3e5d70dfb.jpg,0
939,8207,12472,train_data/9db4b41314864084a5227aa7f4c04e89.jpg,1
940,143,57000,train_data/5d267af6be394c9f86062e4925daddea.jpg,1
941,5983,41746,train_data/0a535b7f78df46a881eca87b0d01d640.jpg,1
942,8151,71923,train_data/ead431e0f6a5499080ef626365ebc36e.jpg,0
943,2363,27291,train_data/6699a59d9c25480aa83a00683625d2cd.jpg,0
944,17155,15122,train_data/69339e95fb78442783bc162bd8b87365.jpg,1
945,129,62418,train_data/a900eab9d78c42fb80ff2fda5db725ee.jpg,1
946,1161,35692,train_data/6563ed7678144c739991e8d55fa9fdc5.jpg,1
947,16705,47871,train_data/815d1f4d1a1c420c995a08de26672651.jpg,0
948,4282,30181,train_data/369665e9f03c4926abdcd44188d15e51.jpg,0
949,5953,25726,train_data/0aa0f2bb200148d4940aa1718d7827e8.jpg,1
950,287,66271,train_data/df0d221401024c0b908a695c34061b00.jpg,0
951,19636,24341,train_data/784fa561afe346fbae72996695c0ee3c.jpg,0
952,9822,60596,train_data/45f78497ac8b44d59a17ed9a8af0a639.jpg,1
953,13650,12575,train_data/425a56fddb304e41933c3c406e5bb30e.jpg,0
954,15331,11894,train_data/3055966db2a94f49a124662ad40f51d6.jpg,1
955,5308,30406,train_data/5895c2ec75e942e6af2329c3670660f4.jpg,1
956,10068,74562,train_data/3a42a4a6d002476e9063ef212e29c578.jpg,1
957,10680,33507,train_data/ee39b6e8531e437b8b4766642d80536c.jpg,0
958,15342,43630,train_data/b3b873f07f294d0ea3302f779b89ea3f.jpg,1
959,12671,50096,train_data/13489faf508e46cdad0a5a940132e13b.jpg,1
960,18786,9560,train_data/0d0aa50395e9418e90d93b50391cdcea.jpg,1
961,16870,3930,train_data/5992a72daf8644cfb3f87c72e8b836bd.jpg,1
962,8681,20574,train_data/dee871b9303c43429041b65e15609b0a.jpg,1
963,1170,13804,train_data/6b0e58ccf5704ea5a8b33063e6946591.jpg,1
964,18694,11082,train_data/010f5c6b90f54a32b0225f1e8233a308.jpg,1
965,10374,68490,train_data/a4b63f0386c34d4eba8cd5ac1b295dd8.jpg,1
966,19194,6976,train_data/4f1080f6485b43ae92535600c7f567b3.jpg,1
967,15019,67602,train_data/170658242f3c43cebea5b5ba7bdc5638.jpg,1
968,6792,19101,train_data/3094071f46cb4cdfacf0d2c70d14cf88.jpg,0
969,5929,48433,train_data/eb3bd00c57154203921b5520f479eb45.jpg,0
970,16557,35185,train_data/d0fa8003ef044d5daed82036698209c6.jpg,0
971,15938,8006,train_data/4d6ee6f590224901934f8ac8d513743a.jpg,1
972,18240,78065,train_data/b24eed621529450786dd5d05dca74b67.jpg,0
973,11228,25528,train_data/253d456c75754680ab141cc9f5e04d23.jpg,1
974,1859,1842,train_data/dafed83b9a1141f2811ab5a4caf29854.jpg,1
975,15509,9783,train_data/9b5d83393d204d788beb0c080b71986c.jpg,0
976,277,50237,train_data/1ffa456f39184b62af1e033a5d66eaac.jpg,0
977,16207,69541,train_data/2d15a264426a4c8ca372038d34e208aa.jpg,0
978,6781,78884,train_data/df799d9b4a984745a9ab69397aa729cf.jpg,1
979,17008,7270,train_data/cc377275ba0f4f6784127dbad1276c4f.jpg,1
980,16860,38654,train_data/d7852ffbffae4384ab3f27ecbb5d1528.jpg,1
981,11780,25662,train_data/d6a3f648405e4ee195a97c8edca28e79.jpg,1
982,1873,48593,train_data/e00ea46a6e424d64a19e153ec2a0fa5b.jpg,0
983,3121,18213,train_data/e84a558e6fe34524ae80722c414cdd61.jpg,0
984,8579,12994,train_data/23a69adb87bb4dbda4742c23143d6b0d.jpg,1
985,1311,20795,train_data/9f0e52a0425c47b2af996b955346d0bb.jpg,0
986,1032,63033,train_data/bfa9da83b1df46908a77d4a2704233a9.jpg,0
987,8339,70556,train_data/5f3f41c20bc24a10855febbd83d53639.jpg,1
988,14776,25300,train_data/e5d69bd8f7c44c719b6a52fcf14739f0.jpg,1
989,16382,1747,train_data/e6e94a6554d54952a11240944726db5e.jpg,0
990,6382,32451,train_data/d06b44fbd065454d8ba493573bc179e7.jpg,0
991,14917,12553,train_data/b654a50488d04506b1eae24c0bb8207e.jpg,0
992,13861,63450,train_data/491be851889041e882c7a5324cfe5824.jpg,1
993,17795,66879,train_data/48ee59a34a3c43a4b0ff091eeb4a4031.jpg,0
994,7910,57024,train_data/c6fbb4c214c84c69ac21da1a3abb6411.jpg,1
995,13128,33466,train_data/54595eea6f1f4b9587ad5c18cefc7d4d.jpg,1
996,931,26789,train_data/2826e94925454d85b1c027eb8333e336.jpg,0
997,15652,7209,train_data/ae6eacb33af842b998b9cb3953ab4c6a.jpg,0
998,12211,73265,train_data/96cb29efa60f473cbfabcd3299fc09b3.jpg,0
999,691,32226,train_data/b8c5ce1586c843d687abb27877c17af6.jpg,1
1000,16205,8654,train_data/022cb11280764843b4d3b59160deb51f.jpg,1
1001,14179,9626,train_data/beedb6e7663246849385f85d4899946a.jpg,1
1002,6364,21697,train_data/70fe0ea35bf34c618c7f0f080a1e2e9b.jpg,0
1003,1909,42323,train_data/43a4a2d041b5495591934e0ac8ca5085.jpg,0
1004,9021,75307,train_data/707741dfa23a4967856a5ad200e90bbe.jpg,0
1005,11690,55990,train_data/cdb568959e0d46aea5ebfc00174878e6.jpg,1
1006,14988,8230,train_data/51541463c9514ee1be9393c96904b9d6.jpg,1
1007,10273,46680,train_data/17b5580b87c7447f92b1ba0ab8e48c7c.jpg,1
1008,18912,46089,train_data/1484df55c8164aa1a7d89b4cf66c0f20.jpg,0
1009,19460,17537,train_data/10598225574b48209b461e6fdd669b5a.jpg,0
1010,44,21710,train_data/414b762e4e6c47f68653b953210cb543.jpg,1
1011,3939,9126,train_data/b3ae67dec45b424eb364123b5b8ee118.jpg,1
1012,16144,41305,train_data/9c275b767c084d79ba77eddd34130b3d.jpg,0
1013,7108,56772,train_data/b1a5356b8fba480883c0ba853ca75a8f.jpg,1
1014,15092,43144,train_data/4da997e9047945e1b50ec039bb00d796.jpg,1
1015,4319,72264,train_data/43055ebb8c43441b94a881854830ffb6.jpg,1
1016,2965,21211,train_data/6a17dd3e98c14b3e978de315aaf545b8.jpg,0
1017,3969,50560,train_data/af4621f2b7f74bbebce692df25a688f2.jpg,1
1018,9379,50079,train_data/f9a273ba7f884f7783a03c94a0912392.jpg,0
1019,4926,37366,train_data/02ac47c3a8694ae8bcfaef5d7d08f482.jpg,1
1020,16217,68661,train_data/e395ba3bbec64919a7bef0cea71c48cd.jpg,0
1021,15136,53040,train_data/edcb42e40c624a1880f9f45f947fea53.jpg,1
1022,13971,61306,train_data/b4d397b68be44f01a4e003c7af919fb6.jpg,1
1023,8476,38396,train_data/1951540f0a744caca1d228a9a5236d02.jpg,1
1024,7478,28997,train_data/fa912fe414b94eaea6f6b41955baaf45.jpg,0
1025,10266,21821,train_data/416d3f4429cf4fe0b91e5be46633b12e.jpg,0
1026,6308,48306,train_data/aff52c1a44eb41b7a68715eb268ed118.jpg,1
1027,4159,60651,train_data/9f69ff64d5394ea0bfa06c0516d84f58.jpg,0
1028,3092,56395,train_data/157ae33aba1d44e481e9ddd92bfa16bb.jpg,0
1029,17723,45067,train_data/90582c45b3e9400fa97249ecf4905882.jpg,0
1030,12748,39096,train_data/b4c8d783f80d4ac2a39d9546f657386e.jpg,1
1031,7954,21030,train_data/c89881bc7b494ed080e195587d4f1eec.jpg,1
1032,5555,11141,train_data/f6e91a4578b24d799b22ac0e74619853.jpg,0
1033,15062,36134,train_data/7030ebe1132c434daf33463b5d6fef23.jpg,1
1034,12515,43605,train_data/a6f0b2809eb2442aa754e251c8ebc322.jpg,0
1035,3982,76651,train_data/ce3123faa31746b0ba95a9149a2b4f1a.jpg,0
1036,19604,30843,train_data/a099f2140bce47c19c5e230a47a7fa06.jpg,0
1037,6940,35876,train_data/0d6ad115a0624d558af997cfd29e3769.jpg,1
1038,18241,61546,train_data/7a0c7788aee54744a3c4d5b658db210c.jpg,1
1039,1404,48082,train_data/047952c4f2584adc94824fca8b535de1.jpg,1
1040,3195,4079,train_data/d31e4096fd214fe9bd1a161c59a21724.jpg,0
1041,17303,32325,train_data/7f2772ce3a03476eaf69b9677d4f692e.jpg,0
1042,6124,3548,train_data/dbaa046b4beb4e79b8ee14aae5c89439.jpg,1
1043,17743,5268,train_data/5b32c44f7cd7420cb8164015f2ce9b13.jpg,1
1044,969,27183,train_data/b44115b4cb6c491b874fa0c255a55fda.jpg,0
1045,18051,39677,train_data/87154192a65f4163b62f83cfd99e6300.jpg,0
1046,6543,60775,train_data/2f0d9913ede74b8bb9fa6b9cc9cbf9e6.jpg,0
1047,11926,70228,train_data/73661dc1949d4a4db150e94db703ee1c.jpg,1
1048,9117,30186,train_data/51670576afd64b9abcd8981aad29ac9a.jpg,1
1049,12363,15465,train_data/51c67cb8499c4b5494a46f18feae1799.jpg,0
1050,10076,16107,train_data/6437a043acdb46dd86d6546f0f819dce.jpg,0
1051,12917,24261,train_data/c3e0ec0d73114dbf9da1a9ea34c5c444.jpg,0
1052,2843,15550,train_data/aa11c1db205845e6878f549ca3b7ba48.jpg,1
1053,2851,18545,train_data/4702fa6ce60c45c7a28512cc7c3f44a1.jpg,0
1054,4815,44570,train_data/34f7a4f9c6c749d9b4cbf355bc47e5af.jpg,1
1055,18496,25404,train_data/a4c1413eb6194948a951aa4be21bc71b.jpg,1
1056,5956,65504,train_data/27e834ff988b4d4085d6406e70c66401.jpg,1
1057,16872,46958,train_data/e8a1367a55b54dc0ab1d06594a9879d6.jpg,1
1058,11220,22974,train_data/e63e12f399bc48a4a0233ad43d80f1e5.jpg,1
1059,1827,63585,train_data/87c98e721f28428ab0cdcbf43a5e0ea3.jpg,0
1060,4471,56080,train_data/6d2dd9ea30cf48c0b77ce4fbfc193748.jpg,1
1061,15968,4050,train_data/43d4b813a9694a42910bac5d1f263512.jpg,1
1062,12540,66675,train_data/a0870944e8794f02acaf2245470be724.jpg,0
1063,13374,38994,train_data/52c7fe18f5604dc881727af64b64c169.jpg,1
1064,17962,7146,train_data/d2b859b247034e25a49dfaa05b7453a3.jpg,1
1065,11818,24196,train_data/43836022d572456fa28671a6eba4a09d.jpg,1
1066,1789,68130,train_data/6b0956e5e63f41c49777de43cad46138.jpg,1
1067,140,3738,train_data/95a4c3b421364e88a685a89ac5322784.jpg,1
1068,2059,37665,train_data/ffe353b76c5c4d97b74b5fbf51af4a5c.jpg,0
1069,13179,1097,train_data/3361b2566af04dd6a9db28e2a7b5739a.jpg,0
1070,7143,45034,train_data/b533f85e5ef9415ab71382960dc665f3.jpg,1
1071,15296,33995,train_data/c8e6645ba13d4e0f8ef95db6548644ec.jpg,0
1072,12205,33225,train_data/4711bf4d895c4d9c8b7d62aaf8a4e65b.jpg,0
1073,14198,13190,train_data/94bc17d5234b4162b7039200b937f7b0.jpg,1
1074,1902,28944,train_data/4fbe34b592ff4994b910f852d0121e19.jpg,1
1075,17133,73948,train_data/2ab02eb41e2a468ea05e5e011fcc4cd5.jpg,1
1076,14407,70511,train_data/02652347b8594f048bffa2dd83fff3e7.jpg,0
1077,4686,44571,train_data/1df5da05972d4531b74edfffc3bc5e26.jpg,0
1078,16505,73405,train_data/32ec8b68e6de4b95b2030075071b399d.jpg,0
1079,8090,5872,train_data/fca64623bc37455cbd7077754534e1f1.jpg,1
1080,4922,47238,train_data/af627345fea94aba8b16849e0dfbb7c4.jpg,1
1081,6785,58953,train_data/1b8f5e5dd5254883924436d882abcf6f.jpg,0
1082,5877,31887,train_data/c45bd92caf1e4d3485abf9f50a4c8553.jpg,0
1083,16085,74006,train_data/d3c00f61a3234318b501634eff258459.jpg,1
1084,9548,68275,train_data/2231364311944e3b99a44bd71ee80726.jpg,0
1085,75,60355,train_data/d88c74c5487e42c28744fae6ec4f477f.jpg,0
1086,2345,49213,train_data/cf84469642c64bb4aed7cc69d9219ec6.jpg,0
1087,6447,35793,train_data/6f3cc0847a434507a6eb45e9e2f96c12.jpg,0
1088,8430,76318,train_data/31226724aaeb48b9b2c984652645bb15.jpg,1
1089,8622,42603,train_data/dff2dcfee2aa4e15a52071fcf55438fc.jpg,0
1090,4586,41696,train_data/f5fa133accc34ef88ac6bd455ae7fed1.jpg,1
1091,17570,6536,train_data/edff889a559040379d2c8d0927f55af3.jpg,1
1092,13240,43747,train_data/5d2a32b6353e4858ace8df852788feb1.jpg,0
1093,14597,74867,train_data/2bd644364c024619939d74c463455df1.jpg,0
1094,19628,2314,train_data/dfa3208871774a118737bc41d324a83d.jpg,1
1095,15793,17595,train_data/f6a5a8790bd04bd3af9373a1ee9cc982.jpg,0
1096,15257,4916,train_data/71beb01c160a4ef292a11979667a7d2c.jpg,1
1097,1012,6698,train_data/8b434fb35982474c9d169ed7f54aa9e3.jpg,1
1098,12770,15351,train_data/e38a6d6f581748aea567dbd2cbc92b36.jpg,0
1099,1553,47215,train_data/fe004c79c8c04b2688b5f73fd21fa4ba.jpg,0
1100,5874,34015,train_data/bc045970be1e4fb9b1cb66314df237e3.jpg,0
1101,8432,59014,train_data/f95475ec22404cf8947f36e7cc3cb50d.jpg,1
1102,8975,77407,train_data/13f8e4f537ff4dd0ab82f340f532f369.jpg,0
1103,18612,79659,train_data/b2e8e1418e124378811971f9e32e2e29.jpg,0
1104,11258,11599,train_data/dfe6f75257654f74bf65c54a3f7f41e9.jpg,0
1105,6197,67454,train_data/8e9b76b0cb7f4e0b81f2d04e45d11118.jpg,1
1106,9169,45849,train_data/373863dbc29f4424a03015cd244e13d5.jpg,0
1107,13097,39716,train_data/ae62914c258a429dbd0a3a3243e47b62.jpg,1
1108,14456,39127,train_data/bdb1266d169447d3a46147290d7877e9.jpg,0
1109,6401,78655,train_data/7c5304389a48410fb4d3d3f9dc71df3b.jpg,0
1110,5695,10746,train_data/e868208a59cd4299a10badadc3740a1f.jpg,1
1111,2941,22130,train_data/4c91cb939bce44a399f084448f8d2ae0.jpg,1
1112,15311,43345,train_data/0e42410ec0a5441b9f16a4831004e059.jpg,0
1113,16315,17444,train_data/9a22b201a1454c7aa50501fc3f59cae6.jpg,1
1114,14838,35128,train_data/a924c7b4f85d4fdcb4a9a84ed705915b.jpg,1
1115,15302,2743,train_data/035c2e7b0e334ef38a10eab7483ecc81.jpg,0
1116,17900,45300,train_data/4fb5afc78d99486f9f811e3cc806b5b0.jpg,1
1117,7381,75096,train_data/483419055f8a479993cd83321a9d95e6.jpg,1
1118,17986,67714,train_data/a666cb85cf48429994609512d55fd4bb.jpg,1
1119,1620,70974,train_data/68080c2d2f324a20b70cb0a1c014294b.jpg,1
1120,13834,65948,train_data/6266fa51b8f842fc8a84bb8e3f64cee9.jpg,1
1121,5578,37306,train_data/579bda4372904828bcbc75abf0536992.jpg,1
1122,10338,11147,train_data/318885eda6734acfb0b6c5eb3c0e7348.jpg,0
1123,9993,48783,train_data/7c34141e03404d5689a37c6562d0cd01.jpg,0
1124,7905,76614,train_data/5ba20446cd8642d0b372e7ea416ab136.jpg,1
1125,10287,29038,train_data/2979000e23854754859f76eed30ced67.jpg,1
1126,16836,67160,train_data/ae6416c694a14786b0a80bc278532d05.jpg,1
1127,16122,26717,train_data/8af0c242a6fe446c8c1930dbfd68bcd7.jpg,0
1128,9549,60636,train_data/9a9fc6832c274fd7b47d5123afc4e79e.jpg,1
1129,1048,30536,train_data/08718ce150504ef89cb8b9ccc1f61c8b.jpg,1
1130,10152,71751,train_data/ef5189fc22774850b0f62baef7a4897b.jpg,0
1131,6782,69809,train_data/334688e2b07e4a1d899ad28115a26987.jpg,0
1132,12662,60690,train_data/20c846bf10e84ec986d695c7e056ffff.jpg,1
1133,15390,38763,train_data/692ce94743894cadb0f922456217213d.jpg,0
1134,13625,55298,train_data/2eb412a7646e443e86653ae77c2ec646.jpg,1
1135,16802,64260,train_data/686df6d2dfc0406b8c57953907e6ed58.jpg,1
1136,18531,43697,train_data/19ca858175074ad0a67829f468eae23e.jpg,0
1137,19896,68433,train_data/8d23329abd4a4b41b856bd99816e29c6.jpg,0
1138,16401,66236,train_data/a7b783de3a264d1190d4d263a3af7a6e.jpg,1
1139,1609,19910,train_data/45b1e448d9bc4096be66d637a1e622cc.jpg,1
1140,3096,38901,train_data/8274226eddb6431aab3cad0ceb1717ab.jpg,0
1141,16867,79455,train_data/19930d7a052944eb8ba9631962742e41.jpg,0
1142,2415,22653,train_data/b5af5610e63a4acea995c50c3d56386d.jpg,0
1143,16785,18486,train_data/8512d799bf2d4a478c36995168b99d4f.jpg,1
1144,2017,22513,train_data/3ef42c27931f469d9b6b967103546148.jpg,0
1145,2971,20130,train_data/2b3a2091d39642ab95367ded248fff1e.jpg,1
1146,14616,37215,train_data/410fbe9d5929460b81c10bc46dd7df59.jpg,0
1147,12317,20106,train_data/6ef87c77104847dcb78cd8196b485abc.jpg,1
1148,14038,14562,train_data/2daf9b9350e74e27b7f732149d6f299d.jpg,1
1149,13567,6100,train_data/3ee6ec53dc8b420ca5af73bdd9393380.jpg,1
1150,2931,31413,train_data/433e55b94c3b4e148239e082672af69e.jpg,0
1151,18295,4672,train_data/bc623af2736b4ffb92f9d910cf415286.jpg,1
1152,3246,75457,train_data/1c560de66b604322b5f29cd17925198c.jpg,0
1153,124,70441,train_data/ce94671ab21044c5a5244f47d391ca20.jpg,0
1154,1106,6700,train_data/797ff7ae015b4a20ad0cf0f12ac94d42.jpg,1
1155,13001,22708,train_data/bb4980e4d6a44e42935b199b5ffb2d7e.jpg,1
1156,1814,46386,train_data/6bbc91a89a774804b19571649e7ac776.jpg,1
1157,17709,29901,train_data/5dfe3a7b8cdd41109e1e8d93171cff31.jpg,0
1158,14586,17252,train_data/4cd6a4c97c7543a5b729ac30c12eb859.jpg,1
1159,14448,78371,train_data/e913403be0aa4fffb503f0b6f01bde94.jpg,0
1160,13841,16824,train_data/ac9377d75f1644008291faa3c5991d57.jpg,1
1161,224,14516,train_data/8d2c28495c784257b85527eddbbcd393.jpg,1
1162,11533,73876,train_data/93def06693bf4464a5f03ca17d683712.jpg,1
1163,8790,6417,train_data/4ae1a0133fc6415d92f16a8566650cff.jpg,0
1164,2123,63828,train_data/f72d7259c60e458499da000c8d3947eb.jpg,1
1165,19409,54218,train_data/af70290389024027b86714b2127dce43.jpg,1
1166,13704,60899,train_data/9cd266559b76456f81466cf1f79338f2.jpg,0
1167,16772,74095,train_data/c9272b225744474493aee14df1908cda.jpg,0
1168,17490,26397,train_data/b95e5333c83841da9b4be0c68fbb21ad.jpg,0
1169,972,46577,train_data/90f4a864ee8848a3b9599443426bcd1d.jpg,0
1170,8970,77299,train_data/d3461bd34f664c268a4fe03ba658a1ff.jpg,0
1171,2806,3047,train_data/dda81f85d3354069b55f333f1a66fe65.jpg,0
1172,19511,6056,train_data/bf46754b8a24413681025e6de39697e3.jpg,1
1173,2197,59436,train_data/9e9b7234738f4d56805780b37b436584.jpg,1
1174,4051,22848,train_data/77524230aa5947b699510b2ba6400d0b.jpg,1
1175,1216,65784,train_data/f9e58f6f26844216bb1d8424127a1462.jpg,1
1176,7701,58987,train_data/2945f7e9c32f48f39ae8e43964eb7c99.jpg,0
1177,11554,41108,train_data/5a5f81b12a484bdfa4418de8114faa3c.jpg,1
1178,17537,75191,train_data/fd6c4f0323b146e2bdbfb2d488e56700.jpg,0
1179,725,67316,train_data/97a65d7266de40d393aaa9824ff1a38f.jpg,1
1180,15620,9232,train_data/6d06d9017b324aefb01731794e92a26e.jpg,1
1181,9170,11993,train_data/ca438e352de9499d86d30bffe69c077f.jpg,0
1182,808,48124,train_data/55fd62a1fab74e0095ed1045b3ccec79.jpg,1
1183,15835,27408,train_data/70dccc65542f4a1abb05d83f2511255c.jpg,1
1184,18198,61919,train_data/cdb06494a1ff436cb214b3b3f412bc24.jpg,0
1185,18983,69138,train_data/dd5ac07e5c804200b188da90749748b2.jpg,1
1186,15252,16422,train_data/b65fe57f97bd4834bb4382ef4131fa97.jpg,1
1187,16733,45146,train_data/b84a96a6da4546328f8e1f78b2bf4566.jpg,1
1188,13712,70497,train_data/b9006d641e2142c3af0a904558ade9c5.jpg,0
1189,4906,61258,train_data/c84d4e126db141509b58ee9d0820f681.jpg,1
1190,3722,69108,train_data/0d3f73da551142d4832a800aea19f9bc.jpg,1
1191,3177,53779,train_data/c2dc497a139747cba96c3182c0094936.jpg,0
1192,13122,56211,train_data/a9dae522573b40879768894b9df52cc6.jpg,0
1193,12734,24627,train_data/ccd4d49519cb4be9bb4234ccc3512510.jpg,0
1194,3962,74701,train_data/a853272ad34b4c7191041d82bdcb124a.jpg,0
1195,17642,18355,train_data/527814e6f98141f18303087e5a21ff82.jpg,0
1196,2671,13840,train_data/19c6c7d50a5548ea9a3b827fbda8686c.jpg,1
1197,18681,54809,train_data/82f082cba92746e0bcf68e664ffe23fb.jpg,0
1198,9427,18107,train_data/eaf7f8ee01534866aa647788cb620205.jpg,0
1199,9417,42921,train_data/37cea17735f74936b8e61268483e9deb.jpg,0
1200,1764,54807,train_data/fa6390ec44a94aa9bf021d94960f9209.jpg,0
1201,4552,696,train_data/4230a054b5aa4269a8f7a37b7e9d15fb.jpg,1
1202,607,19656,train_data/44825eaa3725467790c65dd8dc69b404.jpg,1
1203,15426,31697,train_data/a65b1728350e405cb65e7a698a3891be.jpg,0
1204,15874,53927,train_data/6a70b3d5bc3e434a91da8a96e80b5e4a.jpg,0
1205,16711,12048,train_data/9490c3c72ed84cf3ac57cefbf1b1dbb1.jpg,1
1206,3217,39192,train_data/7a49093b7b72470489474880330b85b1.jpg,1
1207,5737,16828,train_data/f0526a57c81b4de6ba1be235e15a7869.jpg,1
1208,8479,1349,train_data/4f12134b445b4fb4b7c11dc08026f411.jpg,0
1209,2053,18843,train_data/ee59647b239542268904c9d44747e78e.jpg,0
1210,11158,61847,train_data/5299574219764c9f98972c554ade52f9.jpg,0
1211,3164,63720,train_data/cb4f27de05154660baa4776574348c44.jpg,1
1212,3075,62087,train_data/20894a97b6b8489c945fd1dbfb5709db.jpg,0
1213,6763,51528,train_data/5f7882d0dd1c4e5ba7ba4a140b5ebe15.jpg,1
1214,2541,71637,train_data/d7203c4a01ac4161bbbd16f3dc610a90.jpg,0
1215,1657,77485,train_data/5ec8094cd7994663abb2174919b1f457.jpg,0
1216,19206,39162,train_data/371a8047dbd74cbc88055d7d05578856.jpg,1
1217,8069,28089,train_data/fbb666cf9dd340829a85319be2820c27.jpg,0
1218,19195,24957,train_data/2fb4eda4d199464eb90647d8e60219ad.jpg,0
1219,8644,12829,train_data/b692024492594b58af435c05b4815986.jpg,0
1220,2710,36246,train_data/9076b97e486848149cb0634e961f2b0b.jpg,1
1221,6316,5841,train_data/4eb956cdaa59472d8c23efa9e8e0db66.jpg,0
1222,7549,30751,train_data/2fe8dc13891347248d8ea0b07663259b.jpg,0
1223,4266,23921,train_data/3b991f5f2c454adbbb1436d4bf23c0a6.jpg,0
1224,18691,36049,train_data/11db172b931d4853a0ad8e9dc0de0d8f.jpg,0
1225,6715,1879,train_data/1ec90fedbe244952a0c86ffc4826b31f.jpg,0
1226,422,35245,train_data/42b59074129a4003806d5a61e8be3640.jpg,0
1227,10972,68350,train_data/a5f8afdab72d4812873906fd0c788836.jpg,1
1228,5316,33486,train_data/a40cc561c38c4b21bb9e5c4d991c4fd9.jpg,1
1229,15217,64292,train_data/4cbfb6c600fa4cb784428f9018cc7d34.jpg,1
1230,8849,72949,train_data/7c40eba37a894dcfb89c4f199d6089e0.jpg,0
1231,19475,42960,train_data/2c19d3118ab2453aa9835647012509b6.jpg,1
1232,9673,17502,train_data/452ef55d74eb40edb51b3845fafbbe2e.jpg,1
1233,2845,45649,train_data/b8bd33150bba4b248d99a08cb18b6564.jpg,0
1234,4066,40294,train_data/b8d8c4a7e5f34a02961f9fea287d6f84.jpg,1
1235,18811,27271,train_data/98dedf720e4142b085b1182d7889cce6.jpg,0
1236,11576,34732,train_data/128ae736290747a48624bb375bdf9392.jpg,1
1237,5244,71501,train_data/0d80626b6b9f46d1aa525fac664f7588.jpg,0
1238,1001,44521,train_data/e92ee5ed7a74444098bbc69a8fc62e16.jpg,0
1239,4198,7324,train_data/4994edfc38a04678b4f6fa134d8f3c33.jpg,1
1240,2418,43501,train_data/2fbb4e76ea624d56aea47ec6e334b0f9.jpg,0
1241,17724,55308,train_data/7b3bfb97f54349d3a494e9aab325b6f1.jpg,1
1242,3575,52556,train_data/cbee7cce44d64ac2bd10e24bf9064928.jpg,1
1243,6726,5095,train_data/3a31f45000194019bbe4d74b018d2b5b.jpg,0
1244,3847,49435,train_data/b37e5fa020c34cd7a7d0170642fb3e1c.jpg,0
1245,961,20429,train_data/af90e22256da4f6f839589d73756c26a.jpg,0
1246,9772,12060,train_data/979b29e764da493ab28a868cf86e160c.jpg,1
1247,15734,38582,train_data/dfeca84826fb4ea7b760d152278b6ae6.jpg,1
1248,15824,28323,train_data/4557ffd925534fd3b2b1f6f60691d12d.jpg,0
1249,10398,17719,train_data/723c549c51ab4519a369b5c94e3c811c.jpg,0
1250,12458,11343,train_data/072ba263b5974a90b21f6e4950430059.jpg,0
1251,3854,50616,train_data/58acf66c258b41658856c65c6101fbca.jpg,1
1252,4887,69384,train_data/11a9cf945a4c414c8dbee2bbd18fe24e.jpg,1
1253,12423,29937,train_data/68b51a3890c14dbaa267c3905fcfd972.jpg,0
1254,757,6888,train_data/949da2b51d71444591f9ac80cf95acdd.jpg,1
1255,13058,35029,train_data/de8dd746dfc64e48b6b95dd0dc1b5df2.jpg,0
1256,18299,14804,train_data/1a842dafd40b4f128752376a49d118c4.jpg,1
1257,5313,21809,train_data/d7b6b51bdd764af4b52c20a42eef61cc.jpg,0
1258,2284,63305,train_data/69052c26c32145a19fc84384c79b46ae.jpg,0
1259,18368,11867,train_data/9d76726aec1f473a8a1433d92e3f5628.jpg,0
1260,16981,19626,train_data/59e3e29490c14897b4feea081ee7c5bb.jpg,1
1261,15344,68299,train_data/c14399c97541452b9b8373796e49de1f.jpg,0
1262,13699,65416,train_data/e4dfe7f6097b43f8bf79245a19e3c44b.jpg,1
1263,13501,34222,train_data/348aeac20ae94397aca04ac9427a20c4.jpg,1
1264,14223,22889,train_data/506958a0a3c9450fae08e6936d83f9fc.jpg,0
1265,4827,26552,train_data/cebf9a3bac294fbf9183483cb93d3333.jpg,1
1266,15825,55938,train_data/8b206f7bc5f744049de6fa5a0340385b.jpg,1
1267,8378,15532,train_data/1a9ee55bd825489b9738e742ba1b64d3.jpg,1
1268,807,29515,train_data/b84ab39c9a614ddcb595edee5cdb2e85.jpg,0
1269,3907,42758,train_data/a6ee6f228a5747b69ff66dfb0274dd7c.jpg,1
1270,14333,62184,train_data/9087b526c25d4759ac335a39c3f08ca8.jpg,1
1271,15967,35040,train_data/813218b2592644889fd5a8008555276b.jpg,1
1272,12750,69012,train_data/5673b9c7c3ba4a9b961bdf1bb3213189.jpg,1
1273,7023,5366,train_data/aa4aca6c336b4a9f92170583c30c22ac.jpg,1
1274,1956,58895,train_data/33f5a665e9d646269056bef6f3018f82.jpg,0
1275,10637,73546,train_data/f7374499446149b49d7f7bee273218fd.jpg,1
1276,9343,65492,train_data/1d91fe66d1a64aaf8878cecc6e92cc99.jpg,1
1277,15161,70633,train_data/91f2694b9f5648a1a01da64e0f73382e.jpg,0
1278,12229,18500,train_data/7e7276dcdea14c22b072f4d7f5cc504c.jpg,1
1279,11404,74522,train_data/30178fef3ddc414391d00ab23816c392.jpg,1
1280,7331,17020,train_data/b016366c857c44fca518b5ef1a993af3.jpg,1
1281,18089,35073,train_data/7f23cb604814431a9c4db8ebc6ce07a7.jpg,0
1282,2402,61348,train_data/ee9c9773debc422d97ee6870b7593b7c.jpg,1
1283,5184,54984,train_data/8371afec11eb46d48e58689522e1cbe0.jpg,1
1284,1073,6166,train_data/11f0d8943bb24b5c99e1e25a7cd8ce60.jpg,1
1285,14698,40568,train_data/897d10cfec304bca960852f918fa02dd.jpg,1
1286,17148,22860,train_data/28bd45b86ca54f649f30510da6ee65a8.jpg,1
1287,12432,64497,train_data/14e664c388b74a3692a2db1b028f3ac2.jpg,0
1288,6524,76279,train_data/af81114980404d12b59195eb208f4501.jpg,0
1289,13628,17250,train_data/a97aa2c4f67842deb79161103a8561d5.jpg,1
1290,19142,12,train_data/dea116642f354126b79d048de24010e3.jpg,1
1291,19685,12630,train_data/855ef62a2d89464cae5be74b145597c5.jpg,1
1292,10283,45862,train_data/c3f52f5185394e3e9af5361f7151d809.jpg,1
1293,12719,77638,train_data/13e5fb002dd24fdab54d7a0a7ca7a937.jpg,1
1294,19981,22035,train_data/28d81f2f2c954df0b45c7e2ca6bc5785.jpg,0
1295,8095,60120,train_data/767d6bb476454637a07478ad3b682a94.jpg,1
1296,9890,79230,train_data/88b339a73b0a491da96ec9473da14ab0.jpg,1
1297,1635,45808,train_data/d6ccb2853c264965a99e2e20a6a76c8c.jpg,1
1298,18355,78020,train_data/73cb3632cbfd4707a90e4a0722b69416.jpg,1
1299,10130,26027,train_data/3c542d6bb28745d181c7a09f5afc1b7f.jpg,0
1300,2466,64352,train_data/6a308ffc299447849cac036c5db961ab.jpg,1
1301,7504,20944,train_data/87989dd91af94fb4a064fd75ec7fe7ad.jpg,1
1302,10658,78817,train_data/df4dcc8a7fa34f2d8e946e68aac02eb7.jpg,0
1303,1003,70558,train_data/164977a879f54dc5b4efa6dce4eff789.jpg,1
1304,15086,32349,train_data/70390920f8a642369239b96517b36736.jpg,0
1305,7658,51635,train_data/0ffc8322dd3b47618d244dcbb118e14d.jpg,0
1306,19107,17033,train_data/ecfbc0ddc46c44ca9ea01757734e4632.jpg,0
1307,17151,16384,train_data/d882f439a5be42539c1703d6ef9650bf.jpg,1
1308,7566,2113,train_data/d789d957ede745cab0029b4cde0bcea9.jpg,0
1309,16218,953,train_data/f42c9ac147ab4018b5a5f9756f5a2786.jpg,0
1310,12843,29786,train_data/bbc327a1ca294fec875c894d34e67529.jpg,1
1311,14719,11212,train_data/811e061e2c6f4a458a209b718b035d7b.jpg,1
1312,16228,57106,train_data/25ba62d41cd940d4bbcd21b254233a0d.jpg,1
1313,14348,6767,train_data/8ea9eda17a2a4b599263a249065e32c8.jpg,0
1314,9677,64825,train_data/a8bf309fa0a3451e9820d20d97aeb4c3.jpg,0
1315,19253,20385,train_data/91c9dd9828a143b99b78c4425b77ab20.jpg,0
1316,5368,58393,train_data/81824326033e4a5d838adae2e87f667b.jpg,0
1317,6928,21741,train_data/b1a6a318c2e24fb884a4a4ddbf347392.jpg,0
1318,9603,27363,train_data/e57eb4239d05499e9156f1833c1b0e35.jpg,0
1319,6289,19234,train_data/037993b9820f44ccbc28c427c7dfd452.jpg,1
1320,13041,3629,train_data/181c91a03a8142beb5e714e5fb69409e.jpg,0
1321,13759,34239,train_data/2297bdd677374dbdab7ece0f626c45bc.jpg,0
1322,16308,8115,train_data/722a7ed489ec41a5853eaf830190a51a.jpg,0
1323,8901,60949,train_data/93fadb375549494287707ad0cf126245.jpg,0
1324,15612,9189,train_data/d975388a0b3a4054a825cdd37944f65b.jpg,0
1325,11795,37961,train_data/b61c5dfee8cc4b6787172ff537597aad.jpg,0
1326,985,20851,train_data/f05b70ea106a477c9e92bf235bfb717b.jpg,0
1327,11268,48520,train_data/371d78785b6e4fd5a3a48579df45f0ec.jpg,1
1328,7982,3001,train_data/ed75201e794e4cfd8fdc207048ced11b.jpg,0
1329,6169,50315,train_data/f68bfeecce3a45a790eb1c06af86f4ad.jpg,0
1330,6049,45549,train_data/f31c0c7e76d84feb8808a27365d17684.jpg,0
1331,7384,37600,train_data/0701d1ee63bb4936bd3e7158f8807da3.jpg,1
1332,16731,23811,train_data/138c8c4152894e32b322ed15f6b73ae2.jpg,0
1333,19139,13927,train_data/33d064de0dfc476484dd9f04eefa8573.jpg,0
1334,14905,61402,train_data/4fa24d90fb824ec4a4d777884c0f4f7c.jpg,1
1335,17566,57400,train_data/58480241dd054aa8aa7d0ef891abed1c.jpg,1
1336,12293,28191,train_data/386dab249ddd452fa21afee7455ed434.jpg,0
1337,15909,72404,train_data/0ec8f607a0b94647b65716445a835c38.jpg,1
1338,10914,33624,train_data/c5639d0141664f9ab77dae88e515adb4.jpg,1
1339,19388,3116,train_data/19684fe96de54a0c932454da0b42b475.jpg,1
1340,9460,43423,train_data/b716740ca2db4a5090dba700681f9b66.jpg,0
1341,2462,69365,train_data/543d7c5911484e7b95f6f26d8cf3f726.jpg,0
1342,16919,42160,train_data/4b64f997989f457f81fa61fff830cf24.jpg,1
1343,268,77990,train_data/f475d0fa5b064b508f7ce1877df907e6.jpg,1
1344,7962,35014,train_data/9d04ae3f10a84d0596a9869fa0ccde60.jpg,1
1345,3580,17642,train_data/9f77ef01d57c46f3880040e08f5d1460.jpg,1
1346,12942,15842,train_data/9fe404dacb5c466f8d8021618aa00546.jpg,1
1347,11708,50784,train_data/d06d4f97d0a946d6849e38ed535f7189.jpg,1
1348,71,7982,train_data/67ecc96528b7411cb9d0d9afa70aa7d6.jpg,1
1349,9454,17657,train_data/6bd24db46dc24437a29f83686ad1e4b0.jpg,0
1350,18062,40619,train_data/46e2813157d946b4a66a1c3c63e6699c.jpg,0
1351,6509,5897,train_data/d7c0ab3d356742dd8c9bbd24d58f17ff.jpg,0
1352,12450,27999,train_data/b80c5ff99d1a47cea2eaea71eafaa79b.jpg,0
1353,2821,55768,train_data/065ed793a9d043d58b0a53d0b7e711a3.jpg,1
1354,4524,55975,train_data/b632eb3a2cc9419f9ed4d3868ea9c3f5.jpg,0
1355,589,1638,train_data/69e084c52fc64b44b6bfa2403051d90f.jpg,1
1356,4591,53508,train_data/51959813f43440cf870294788ad3f83b.jpg,1
1357,13136,71115,train_data/75397ab8db274092b4f04d2b1bf81205.jpg,0
1358,16136,53989,train_data/0d6efc7ddaf34fe9a4202f069c9179c8.jpg,0
1359,8848,6759,train_data/37e79c03f9fa434c822cee53db2edcd0.jpg,0
1360,19473,6070,train_data/0374247648a74eab860e5e7e05f57a59.jpg,1
1361,10841,21204,train_data/b6a88d61892745daa39c44b730211647.jpg,1
1362,10229,47008,train_data/e92cae9672814f94b169437d82ff65de.jpg,1
1363,4624,26458,train_data/52e0e99e54624d0695802c2671f042eb.jpg,1
1364,5904,13480,train_data/9a57d7c0a6574d81afafcb7d6a30a282.jpg,1
1365,3758,24446,train_data/2eef4dd3e3eb483b823fc079176e94c0.jpg,1
1366,6845,6205,train_data/947c353909894c6c814edef2365ef1f3.jpg,0
1367,14343,57567,train_data/5a7e17a9184841ff937b40d687811516.jpg,0
1368,16120,53491,train_data/2bfdb3cac98c4e08a45e169ba199b49a.jpg,0
1369,2028,54865,train_data/f7d3e52bba7f48ae8807731e8f65ffe2.jpg,0
1370,10850,31039,train_data/0fdcf5d798ae4a3c8effe05b26fb21ac.jpg,0
1371,8869,51545,train_data/6ca095c65a914e6d92ac3cdf51653d26.jpg,0
1372,16631,40070,train_data/be304cd5e5ea4a5e90ce27dcaafc40d9.jpg,1
1373,9424,51289,train_data/6da82540fe8e4299a4f58bc9d2bdf191.jpg,0
1374,5454,56136,train_data/487811101fec4d87ab5bf6d3b6899183.jpg,1
1375,16202,71939,train_data/fea9404e2e454be6a2e84136be6d7aff.jpg,0
1376,1449,64391,train_data/def620152e044b80a77bf602759726b6.jpg,0
1377,16070,65454,train_data/ce8cf33fdfd141d8b5dbf8dc0e7039db.jpg,1
1378,11454,5918,train_data/0f9ac7270389490c9e950c9b538f6f31.jpg,1
1379,13048,39838,train_data/1231f027a7b34b74b360dff69cc08bd6.jpg,1
1380,3904,9338,train_data/068f7b3b972442eb98ef66e6a0f0a7de.jpg,1
1381,2432,43267,train_data/a252626d7283491e90d874005265c9bd.jpg,0
1382,17109,14500,train_data/23a642a14d1e4495a23eff9c0730ae6e.jpg,1
1383,9828,78118,train_data/e10a17622bf34b12ae9bab30e549ad64.jpg,1
1384,4647,71817,train_data/f46fb6489d0e448bb1bef5622932e82b.jpg,0
1385,8469,7161,train_data/3292103cc0a54e04807aba7ddcd7deaa.jpg,0
1386,15811,15083,train_data/a3ab217363054eb6818c65831668ab30.jpg,0
1387,896,74464,train_data/6c384c13ce8b43ff993179c2c98c162d.jpg,1
1388,9803,48386,train_data/aa5ca6151b9a440db79fe4000fa00692.jpg,1
1389,7000,60024,train_data/b2cc63cfddf74e2ab3688dfe259b2253.jpg,1
1390,1587,10206,train_data/1b7833c004d9441aaec05d44d69b2413.jpg,1
1391,6686,64021,train_data/b333be479d58452aa67225987d3b77bf.jpg,0
1392,13558,66288,train_data/09a936f37a47439aaf01329d4d761e66.jpg,1
1393,12961,57780,train_data/45c6fd370ee8423991ee78d7e20aec6c.jpg,1
1394,1719,21909,train_data/5fac4e557d154a2baedafdcc26479ede.jpg,0
1395,6100,63624,train_data/3934c33e197b4318a8de7855df890f26.jpg,1
1396,15033,67198,train_data/cd8f6d9f89b0410e87867b3248f9ab78.jpg,1
1397,3806,21623,train_data/e90ebf44fad54f06afb6e73b66266b9e.jpg,0
1398,8806,36221,train_data/727e7a6bca4b4258acbc47a6f61bf5e5.jpg,0
1399,2504,18147,train_data/51049e92f36f4bd19e83b58ff3fb7856.jpg,0
1400,12893,40329,train_data/4acd7ebba2d54331adf0d713a5f03c06.jpg,0
1401,3961,62421,train_data/c6914c8b12064d5187d683352273280d.jpg,0
1402,16381,31810,train_data/c1d6c6e456584591b857d3ad00f4bb60.jpg,1
1403,17316,48349,train_data/7f42e09e60994fc195da4f9a61524f31.jpg,0
1404,7036,39101,train_data/e4a45f069f534c17a311b41febfee455.jpg,0
1405,13756,1931,train_data/382a4d00c629416ab7c9cc17c088b69d.jpg,0
1406,13247,31666,train_data/038821f5e8664b43aaafa519bff1329f.jpg,1
1407,6078,61578,train_data/4730e36eae0c4496a0846805378d134b.jpg,1
1408,14279,54395,train_data/41d1828f444e4e8492ab398d14bc7e16.jpg,0
1409,890,55365,train_data/d0b8e7246da44d729d69874e0c66a7ec.jpg,0
1410,15724,10849,train_data/df3725c2d7d4493c868fd977a04eb7e7.jpg,0
1411,19007,61281,train_data/92a0548d7d7d47ad8916f1a649df0342.jpg,0
1412,4006,77406,train_data/ba73aff1c6fa4571928d43c1604aa185.jpg,1
1413,4939,16022,train_data/b2f37b9c52384362a6f0f9bc61e9d7d8.jpg,1
1414,17860,39245,train_data/ace630e63e9c43bba9e74707ca8058de.jpg,0
1415,15882,26031,train_data/38153cb3e02c4142911f92f1d12b079d.jpg,0
1416,5898,52133,train_data/0e8c7d2ca9034e48b06701f4f14d9338.jpg,0
1417,14365,30074,train_data/0b3e360a1e574402a6f7d2ade75da0f3.jpg,1
1418,17393,37810,train_data/6066db40c2984e1180e2ec618cd7e2a0.jpg,1
1419,14011,2718,train_data/a46752c66a2147078e703e0960e0b02f.jpg,1
1420,8551,52694,train_data/55eefc20cda04ca0a26c7b6ae41de255.jpg,1
1421,7616,44581,train_data/7a7bf4dd88004e7292f060a289d7fa0e.jpg,0
1422,13825,58746,train_data/23679e16d5ef4e56b33b8fa04f9d1357.jpg,1
1423,10991,75177,train_data/6e51fdcf526b458a9797ebec9b49d71a.jpg,0
1424,13882,21023,train_data/4e95c85ba5af44ada9cb0d5e1e32ad7b.jpg,0
1425,584,32985,train_data/990612e0db8744bb8d8eebdc13254f65.jpg,0
1426,11460,13094,train_data/6b181df8e8c847a3a402244d393f5edb.jpg,1
1427,3932,31956,train_data/563c14075b8c42cf8da55feab773fb46.jpg,1
1428,13157,13915,train_data/b654426247fb405fa80e9ba2b0f0c543.jpg,0
1429,1260,42550,train_data/e1af85b2029e4571bf707bdb2e12bf13.jpg,1
1430,16752,40660,train_data/d251182e381f43c8a84f5766bdb3b40d.jpg,1
1431,14391,61983,train_data/bd4efdfa262f4864b7c6b9d9c8bb5d97.jpg,0
1432,14884,51426,train_data/8d384050b87844eaa3fce11b50410963.jpg,1
1433,310,20691,train_data/9d97127eba9441a5be94b72f5b75e200.jpg,0
1434,1716,31302,train_data/a3cb9d10d3844696a80cd25671e66b28.jpg,1
1435,11500,72243,train_data/658faf0936ba4fc08490660d3be0af79.jpg,0
1436,6009,380,train_data/ffd5c3b08ea148909c54b029644cb669.jpg,1
1437,2052,76674,train_data/3ed44a532e6648e894820f5a70b41b6d.jpg,1
1438,17354,15033,train_data/139dbc3869e745ebb1b605030801a492.jpg,0
1439,4668,62114,train_data/b94f2929206441d9be5d0c681b4dbf74.jpg,1
1440,4298,15199,train_data/4dad083c7f534ba99ad110c39636f89b.jpg,0
1441,6646,50006,train_data/6c5aa6c8e7bc4619b08f5bced6dbcc65.jpg,1
1442,3783,54053,train_data/180b58b5cf684eff85ad351c6b3e87f1.jpg,0
1443,1008,68961,train_data/88006a62690d48f79c04a62f48a893cb.jpg,0
1444,7347,55257,train_data/6326890cc93742aebaeef7c5da36b765.jpg,0
1445,18301,17892,train_data/5d7a8771551e4e3796516dc8bba3ef68.jpg,1
1446,10377,28322,train_data/12109cecadcf4c74b87f6faaf5a5e679.jpg,1
1447,7409,21501,train_data/44eaf04d74d34d1583d5c6733d1d9142.jpg,0
1448,11815,57542,train_data/ac14fee5f78f4901a801f490859acc30.jpg,1
1449,17458,19409,train_data/41c62ad948704f58a38a79bc1f1c72b8.jpg,0
1450,8383,41033,train_data/855e43260d964f92a94296430ba120cf.jpg,0
1451,9878,23366,train_data/97b5232e2f614c2588d7251f440a6b83.jpg,1
1452,13159,46878,train_data/7e05674175d643ac891a99383fb984d7.jpg,1
1453,2773,64811,train_data/e38192e9ee8045b9915c7edccab5810f.jpg,0
1454,13026,73926,train_data/616412349a75461791867d00766e7c44.jpg,1
1455,4059,29338,train_data/95da7701db8e49a989e7841419ff5213.jpg,1
1456,12948,78096,train_data/fc618542aef94acb99ba70459501eae1.jpg,1
1457,8721,61898,train_data/4a3d4daac69c4311ab057f930c206b5a.jpg,1
1458,90,17050,train_data/f8ff25a7187f4304ab37f86d41ef3633.jpg,1
1459,1987,45824,train_data/7bca43954c1748ca99b52f9cec033c7f.jpg,1
1460,17042,74105,train_data/1ae72ca7a27f4601ab781c3db4d4d106.jpg,0
1461,18272,64734,train_data/eaf246345a564077b3d08625568b057e.jpg,1
1462,17733,23789,train_data/4010b7a5794542e6adce5b8bfc62b4f8.jpg,0
1463,7279,56528,train_data/83146057f3614e4fb28416d880c36c8d.jpg,1
1464,13162,17244,train_data/012fc188867c4890bbba8701ca1e7bdb.jpg,1
1465,2672,10530,train_data/353849eb0d1a491daf62a94f3f57e625.jpg,1
1466,10309,62930,train_data/dc1a6fb56b2a4f35903b264dee6c95b2.jpg,1
1467,11129,42925,train_data/c5bd1dca13de4b539493f2621e3f620f.jpg,0
1468,9080,66245,train_data/d2c654e9fa054b19b84f4d02b0f77b65.jpg,0
1469,9175,11401,train_data/937755cadccd4cca831e45da3824cca3.jpg,0
1470,15124,26599,train_data/17cfb0578e2f40c29089949172aebb0e.jpg,0
1471,7192,64111,train_data/0103e94b8ad9424c81adcfab0001b0fd.jpg,0
1472,9517,66338,train_data/a59eb4f98549410d9a7c4f790e348d58.jpg,1
1473,18679,67077,train_data/9f29dbdd0c8444dc9c0c8f94ebb5de9d.jpg,0
1474,5043,45456,train_data/1d6f28bfbfa946f288ddb6f08095cb50.jpg,1
1475,2925,42783,train_data/19729a1f59c14132a9bcb178e048679c.jpg,0
1476,16325,11393,train_data/b18f89b5f6934f8cab8cc7c94305880a.jpg,0
1477,8185,75509,train_data/eee8bdd1269b4689bb93e8ac8b422cfa.jpg,0
1478,11406,22896,train_data/ed5af63de5924d19bada8e9a01127e58.jpg,1
1479,5884,25535,train_data/3a9966ff562f4f6c9f6f153580bc308c.jpg,0
1480,2341,37037,train_data/876f59e95c454080aca72c90628c4e51.jpg,0
1481,17644,28597,train_data/a455ce82a6fb425990d007ae30e0368d.jpg,0
1482,11744,12293,train_data/f2ec92de69814e0bbaf8ecead9900ae2.jpg,0
1483,17454,53397,train_data/cf5ddf08990947c89f4a15484be03f11.jpg,0
1484,6589,51719,train_data/af00ae49cf6944c38929de532e00bed0.jpg,0
1485,13780,77876,train_data/a18211c5ab594e6aa603d779b520cea1.jpg,1
1486,15574,65628,train_data/db1bb6d8b45e49fabfe31686871e9fd7.jpg,1
1487,627,15127,train_data/c5b9f8620e4f485fbc9831f73e1cc726.jpg,0
1488,16430,37452,train_data/eb0bbbed837e493d9cd41b577168fae6.jpg,1
1489,13139,41728,train_data/5fd1d31df9774dc285ae7da35eb9957a.jpg,1
1490,13272,62005,train_data/77494fe739a347f9a14ca478a60a42ab.jpg,0
1491,12436,69567,train_data/23cdb985e0084ee18d19dacf34cfc2eb.jpg,0
1492,7545,931,train_data/09554457a9634241b4f275029f3a99cc.jpg,0
1493,15926,66148,train_data/309dfb8089d542a59fd5119ddc1c1702.jpg,1
1494,4765,16046,train_data/6b46c4bac8ae4f1fb6fdde5544be2943.jpg,1
1495,9793,11181,train_data/807a234aa9ec44eabea34a530cfa4d6b.jpg,0
1496,3672,44346,train_data/dc52c3a5398c4c62aa4c08488342c378.jpg,1
1497,18413,23843,train_data/cbb0c61d50c849b0b1cc0f3fd695e3d7.jpg,0
1498,128,34412,train_data/db0c1e9362f24d2ba20dff05cbeab3d5.jpg,1
1499,19469,48346,train_data/e163088419c340fbbc5864103ccef1ae.jpg,1
1500,16716,56545,train_data/88618bb9b44e4a5684d25f480afdf35e.jpg,0
1501,18671,18994,train_data/1efab87f370b47f7b1a5b8a363dfba16.jpg,1
1502,4182,48267,train_data/33b0544ba0c54cea9eb2c49c08b756d0.jpg,0
1503,7299,73036,train_data/b1fa461028a34ea890d446c6ae1733cd.jpg,1
1504,13782,1784,train_data/d019882beb65400dbe2bfbdfc3472eb0.jpg,1
1505,12427,72937,train_data/68602317ffd945ea869e318c67d5e618.jpg,0
1506,6995,67734,train_data/62e4b1eddfbb4322bbb577d67b852353.jpg,1
1507,16942,62347,train_data/a3adc044039f43b8b8e048a7fe2c818f.jpg,0
1508,2398,45031,train_data/ccec21c75d684967801d35f5a784c653.jpg,0
1509,6305,55594,train_data/4375daeaf6e04b52b654b72abb6bb2e7.jpg,1
1510,18580,17606,train_data/3d747490ffeb4b4da0d200119c028784.jpg,1
1511,16971,4519,train_data/4d331f5ccca64af1964563afda67876b.jpg,0
1512,12392,59920,train_data/fcbf988ce1de48509ecc1a468c78e509.jpg,1
1513,12747,56662,train_data/0284210646444394bbc79285c7e5a72f.jpg,1
1514,1186,78474,train_data/824720c2fe084d3cbc42bdd1346161c0.jpg,1
1515,270,23943,train_data/0f808ae89c5b438ca2bf4159144559af.jpg,0
1516,15472,45773,train_data/e2656b62b92442eca79d8297b6543367.jpg,0
1517,10703,25867,train_data/e07ef60f0a6744a4b55d4a91e54f7d3c.jpg,0
1518,3354,12796,train_data/7e00a870627e44f0ac458f0e03c06d47.jpg,1
1519,10169,19247,train_data/39ec6ec8e62449f59a11f993266a259e.jpg,0
1520,5314,43885,train_data/941caea5d1c349049ebb26bb8ae108a1.jpg,0
1521,9220,41652,train_data/a7de9b1cde8d47ff85a8dcaafe1ab3c5.jpg,1
1522,4247,36732,train_data/f940285834aa4d1c87e2e834e486610d.jpg,1
1523,19558,30414,train_data/697e7780ebf04b1694ed2dfb38d264d7.jpg,1
1524,11273,8420,train_data/714de9d2548a4efca40cd5ad95edd80f.jpg,1
1525,9107,68006,train_data/3a1d52840d3a4bc1b8281f1ed8ee7d04.jpg,1
1526,9497,53630,train_data/8a82eeb749f74af3b2db943d84c8352a.jpg,1
1527,1096,41494,train_data/dc20fa21f5e146b1b827350426813b70.jpg,1
1528,11241,70150,train_data/8917ac9d35bf4017a4d18c2e24b04cd2.jpg,1
1529,14965,53959,train_data/877e6e0d080e4ebb981b2f022625c710.jpg,0
1530,6653,60446,train_data/fa5ee3c6eea24f1fb3ebff2edfc8c781.jpg,1
1531,11159,60048,train_data/0dead5ba246049a2a334b19ab15bd330.jpg,1
1532,1273,57206,train_data/e414a84e412d438da2b1c395217dd41b.jpg,1
1533,5698,47563,train_data/7b7a01bc84c2448eb3d96d7321d56e82.jpg,0
1534,15137,63347,train_data/f4614dd8453d48f4990145c1aa5f36d3.jpg,0
1535,15690,21579,train_data/69f92f1ebc734c78abd0d059e8694ee2.jpg,0
1536,8728,66499,train_data/93dd0e3953b54c83bda967b46e91eb25.jpg,0
1537,10988,78813,train_data/c4b0f4a642f9497588d5707ed87dec28.jpg,0
1538,6797,51804,train_data/e7bf9f5dae8f42d3b5a2892c63d214f3.jpg,1
1539,9590,35096,train_data/f563dac4a42f49fab59d6759f2aac3ae.jpg,1
1540,6615,20824,train_data/670660a4924e4d41996eadf131fb7789.jpg,1
1541,3358,42792,train_data/48793604240747409b5623cc2bb7ef7b.jpg,1
1542,7755,2629,train_data/2c0c5f679da84c13be9e8d81500f0741.jpg,0
1543,183,13775,train_data/cb13382e09a14d618f3cfbee49a9f891.jpg,0
1544,17373,37778,train_data/f344ffae73e74519ba19a07adbd8afcd.jpg,1
1545,12654,19966,train_data/7c6710bd57cc4bd094472e94de722fe7.jpg,1
1546,16863,48734,train_data/7e7480716f784e27b8063f82596d79a7.jpg,1
1547,9114,46813,train_data/b0cb509b58854896830954954cd4dd65.jpg,0
1548,16890,43138,train_data/34d538826b884fad85263fe6c7d15a80.jpg,1
1549,4005,29791,train_data/c88cd4a20c244abb966003ba1c8df403.jpg,0
1550,15235,49401,train_data/a3ab05c5eb77403da0845bc6a1723a41.jpg,0
1551,6513,32622,train_data/21789b9e38444003acbe56c0923abf82.jpg,1
1552,4567,43522,train_data/73677916f2aa470aa09662be01be5178.jpg,1
1553,13255,28643,train_data/49c8217923144087b8f324df4738f446.jpg,0
1554,6603,20255,train_data/c008fe60e6cd4a44834c3a8f12462fb8.jpg,0
1555,10686,49575,train_data/f76aa01c3a5f47f98d216c572e9e8d6f.jpg,0
1556,10848,10419,train_data/39a030cce27246a2a0b47cfa9d85e994.jpg,0
1557,18247,14575,train_data/b09076c9d57f4b5c974301278d0a71bc.jpg,0
1558,17344,55864,train_data/307859a42da448d2ba0a854ac4c60bca.jpg,1
1559,1961,73059,train_data/a3a5d021606d41649b61df5579f3912e.jpg,0
1560,4992,44218,train_data/8f5f3478f99e49e3803eb12dca249397.jpg,1
1561,4891,39216,train_data/ee4fcc901f3d447bae046947e2e89e19.jpg,1
1562,14330,17005,train_data/1183394d2113480584d5f7568b07c3ef.jpg,0
1563,14007,49942,train_data/4fffc48a41dc44b6abfbabb2f6486b51.jpg,1
1564,8039,59465,train_data/fc2de3bb11cf436bbe6bd5b5eff75436.jpg,0
1565,5869,27698,train_data/3a9a6606e24a46fba9f695210abab6c8.jpg,1
1566,9570,13126,train_data/ad9c9dce20394e6a8f11464b509894ed.jpg,1
1567,14587,56785,train_data/00163ce004f5439b95f5f9260e735729.jpg,0
1568,5305,22317,train_data/641562e704234e8ab5b80ba49fbe0731.jpg,0
1569,6226,28009,train_data/70ffd9c9708d4316ac1edc1c9cf67f64.jpg,0
1570,17386,54198,train_data/a70946c9ddee49a18c4722bc037ccc34.jpg,1
1571,10939,13842,train_data/e95249aad8a2455ba97e9a17cef57ce3.jpg,1
1572,16873,13041,train_data/90ad31a4e3094deb8530b88bfcacfc4c.jpg,0
1573,1251,57822,train_data/87ffddda91f74758bfbb8f42922a159d.jpg,1
1574,3176,66240,train_data/a4dabe8b8adb401fa95e8e8a1e6ea019.jpg,1
1575,13264,57243,train_data/86f1de9b78fe475c85347628a9521f19.jpg,0
1576,3359,33913,train_data/dab3306f866041c298555f8e5a088730.jpg,0
1577,16643,31846,train_data/ebeacdd753fd4e1a957a32a0d6b639f9.jpg,1
1578,17131,2055,train_data/de1823ff43cc42f98dec31260d195b61.jpg,0
1579,13580,21255,train_data/ba1e693aeb1d4d67ac8091d25b6bfe2a.jpg,0
1580,19437,61354,train_data/f8a5d8bf21e141dd87cdd01f9308c749.jpg,1
1581,18598,9758,train_data/b9c47e2ac23f4d3db41b50a5acd3b890.jpg,1
1582,6320,4869,train_data/f78191be73304d4c8d7658039a84f7d1.jpg,0
1583,11481,18168,train_data/738f545157594d0d9dafd8799b154ec3.jpg,1
1584,17062,34038,train_data/0de268298c414d26bb19a7d8c89129d9.jpg,1
1585,7411,48778,train_data/6f3934da3d2f4869aba2571399e59440.jpg,1
1586,7538,55844,train_data/08b8a9c07fac4a3a80b7ff681e3deb45.jpg,1
1587,12580,39511,train_data/96365d6fea224f9f854fad3e314caeb4.jpg,0
1588,18911,41879,train_data/4db725ad76ed4b23bab36c90a3b2ba5f.jpg,0
1589,17436,49567,train_data/644c1c6b14fd40f2bc18959f5bed9a56.jpg,0
1590,12225,40810,train_data/9a0e938ea8cd41b3a6cf5834b11a5765.jpg,1
1591,1051,18709,train_data/11c9247fad284e63a3c9af6a3e299644.jpg,0
1592,12261,76247,train_data/40eafdece910446480a6ef9c51f2a9af.jpg,0
1593,14519,70043,train_data/5c4ede4e43e44f45b7c9b653e1471179.jpg,0
1594,11410,22002,train_data/0828eceb0ed245dfaca1169653b5f8c6.jpg,1
1595,9221,26841,train_data/461627d2b9f947579d4300ec31116fea.jpg,0
1596,8464,44398,train_data/98e6ae4a32354edeab079c6dadf6fd4c.jpg,1
1597,10234,46174,train_data/244ef83dfda3459cbf7a0767ba7521ad.jpg,1
1598,4763,69923,train_data/0f0d94dea38049539e8ca8fcd2f93415.jpg,0
1599,9062,8923,train_data/a644f14e78694351813466848eba8200.jpg,0
1600,1874,12970,train_data/6dd0194624df4a0a91489a4172221934.jpg,1
1601,16182,72216,train_data/415592a450614d8abe3f15432c12249f.jpg,1
1602,9278,35124,train_data/1932dc9387234b0bb12ba6e24b89ee00.jpg,1
1603,9665,22750,train_data/2afd8776e30343c4ab89b8af4f030a40.jpg,1
1604,7282,20298,train_data/42fdc6d72995454d8b99a6a27ff5421f.jpg,1
1605,11412,20476,train_data/936584d700864459807dc37f9bf3b87d.jpg,1
1606,9008,23153,train_data/cf2986589f1f4f9faedad39f3218b785.jpg,0
1607,6999,38606,train_data/d334978222674a5489a2127007628751.jpg,1
1608,10378,56538,train_data/ea323c9d284b486da942ee2ad5c32f55.jpg,1
1609,13682,31526,train_data/29fc59bc7ed94c9e9d7632644498d96a.jpg,1
1610,4322,50836,train_data/5efdfa5eab454bd6aa0aaa69cf5ecefa.jpg,1
1611,19277,36569,train_data/e0fed00d26e7454b8718d442f8dfb895.jpg,0
1612,9448,74284,train_data/2aeb13e6c1524edc8d85de9337403ae8.jpg,1
1613,5831,39188,train_data/200da8cb441544989a22636c6beae8b2.jpg,1
1614,18050,51803,train_data/6ac7431d49b54c72bbf78f2d08c979fb.jpg,0
1615,16463,63802,train_data/72df760eafe94901835fe28cc13ea57d.jpg,1
1616,15914,20768,train_data/66a28a88094741c993c0927b94596d6f.jpg,1
1617,8684,49548,train_data/3d47131cf7bf42d59a44733856c4acf8.jpg,1
1618,8100,10598,train_data/b9efb783265143bb9965cadc446edaf8.jpg,1
1619,12901,9263,train_data/3f4aa8cd674d4468a670876503557ab2.jpg,0
1620,13233,7680,train_data/43def62f4b634922bbe800735fe3800b.jpg,1
1621,12629,33415,train_data/b34a1d9eaae24d2db3963a2ecc0f4344.jpg,0
1622,4485,61971,train_data/9910822242ba455aa7b2324244a7d4aa.jpg,0
1623,9783,176,train_data/25d98a8633c34fd48e3f26e871d791af.jpg,1
1624,11670,9889,train_data/363924ff4d2548f8aa93464f0414dd8e.jpg,0
1625,8615,33273,train_data/9be306896b0d4e34a054d83074917025.jpg,0
1626,3924,7486,train_data/416da2f2a2274c94bce19984f2432e6d.jpg,1
1627,9940,47250,train_data/41705ac8d13a404f8cefbbfb975f14e5.jpg,1
1628,19485,29183,train_data/f9c66e3ce0274329ad4f9a8a44302c5f.jpg,0
1629,19701,72713,train_data/c5970aa8676f4669a855ba9b8d0b6ea4.jpg,0
1630,16414,38939,train_data/191ddc18f3ba4941b39da12855dab089.jpg,0
1631,16426,1256,train_data/62a95eae5d6d4cb2b7fc2209ed66c74b.jpg,1
1632,17549,25200,train_data/2da707e5cae14ede8845d38184d8b423.jpg,1
1633,15198,79895,train_data/7fc10ff45ee04fe49e5f45b7ebc0a9b3.jpg,0
1634,7850,30672,train_data/da362dd76ea647ad97c74c60f4521cd9.jpg,1
1635,10854,78077,train_data/d40085576c2d498f91d08cdf66f42ec3.jpg,0
1636,12426,74368,train_data/d7521c304ad44e0daddd46361b99c49c.jpg,1
1637,18011,2662,train_data/d0e8583a4da54ac5ae0a0c5c73fd3f4d.jpg,1
1638,3113,59571,train_data/60d2d807aac447b091b218698fb78107.jpg,0
1639,3303,12258,train_data/79efb7ccd39d42c48344c477531e6ffb.jpg,1
1640,14442,45744,train_data/a7aa544d84244a3e9f67f097cb226348.jpg,1
1641,9536,17987,train_data/98c1454c09fd49a38f4b27104290c3d6.jpg,0
1642,13579,25630,train_data/51828cc11022456db3a3720e0036f164.jpg,1
1643,15549,21822,train_data/ca44f749d8824210b23be3aff4b24855.jpg,1
1644,1690,20610,train_data/aa61e25c9bf84d8d85fd20250bb7cfc7.jpg,1
1645,15762,36198,train_data/a24f76701d8946e28f69d63480981a7a.jpg,1
1646,11143,44928,train_data/0082e9e1560440c780a63bc37f8ccaf2.jpg,1
1647,5048,6762,train_data/4b7f203263534345bfc85e1a16c291fb.jpg,1
1648,17922,61856,train_data/086cbcb87a824c9190a39bf4a1cd16d8.jpg,1
1649,7117,72934,train_data/236ce6d5fd064b539597be037d0468b3.jpg,1
1650,3308,33710,train_data/ebafe49cba2d4c658d375fb96813119c.jpg,1
1651,1504,12896,train_data/de8ab02295354a85ada024a2532d49ed.jpg,1
1652,14475,58534,train_data/eb389c02f54c4ad6b870dafe0f2f296d.jpg,1
1653,1806,8260,train_data/734f670e82c54f0e8cb90c213d500309.jpg,1
1654,3871,39938,train_data/c6dfe2e5dce8432cb375664efabf54f3.jpg,1
1655,16305,52404,train_data/9167580335b345c088bbe5dd98c97da6.jpg,1
1656,3791,43173,train_data/593959d741df457aa9062dcf11fe94d3.jpg,0
1657,18784,45421,train_data/f78bbd2fcf9e47e39eeab206c790ebf6.jpg,0
1658,14154,59569,train_data/33a366a517894025bb62e80128c8d6e7.jpg,0
1659,2786,65334,train_data/0453e43f66c0492a80f1d9cc9679ce88.jpg,1
1660,9259,510,train_data/7977efde682841c7871f8ea1e848e4a4.jpg,1
1661,18300,48495,train_data/66ba3832d7824fecaaab0af91a704cc4.jpg,0
1662,13678,60938,train_data/a5c826919e0d4ccd9c17fbc9855095ad.jpg,1
1663,1717,50789,train_data/ee81f84b0a204fe28ef792c4ec61171e.jpg,0
1664,2696,14167,train_data/54945ec2a7e445c193118ce8bfa0e308.jpg,0
1665,14643,73052,train_data/8cc28b89912442f09b90cc147fd32d71.jpg,1
1666,1848,21992,train_data/cb6e36d81d704d56a7a840f980b42cd1.jpg,1
1667,4512,22835,train_data/e43550b277844ab1a79945f0d66019af.jpg,0
1668,17271,4039,train_data/dcc41c8257914e1f983a111b67faf3af.jpg,0
1669,14003,56970,train_data/aeef8c7734eb470698b508850a23bbbd.jpg,1
1670,10623,34827,train_data/c5515a63f8614a0f8d8600735082cf19.jpg,0
1671,16067,37750,train_data/b9ce7d114ed84f4896ebe45cf276754b.jpg,1
1672,12852,40881,train_data/dfb9e806715b4b9f91189c6d5606c7ac.jpg,0
1673,6622,72879,train_data/f35347c583b34a1eb8fb96a6d422c58b.jpg,0
1674,3435,25798,train_data/b9b2f5c8b2ac43099a2ad617f2b71cd3.jpg,1
1675,18783,61195,train_data/6933a5a20a774f71a66f1e2d9d1029f2.jpg,0
1676,15539,11468,train_data/c46bd483ca6240eba2bca167540e98b3.jpg,1
1677,13512,4472,train_data/ffb3e0fac28040ae9f9a58e8edaefce5.jpg,1
1678,142,46740,train_data/55ca9f2b109b4bd6a1c9acb680c434ed.jpg,1
1679,6771,6884,train_data/a2e8613764d7463f8a6013107d89988d.jpg,1
1680,17417,59467,train_data/ab11550c48e8439195d4e206f940e61d.jpg,0
1681,11175,72276,train_data/06981075f0b3409ebfe97d2a8c63f0d1.jpg,1
1682,6992,53109,train_data/b7b83da8be714e21983681d0c00fadc4.jpg,0
1683,16071,20825,train_data/a315f480bc3946018f48ef5ad59802d7.jpg,0
1684,1647,73070,train_data/586000f5fac7469ab4e0aec9c8a992ee.jpg,1
1685,18165,44652,train_data/6b44d0cd2ff6409db1390100c92c06fd.jpg,1
1686,14941,28376,train_data/9b9e800f988b48fcaa665793771de691.jpg,1
1687,14292,78177,train_data/e3f6717fdda24ae693909164bec42b2e.jpg,0
1688,13482,28681,train_data/f335e5ad21f141af85dc4f0a35609ed0.jpg,0
1689,16152,15509,train_data/725d05e133c4433480d06e94f267c328.jpg,0
1690,11601,149,train_data/d556bbe4bcfc4a17a47fe0c8950a318a.jpg,0
1691,1117,22215,train_data/c2ee52366d9d45b6891be5fb768c46a1.jpg,0
1692,14573,62880,train_data/a3c322e353dd4318b67eeacfaa2691e4.jpg,1
1693,1756,32673,train_data/94a39c196848449dbbe753f5beaa5c9e.jpg,0
1694,497,29868,train_data/795eeb88484c4cc7a21372c65f07802c.jpg,1
1695,6751,20900,train_data/a2ff712590bf4cf09caa19ec2a23104a.jpg,1
1696,12300,23213,train_data/07431e7d879541b4a72fcf9ff63ebcad.jpg,0
1697,870,63461,train_data/528f963d515640b687e1621af6505b4f.jpg,0
1698,3357,4195,train_data/70a8888d84c5491ab089519b83cea8f3.jpg,0
1699,9104,53726,train_data/a8c8a2f7f6804fef8f51df949bd40556.jpg,1
1700,7678,45628,train_data/b1666f3ad2ce42f18d821370e6345739.jpg,1
1701,721,39473,train_data/cf2dbd885cb0453b8ed06c267a0a23f9.jpg,0
1702,10997,64584,train_data/3da930d1517042f5b7af2ee756bf5410.jpg,1
1703,11265,42411,train_data/acfc3a3608d24cafb1e4143e714fff16.jpg,0
1704,886,64893,train_data/f8f3c4da7b084ea19ff5986c1656a4f3.jpg,0
1705,19602,16499,train_data/aedb5151d2a74650b0fd781079d92444.jpg,0
1706,17866,54746,train_data/22fbbcadaccb4296a68280eb41ca63a3.jpg,1
1707,18535,38531,train_data/e04aad4f247641e59489fb5665456d82.jpg,0
1708,8347,67941,train_data/bc02b511ae0b4f53ba2dae653467d1e7.jpg,0
1709,9712,48878,train_data/597db48f6e814b81b056f78257ae2a24.jpg,1
1710,15588,9113,train_data/1e283e6a1575463396a196ca1c98afcb.jpg,0
1711,8102,5739,train_data/cb942e81e24242c9aa53787ca683e380.jpg,0
1712,4876,68467,train_data/c5260ea8dc774e6aa2c55d8564e10004.jpg,0
1713,10938,38030,train_data/0fb2a12662ec4d65a18e1c4b7c13d9b3.jpg,1
1714,16573,13323,train_data/42c1e3d10fa442ad9fdbdcd702db8fa2.jpg,0
1715,16640,52319,train_data/9e3d5ef70e6b43a3bd7e6c453ead73ad.jpg,0
1716,314,40170,train_data/e961052df5ad405088b00f92aa3390bd.jpg,1
1717,18317,47230,train_data/88fe0bdb26314588a30382a32d1499b0.jpg,1
1718,19964,16577,train_data/f6ee4b0d53a54c2aa09043ffe8e6f618.jpg,0
1719,16555,3170,train_data/2025cc4be3d54eef978a1c703fbca825.jpg,1
1720,17321,6,train_data/e67085fb6d814cbabe08f978c738f3f7.jpg,1
1721,4204,24370,train_data/1397ffcd44b845868af830ce90c82833.jpg,1
1722,5850,62155,train_data/447444680d804a4c9c2b090244fc201e.jpg,0
1723,6129,28872,train_data/fe35204d6d554ffa8ac624b7497cc8af.jpg,1
1724,5447,35392,train_data/69475022cf104bdb95f8e4a978d44dfa.jpg,1
1725,3129,65945,train_data/4449a804c05c469388583340f6862c25.jpg,0
1726,15632,34868,train_data/8f69676673b3476cb9a71ef4c08ca849.jpg,1
1727,1996,26587,train_data/7c571fd7fec64d66914901e6669222d8.jpg,0
1728,910,67370,train_data/d6a597cce7a94b0aa55988b87e9f9c0a.jpg,1
1729,3968,49157,train_data/19f988b9a2c7495ea673dc7ae2687341.jpg,0
1730,16618,72807,train_data/98e7b0cffc0842d09f31b7f27fe6cc3f.jpg,0
1731,2979,51721,train_data/a2251778c11f459599280a7b7690599e.jpg,0
1732,10165,79598,train_data/af420da732f1410fafe949ca79aaa1e9.jpg,1
1733,336,77414,train_data/3b5235c2d72e413693ea9793a2aad182.jpg,1
1734,10956,499,train_data/2426e125cd36423db9b60c23b4a10537.jpg,0
1735,2547,71847,train_data/f3debb7c01f84c6d8e49dc17712da6c9.jpg,0
1736,18342,25383,train_data/fa703cc773c146b294d7aee64bb730b7.jpg,0
1737,16696,4680,train_data/19964f62bf344f1aa76a3d106f2bb468.jpg,1
1738,2985,77308,train_data/37cbdc9660ac48789fb04de1b0212e8b.jpg,1
1739,10878,23590,train_data/f0f022f9e688444b93a64d9c82ee6dca.jpg,1
1740,4620,61420,train_data/fa6caa5a675c4c36b510aca1e005256d.jpg,1
1741,6531,7363,train_data/20cb3be17e274af3950ee35c22c6e8b4.jpg,0
1742,11669,54879,train_data/f48e1b0ac957434fa374362db9b99ad7.jpg,0
1743,16111,71499,train_data/abeba378c1734a9298c6ca5da84b16ed.jpg,0
1744,3558,20727,train_data/367419a8fa72459a821318c3bab914bb.jpg,0
1745,13907,4580,train_data/e6148b719c6743ac8b97c728ea66d859.jpg,1
1746,11001,40936,train_data/205bb8f24e704edea85cdbdc122e6fe0.jpg,1
1747,4820,55602,train_data/553f61c236f04593bf28f10a59db78ba.jpg,1
1748,13053,6491,train_data/8f6a014b08cd4dd998319865dd0c8d81.jpg,0
1749,18109,3844,train_data/4a48291bff7c44db9bca582bccb2ae6f.jpg,1
1750,14248,38637,train_data/08d4a2b77fdf46a6971d1e34d9af1f50.jpg,0
1751,13438,45705,train_data/8b04143df6ce4e978c057c70d02c3640.jpg,0
1752,3416,4568,train_data/ec0c25109a4b47c785d0e4019d47f24f.jpg,1
1753,307,50634,train_data/2f789d70a6fe4a8caf1e8cd5076f34f3.jpg,1
1754,7869,41021,train_data/45f5cc9e8c86478c9358ef274e71c216.jpg,0
1755,12100,27496,train_data/60e23a1ae69641b29ec62a868fbd3995.jpg,1
1756,17467,5795,train_data/c576f7f7e9084e9fb96eaf68242c520d.jpg,0
1757,348,49042,train_data/0117b2d9a51c40a386f30aeeafe18936.jpg,1
1758,5918,63773,train_data/65a31bdac438423483af5e7d0b93f82e.jpg,0
1759,18793,13906,train_data/a080b13e189e41e6b8a07beee24ee779.jpg,1
1760,13488,15975,train_data/8fc109ebbd634c4192b2b29d4d7bf960.jpg,0
1761,7243,3495,train_data/0f7326b5bd4241afab42916d45e75f18.jpg,0
1762,19638,2233,train_data/82b31a9128d043c58eb7b884b26c1a9e.jpg,0
1763,14079,75393,train_data/fc836004346c4a4899880c2e9dba276c.jpg,0
1764,4482,41906,train_data/1a38f19dbc6548339255931924bf61f4.jpg,1
1765,11145,75263,train_data/876b3bb302774544906494c6e7487b7e.jpg,0
1766,11874,65352,train_data/18901ba0cd19442b84bb072bbf984559.jpg,1
1767,9759,55392,train_data/9e110f0c4e7e4d82a5d5219be8204a92.jpg,1
1768,9421,15736,train_data/abdaa3e113e742279175f2462ed85293.jpg,1
1769,10245,73504,train_data/37379d25e8b34aa184f3b11e4bbb5322.jpg,1
1770,14520,12772,train_data/8cb441dbfedf4cc7a8855823e3e336d7.jpg,1
1771,14141,61310,train_data/f0ea3dd371234b56a6c1738878c1a52c.jpg,1
1772,8263,7475,train_data/fa7e9cc8478e4eb29a7014f4b99ab42b.jpg,0
1773,16457,44616,train_data/0ec2ce2acf6f4c0f8d32c96332c62d0c.jpg,1
1774,6855,21025,train_data/3e98ade5790145f7924899b79ae520b6.jpg,0
1775,14757,19304,train_data/09cdadc0ed8f4d73a7a989b11785972c.jpg,1
1776,15356,26322,train_data/f730642a8b064145826fb0a97775c40a.jpg,1
1777,14943,54259,train_data/14a7b4bc10fb45e3bf88ebc63002a20c.jpg,0
1778,8597,65478,train_data/13efd0bbf99c4dc79ced98e4194d7172.jpg,1
1779,16963,5014,train_data/03d03be629434cb4804ddc5904cb8028.jpg,1
1780,2785,12310,train_data/eb256b94299d45f2b8df2ccedb247124.jpg,1
1781,6901,68988,train_data/fe3d724181a24cd999e14659c5778d25.jpg,1
1782,13548,11723,train_data/8bb7b01b13694416b33f02ab2c3ed7ca.jpg,0
1783,1666,3377,train_data/84ce6c8397ba4b3ba3a39e586ebf4c3e.jpg,0
1784,7579,59516,train_data/6f422b43031b42c6b5452fb606bfb8d9.jpg,1
1785,5570,76585,train_data/c8b07ee5df19406d8dec6d7efc290eb7.jpg,0
1786,9949,33504,train_data/484ad007b16d4bce8853cfb03984bb0f.jpg,1
1787,52,68110,train_data/adbbae4882ac46448f01889e43000d8f.jpg,1
1788,16303,75051,train_data/20dc3d17b850473095c727b2e9e514b4.jpg,0
1789,6263,75684,train_data/3ecfec0b349f473fad60dba8ad52e56f.jpg,1
1790,1445,77359,train_data/f6adeea975324ac7893d56e151554a5b.jpg,0
1791,16092,45685,train_data/a323bbbb63444d6a9fc1cf1c6390e66b.jpg,0
1792,14821,3716,train_data/20084cde7896453387c48ee6c225fd1a.jpg,1
1793,3258,75864,train_data/ad57929f10584d02807b3ae133bafb7f.jpg,1
1794,1695,26882,train_data/ec9ac399ab714cb1be69ab6124f4dd3e.jpg,1
1795,11084,45596,train_data/05024999fa444a9b9ca13d40b5c80557.jpg,1
1796,13383,64179,train_data/4fe270fcb8404106bb0ba774f83b9e89.jpg,0
1797,1574,3137,train_data/5dcd5030523a4750b49145b323c0ce02.jpg,0
1798,17254,72756,train_data/9826c3752e414cfe89b3bc2a9d65a42f.jpg,1
1799,11395,33015,train_data/ff2e67c4a81a41749f565f5fc59ef716.jpg,0
1800,4405,44332,train_data/cfcba8944a464ee2a11b6b1732db4557.jpg,1
1801,1630,12576,train_data/d599676d04584ed5a30f052158e3b705.jpg,1
1802,269,36592,train_data/48eac77e6ab34205a75f406b443ed9b7.jpg,1
1803,1881,9197,train_data/370faa68c37f4697b89ce2a8ed8b0ce3.jpg,0
1804,14523,24364,train_data/8f90c3ee7924440ab3d088c359a5f676.jpg,1
1805,13304,70796,train_data/3ecee069453e43b49232be193a57acdd.jpg,1
1806,13900,1039,train_data/1ccc3ee97bd84899b608cb1e9e479179.jpg,0
1807,5074,64618,train_data/a741ef2d969b48f3a72e26f51dd56a82.jpg,1
1808,5509,54619,train_data/15b1fda1d4df42c6894c4f962c575ad5.jpg,0
1809,18829,63803,train_data/41b9830a73e64a00982ca30f23fac3bd.jpg,0
1810,16515,78114,train_data/7adb0d8b840145f1969917b53213791f.jpg,1
1811,9040,56753,train_data/b6c425f9d7f54131816fd010819c8e18.jpg,0
1812,16783,67770,train_data/6664eb59d2854adbb853546ecacad17a.jpg,1
1813,16904,56057,train_data/6e0878d73127456e9bf2acba5641b8c1.jpg,0
1814,2535,61025,train_data/6ed9d8f76d0c4e78b818ebeb0b5b0504.jpg,0
1815,11069,36442,train_data/f4b28ce94b5f415abc7b56fd7290b2a8.jpg,1
1816,18665,57554,train_data/f5b75839a79f4f6c8a9fcb871193bc34.jpg,1
1817,14680,78358,train_data/f72faab6d9c94586946429b331665bd2.jpg,1
1818,186,44443,train_data/92d5ee91a0f54fa39ebb19b5cf2d86f1.jpg,0
1819,11971,60806,train_data/98323467f57a439884f5e554931be9a3.jpg,1
1820,10022,41697,train_data/886c19c1dab84f1abd91157a08ad3c06.jpg,0
1821,5558,25969,train_data/7d65fafcf5ee44cdb9b05e9ecec4212a.jpg,0
1822,19585,24981,train_data/0699ff848b4741fa8ac89162e1aeb7d7.jpg,0
1823,7185,44208,train_data/1e57d489c2254c8788992af50c841f50.jpg,1
1824,4143,19878,train_data/373ee84e267f40ef9d1675a075e1a00e.jpg,1
1825,17578,19997,train_data/f1c11379afbf4cb2a89128ee2173c57b.jpg,0
1826,18080,15872,train_data/31825a3f5413490bb5f6a1179b7b59f1.jpg,1
1827,13638,28249,train_data/6f5211a65ac84a96aabfdcaa90ee3c87.jpg,0
1828,6587,11380,train_data/220b1731e5604aba88bef44668b78273.jpg,1
1829,1234,53434,train_data/c0adf2f6e69949febd4e924a34291e9a.jpg,1
1830,3109,35977,train_data/daedfbcd943748719b2973694b85a8e7.jpg,0
1831,19942,36374,train_data/960336a1729649a9b7caaf4c8569229a.jpg,1
1832,3915,37881,train_data/e46e34809ca241d3a703d345ae86a59a.jpg,0
1833,446,8815,train_data/c326f49af70346349c0d456cdf8ad954.jpg,0
1834,18844,69246,train_data/bc7dbc8961414f40a46d24c068d128c8.jpg,1
1835,14031,22041,train_data/6a7491c45a4149518343c5cb50a3aea9.jpg,0
1836,844,29017,train_data/e4fa27e2aac840fb86dbf8027a3fb6eb.jpg,0
1837,5201,17210,train_data/d72538921c7c45e983546941063fe94a.jpg,1
1838,7124,35955,train_data/a8efba3929af45f6bb5ee9276f5580be.jpg,0
1839,11994,13152,train_data/da23e4748c69413ea2f71165f54dc68d.jpg,1
1840,18308,7638,train_data/9a0ab74d3a564067b47cadbdc605869f.jpg,1
1841,18354,74428,train_data/8f75a4ec58ec46718af72bac24a36617.jpg,1
1842,17604,36789,train_data/5ac7fe7946484289bc72df78a24a5241.jpg,0
1843,2440,25315,train_data/9a4deea065d94f6e8d7c76684980755a.jpg,0
1844,3103,19994,train_data/017452db89d44dee9fd3579b4fade384.jpg,1
1845,11088,52354,train_data/dfc29073c7164c4cb7175809980a9d2b.jpg,1
1846,7692,53387,train_data/6b62a379fbb44fd9afde92540eecd87d.jpg,0
1847,4774,69340,train_data/c84bc751eddd4765aeb84bc2e1ec3035.jpg,1
1848,9718,71800,train_data/7022460dbb9e4e3e929960f3a4b4b943.jpg,1
1849,6974,36670,train_data/314a8e67a4b7474cb3839f8b72b345ee.jpg,1
1850,6094,69535,train_data/8cad1e4166d54a8f9b138bd36a28f4b3.jpg,0
1851,9486,33942,train_data/d8211f00e1ea4d658faf2a6ade25ce59.jpg,1
1852,2153,34957,train_data/d4b972fd70a9448ca22b9d6fa4c36bad.jpg,0
1853,5518,54834,train_data/407bb150a5804b57b58ff85cd3c6303e.jpg,1
1854,17951,56615,train_data/817b4579dca04a9a852f3d5a3d5eb57f.jpg,0
1855,13223,28505,train_data/9b5a77da00644380abadcf5bde154ab2.jpg,0
1856,5067,18295,train_data/5e4a0c6704d54773aa7d728d48787218.jpg,0
1857,11634,8748,train_data/b8837e8544d54824b16f4ccde08ec42e.jpg,1
1858,18411,39825,train_data/00a52f23fd5a4281a48655cc4270935b.jpg,0
1859,687,40666,train_data/193234af8cdc4c81b3083da6eabcd026.jpg,1
1860,5208,63976,train_data/97921f4eb6034b66974eda7ca8371fb6.jpg,1
1861,11029,1856,train_data/0843bf5452ea450fb2854334f02ed2ae.jpg,1
1862,776,27059,train_data/98070b3c58704fdc9840dd78493d52bb.jpg,0
1863,8417,71934,train_data/acd026f911314050b591b9e3d6a56ba1.jpg,1
1864,6327,22484,train_data/1b4c71f092824ff2b69696a9b98438bb.jpg,1
1865,6324,8781,train_data/07d0eef65a9345fe839b4cd875230601.jpg,0
1866,10345,8347,train_data/2c5841c57af541bdb74522f5a60ca8cc.jpg,0
1867,13750,77702,train_data/e9d379c303c1437ba01188ed6889f437.jpg,1
1868,4920,28263,train_data/c1c2e44b84014144b32af42499bd0f72.jpg,0
1869,18700,33735,train_data/069dacaa2937443c8b102e64e7b0587d.jpg,0
1870,9182,78996,train_data/14c454f0497a49d58359d2e6d0f9ec04.jpg,1
1871,2782,14998,train_data/42fd5ca8ab754fe8baaf86e8c0d4ffbf.jpg,1
1872,3318,56701,train_data/df76e93336d04e3e84234ae1abe348c4.jpg,0
1873,3136,5512,train_data/d1cec731fabd450aba6e284432b872ae.jpg,1
1874,18390,54438,train_data/78dc76e041864a06b01bb189e47718e4.jpg,1
1875,5462,5953,train_data/44965158dd9f461db914c873c6a610e1.jpg,0
1876,13757,43106,train_data/72ee4e855c4d47d192615c70551e0ce5.jpg,1
1877,17734,83,train_data/b75c7c639933454ba7697fc361bac393.jpg,0
1878,3183,66822,train_data/dbbd9a20d3ca42628f4916b7f7833d5e.jpg,1
1879,18545,76524,train_data/6e0da8c604584d9fbd6471314b6246fd.jpg,1
1880,7522,55857,train_data/1d1579d4ddb0457b89dbc8733dde6e31.jpg,0
1881,17298,77725,train_data/cac92a6992264b929be7e269546bb7e2.jpg,0
1882,6381,30634,train_data/f97b58c93622428aa6ba175c5588b6ab.jpg,1
1883,3199,65467,train_data/207315a641644f62a5c1cce9e9eea0a3.jpg,0
1884,17446,45115,train_data/6f0c7939b35b43f1b5f2fa63a6a96b68.jpg,0
1885,1289,430,train_data/cbd1c2455e2d4f238e6904f1fd62d2f6.jpg,1
1886,12773,24457,train_data/aa336c1432c04956bba64f0d0514faef.jpg,0
1887,18608,45165,train_data/3c880c3497a846c1886a15bba7252e5f.jpg,0
1888,10692,49721,train_data/d7289e0e4c7b46d5a0a73732ace9f2e6.jpg,0
1889,19522,74244,train_data/be3cdee5693346d9849afb888c9d2903.jpg,1
1890,10335,47212,train_data/32a94782b17a40fabd6e2b6a013e6f74.jpg,1
1891,19551,56201,train_data/fc338081f8b348bfa0c99ef4bfbef644.jpg,0
1892,17286,37475,train_data/fc5dc54d28614a66b8d12a8d64e78f70.jpg,0
1893,19056,56025,train_data/c5e573cb7a3a4017bc4c87b17c6c1e40.jpg,0
1894,7542,27680,train_data/b6cc11acd44141ff91ecf73e0d8b7f3e.jpg,1
1895,12318,2362,train_data/0fed5ab8f9224ba695029160d43777a7.jpg,1
1896,11905,75562,train_data/b4f74992f38641c1ba9ea79df23b6085.jpg,1
1897,19598,27421,train_data/e6a532e3f3634103bc735e2a9d17085b.jpg,0
1898,15830,50339,train_data/46068b33588044fa9795c7f05237552a.jpg,0
1899,15735,25603,train_data/91f6d3043c974af19fbece84c7b4cb7a.jpg,0
1900,12158,50563,train_data/83661442c5fd4ebb908431d3e3edcbb5.jpg,0
1901,1879,24910,train_data/91335eace38a4c71bdce03e536ce2616.jpg,1
1902,18478,18380,train_data/8fd59ed9ab1b48ddb95574839b6eab99.jpg,1
1903,12453,54597,train_data/5948fa261b34429c86af7a05f9d30592.jpg,0
1904,18493,77636,train_data/466f64ab98ee43f4a8a75ccec18fecd2.jpg,1
1905,5457,40388,train_data/87196d08f8364e3d8f0d6b75777194ad.jpg,1
1906,16903,77431,train_data/aeb94a912cfb4e589497dffe2219bba4.jpg,0
1907,18778,65781,train_data/aa7150c461274d228aaa56b42fd7e4b4.jpg,0
1908,11349,37614,train_data/761f13ee8e9445cd898f2b1c80ea6fac.jpg,1
1909,12057,53662,train_data/e1dfa41ed0ab407f97064ec67fce8f9b.jpg,1
1910,2148,15119,train_data/db05df880ba94178b86773b93d95f7bd.jpg,0
1911,4131,21651,train_data/5589ff7c2bf546e3894fab9124450d41.jpg,0
1912,1036,47306,train_data/3f75a106bf05428492cfb94eb7eb4268.jpg,1
1913,8828,13814,train_data/f3eb83fa63f74d6680b44a0dca2b4a66.jpg,1
1914,19536,32935,train_data/9b7c7b869efc408b9272d5dc614d97b7.jpg,0
1915,15408,34849,train_data/69e652c50372420b975b077f1f2b489d.jpg,0
1916,18884,63638,train_data/9c903626f2974285835d455cde5f8d00.jpg,1
1917,4134,37266,train_data/2352faa0c07c4af5a98df850a0cdd245.jpg,1
1918,649,33433,train_data/e8a35ce471774f98a4fbf96d593800ea.jpg,0
1919,9275,69744,train_data/6e537afd83454d7687338cf8145bdb12.jpg,1
1920,6711,65738,train_data/1822f648b99e46ac90f4219260519ab9.jpg,1
1921,861,13647,train_data/04c820997a894ffe85b1e1e59991eaab.jpg,0
1922,13404,17382,train_data/183bca79bc2b4a0c930366066a1d9495.jpg,1
1923,9095,55196,train_data/72edadc021c941138a562a0c6040cbdd.jpg,1
1924,191,41536,train_data/bc7b066791d54caea41a417df1f9242c.jpg,1
1925,8301,44796,train_data/a79ca278fe0f47f297c550570053faf7.jpg,1
1926,6026,43979,train_data/26b779c675584ce18365864b1e8bb99f.jpg,0
1927,19296,47768,train_data/f33845aca5764bbbbfbd74ad8797c406.jpg,1
1928,1942,48811,train_data/87565827718f4605adf34d49ab593e51.jpg,0
1929,10295,23120,train_data/f19666cda41249e4b2871fc72f5fdb23.jpg,1
1930,4331,54136,train_data/23f47cd29fd34f8f86459e3e8c62d65f.jpg,1
1931,19127,59687,train_data/9d14d9e2a0a743cdbb1daae6088ac231.jpg,0
1932,8775,19931,train_data/427d15d5aff6439eba57e1c8db51eb3f.jpg,0
1933,14119,50930,train_data/732fbe02a6b242d0974b7bd46491a911.jpg,1
1934,10232,36846,train_data/8b72be59301344f588992cbd60418945.jpg,1
1935,7972,47484,train_data/346c1d82fee545638bef1d5df3d27ffd.jpg,1
1936,3970,42508,train_data/00d78bb94e8f4e399ffeb183b6be18d9.jpg,1
1937,18394,21228,train_data/9a3938b52c264d75a3975ffa5e6d4b92.jpg,1
1938,6628,49953,train_data/0e4c30b4fe1c4a888fb9b6bbdeab4330.jpg,0
1939,17904,58634,train_data/1e0d3a4d73484775958b2b72c9d0cc0a.jpg,1
1940,12851,35211,train_data/91d826e4dec7410daeca7ca4af652217.jpg,0
1941,15263,1295,train_data/38a7d99e46e14e0fa2e54dfbfc851dca.jpg,0
1942,13193,79137,train_data/5f01b619f2564f6eb3fe0cc617fe1f28.jpg,0
1943,2775,43833,train_data/b0f068d37ad64685bc3bd36d3d8a3117.jpg,0
1944,17114,19488,train_data/8855aac20b9849408fc22dd459506623.jpg,1
1945,4145,68539,train_data/45fa1610a27b43a4a4f61cb08dfbf5ea.jpg,0
1946,10515,27294,train_data/9539f3537fe54294ae308e60e7dcc0a1.jpg,1
1947,8954,20262,train_data/1ee356385a80478f984e7c66ffa90e40.jpg,1
1948,19393,59294,train_data/51094550d5684dafa38c8c28c569b407.jpg,1
1949,2617,25731,train_data/df43dc84aff94bdf9865d95b7bed9a88.jpg,0
1950,2411,7180,train_data/9117c54431014aebaa8ca88333cac5e4.jpg,1
1951,1094,30017,train_data/7da7e79c276941b8840dd4039407431c.jpg,0
1952,6065,46238,train_data/0561204749e4413184e5ed708329a20a.jpg,1
1953,15457,29226,train_data/db0bbecda97043eabe2c045a28099e90.jpg,1
1954,1546,12243,train_data/a816a9a39170432c8acd69966889f0da.jpg,0
1955,4589,16038,train_data/82249ca428054a13b58148dc9e20b992.jpg,1
1956,6034,18771,train_data/7416307d75044cc7918daab03dde1527.jpg,0
1957,9116,31284,train_data/fe6f15afdac3435e83383f353ad76da8.jpg,1
1958,15709,27896,train_data/929cf198a43c4423b0c92364f1471692.jpg,1
1959,6953,28338,train_data/ad96a39f780647b4b1d1399acd7e5b93.jpg,1
1960,3135,55118,train_data/83499fea40a946b29269a44294dfbf70.jpg,1
1961,3856,33626,train_data/5b91e0c237be46e0b90617d9c9eb078f.jpg,1
1962,13232,68858,train_data/bed966c136414589aaa8b5e9237a0a78.jpg,1
1963,15627,69069,train_data/bca89de6e23a4d8fba435d38e8a420b9.jpg,0
1964,19236,45633,train_data/969a4932930940f4b77b2e833aaa0141.jpg,0
1965,13620,68418,train_data/075c84901dc141f7809af0f4a991041a.jpg,1
1966,14715,71651,train_data/721629dd10d646c0831f71c6b40bf21c.jpg,0
1967,6419,22361,train_data/d88fdbb2890d48ce8b6012d8c8be6990.jpg,0
1968,14701,65923,train_data/97d2c86a276245499c0c1b9a16130db3.jpg,0
1969,3805,6738,train_data/cae4642ba7cb4d8baf258c30f2aace05.jpg,1
1970,18719,12030,train_data/0163d7950dba4741931a6a5b9369d376.jpg,1
1971,10846,45229,train_data/c665add5b34c4235a7fa2a821faac2da.jpg,0
1972,16222,66138,train_data/cc195ba98ac94806a0d1bf3b95591726.jpg,1
1973,7431,689,train_data/93bed0b18fda4db99cbfe92a53e81c31.jpg,0
1974,15160,32619,train_data/f3c0b1d039124ce49bf5f4fe855961ba.jpg,0
1975,6774,30610,train_data/ab69a443646043b28a9ddcd847be47a9.jpg,1
1976,18790,15331,train_data/16ee1ab1a1504c6ab2e6443997be2040.jpg,0
1977,14062,2404,train_data/af4b6ff8c09f4df3844b01eba9811117.jpg,1
1978,464,45512,train_data/315f9e61b12b40b9ae68f4aac3ae2c69.jpg,1
1979,1257,49209,train_data/52cf6cfc11a24075af92c187ba8298e4.jpg,0
1980,10020,37718,train_data/17f722e597e54a22a6898804ea7c7b0b.jpg,1
1981,2259,33813,train_data/2b640e6e69b940d49c3db84cc8eb4207.jpg,0
1982,17435,21000,train_data/6dab80c82a074673bc911251120ac016.jpg,1
1983,15266,54830,train_data/e4650a3be7224145aa026fd3e2a36cc6.jpg,1
1984,13384,2563,train_data/411cd20a43784436952af2ddd1eaebd7.jpg,0
1985,5630,25971,train_data/529c5f497cfb432c94d9e3960ab4c750.jpg,0
1986,3327,20664,train_data/f8085c3d03834431bbb560999dbe3d91.jpg,1
1987,6231,47263,train_data/f4b4d1f88a1640bfb5b3b7bafd4ad220.jpg,0
1988,7382,63260,train_data/3130a4e1e0364436a08bb727fd893a55.jpg,1
1989,13492,36628,train_data/3bda1109946346d0b819869ca8bb38cf.jpg,1
1990,10394,72367,train_data/2fbaf4db7bb447568d3fe74f1e70778e.jpg,0
1991,16855,55293,train_data/b160dddcf0e64e3c92055629e045f1f7.jpg,0
1992,5047,35758,train_data/285075a707de446aa42744fc47214407.jpg,1
1993,1262,35986,train_data/228470c98fc5400aaee3bc5d54a21db5.jpg,1
1994,18998,16904,train_data/9082a4673b234c90a94d78799ddaac5f.jpg,1
1995,7212,72093,train_data/7c3777941ac04a46b61c41bfe02ba697.jpg,0
1996,975,10759,train_data/3d2021b18d0b459f815b2682b3d70155.jpg,0
1997,2566,57403,train_data/e655ee2aa4d6445eb2250e44ee91d690.jpg,0
1998,5866,32133,train_data/19daef7a176e443289758d842d3ea8d6.jpg,0
1999,13117,44984,train_data/f90ed19113fe42479fe92e745502ef96.jpg,1
2000,9133,37556,train_data/58148ae551f740bda01994af8a0d1f58.jpg,1
2001,13455,67577,train_data/0b20bd85bf1540b29f60a05e6b1cae80.jpg,0
2002,6582,24352,train_data/dc4c337292e34985ac10e097f1a9325f.jpg,1
2003,12915,14488,train_data/ac2089a692c949519152ccd034543045.jpg,1
2004,2387,33120,train_data/e6b5fe3875194458b9b0dfbf53120aa6.jpg,1
2005,19735,33664,train_data/b85079af8d454d74a75c10b59ed47f77.jpg,1
2006,5021,25693,train_data/c5e8872ea116441ba7fc2b5bf4f69fd1.jpg,0
2007,7129,67985,train_data/8681a05c604d4671937c0a6117fc4cee.jpg,0
2008,12583,34664,train_data/90b94f8e6d904799bf230bee545ca210.jpg,1
2009,13340,1021,train_data/8a8b4f0f6d9b43898bc03fb4ba06e199.jpg,0
2010,7175,40968,train_data/4254ad8f277243f9b852bb050a47fb4e.jpg,1
2011,14995,26466,train_data/0687fb8d81fe4e56ae7ea57252fd1e2e.jpg,1
2012,11413,61200,train_data/a00362ba92ea4869bf10aeda00568765.jpg,1
2013,3882,59015,train_data/65c629e962154179a116f71832ab89cc.jpg,0
2014,6055,20000,train_data/e47cab2b6f2549fc8a77007311134091.jpg,1
2015,11115,9807,train_data/1e05f5c1c87d4dd89019088ec15fbbfc.jpg,0
2016,8135,33248,train_data/9b511a627fca4c26a77c9a1cef286106.jpg,1
2017,9802,55066,train_data/057eff7368bd490f9b46fcbfcda0c7d6.jpg,1
2018,15897,32348,train_data/47fe3e19fe9b44fdb4192824ce90e19c.jpg,1
2019,7605,62063,train_data/0427d25abf844915b3c2d0d50a3d9fd6.jpg,0
2020,3875,49176,train_data/599ebf7661ff4162b589c9fe0bbc7bfc.jpg,1
2021,14145,44737,train_data/2f26ef6fdb0442f18324af0e6f6a8fa1.jpg,0
2022,2789,14485,train_data/738ea085b4f541eebacc45dee5103cd9.jpg,0
2023,9136,11265,train_data/2b7fb4d672034d31a8a81cb868912bc0.jpg,0
2024,18885,15010,train_data/5608b278d41245db8eaeac42c257d1d1.jpg,1
2025,1857,41511,train_data/292969c8c8254c1eb2b3bf8dc1b8f560.jpg,0
2026,18670,69188,train_data/cc261e73a90e474b892db6b09461b85c.jpg,1
2027,4108,57983,train_data/af99824796914fbdb0c5a3e780531490.jpg,0
2028,5213,65121,train_data/97bc0b013a7245368e9b79d87d401ff4.jpg,0
2029,8281,24008,train_data/890b4b557c5a4d6e9a70b8323115e0d9.jpg,1
2030,3255,34557,train_data/180ed8a9fa44485d820ff10327eafe98.jpg,0
2031,7323,13620,train_data/643e7cc336844b5caf579e2177e02607.jpg,1
2032,2690,64216,train_data/d3cd8bc38ae14db9ab1e960d8b1cb504.jpg,1
2033,14501,11493,train_data/20ea9fdd58904016a7e6986cf1de5b4b.jpg,0
2034,7389,63587,train_data/b324b07f8ef54a978170715a3210062a.jpg,0
2035,4627,56294,train_data/5a5471f458de4964a71eb16685c1d1aa.jpg,1
2036,17299,24851,train_data/f27a0ead05a34f6bbf2bec813c24d4f5.jpg,0
2037,1319,52131,train_data/ad05ea243d364cf6a476cf535bc80562.jpg,0
2038,17887,2585,train_data/eb4ff7b22bb04789bf3a537eca4816a6.jpg,0
2039,19875,34552,train_data/e77145197d0647a99b69708a91bd0f10.jpg,1
2040,5162,73190,train_data/5eb711d862644908bc0e88f499507099.jpg,1
2041,7226,6597,train_data/24c5c8db42ab4a09b1e732afbdc6e4bc.jpg,0
2042,16678,31378,train_data/155ca9bfae7048fa80b2c4e1fd439724.jpg,1
2043,12192,79653,train_data/f6de86bf5cbe45c997f2d18308f57742.jpg,0
2044,1135,41590,train_data/9ffe80d8d1854979b42dd7bf2b4add30.jpg,1
2045,4529,33215,train_data/cf6383a1b9ac4a5c9740dc3eb27b23e2.jpg,0
2046,11667,15054,train_data/67d7729d93634f03950e8f476bc7693b.jpg,1
2047,3505,60844,train_data/45c2212c8f9c4073b0c8688d85b77d90.jpg,1
2048,4749,67354,train_data/fa2f2d232f6144daa33f815d75be0f16.jpg,1
2049,10669,23614,train_data/bed726b6efaf4f79b25c1efe6284bd94.jpg,1
2050,12380,54578,train_data/8cc6112e401e4caea5cb1307c691e6c8.jpg,1
2051,15056,51821,train_data/32d916ffe3c4410aa817f9d4dca354c5.jpg,0
2052,7086,62128,train_data/a620cb55f28343cbbd7e49daadc8aa01.jpg,1
2053,12017,45469,train_data/aade5a5be3704a528450564729f7cad0.jpg,0
2054,9941,62484,train_data/a8d13b9fd6f1443dbab09dbf98599c5a.jpg,1
2055,17790,60074,train_data/2d4d4b1faaa24fe0a7f76f56ec245277.jpg,1
2056,16276,52338,train_data/e1f7d3458e6c4a0f90510bcac4f3d63c.jpg,1
2057,19864,15699,train_data/41b57929d7584fbbb317322f36ed6296.jpg,0
2058,6336,33478,train_data/e29c87c899b342e4a26c77929a049c00.jpg,1
2059,7427,26893,train_data/d083700bef794893963b1889ebefa926.jpg,0
2060,6982,21656,train_data/7131199397c44d2e83cd6e078bcc53e7.jpg,1
2061,15423,74128,train_data/b6f62590d7254801a897ebda5109c566.jpg,1
2062,13120,30449,train_data/3d91943dd18b42d799c38de80913b332.jpg,0
2063,10066,66524,train_data/d0e8823bf5fd4e34a4203bbf6c6a8d4e.jpg,1
2064,917,35161,train_data/f01bed2c719744978d38c285d4fc37dd.jpg,0
2065,2505,44393,train_data/ffc688b01bad44fe8ad8b8ca2b105019.jpg,0
2066,17736,6832,train_data/bb8d1c7a3d644d278a765d9ad41c9f64.jpg,1
2067,13288,29438,train_data/19d9d216dca44e269c8886b0af703966.jpg,1
2068,2904,27828,train_data/c32ab5bb3e4541fb9a89bfc3536b6023.jpg,1
2069,15870,60097,train_data/a771ad236c644775bf70c0ffa7917e0e.jpg,0
2070,570,26665,train_data/5b20305a0d0642c6a47f4c2b756239e9.jpg,0
2071,1448,67540,train_data/5a56aeaa657642239d5afb25f8b8ebc6.jpg,1
2072,3414,76598,train_data/94cbd53fd6c34652879d39648f4d4420.jpg,1
2073,19138,14958,train_data/31a2308ab43f479385e22a290291998e.jpg,1
2074,18407,51043,train_data/7207664443b24d79bd7a7d0616916975.jpg,0
2075,17485,28311,train_data/94993a40162b4d1c9264c700df4c648c.jpg,0
2076,9290,49266,train_data/04987c63b35c4fe78826795cb6e0eb97.jpg,1
2077,14806,79060,train_data/a37d0e3bdc44400aae5431073dd3513b.jpg,1
2078,7031,7281,train_data/b5d81bbd027742028d77e379d488837e.jpg,0
2079,14033,61403,train_data/012cd829f63c42189367e41a1f18e70e.jpg,0
2080,6837,77695,train_data/03d2aaa39388401cb9b861da0c2b2d40.jpg,0
2081,13878,15022,train_data/fd7af8c0a9814cf8b5db988059aabd99.jpg,1
2082,3226,16144,train_data/c42d0ff4361142e8a8c2f19c90678402.jpg,1
2083,19745,3428,train_data/d22c5fd893294685acf7982075ec3741.jpg,1
2084,14524,69025,train_data/9e90a5c6844346838fa99fc7e831fd30.jpg,0
2085,12170,11897,train_data/478e2284a5d2428eb92718fecaddb3d7.jpg,0
2086,4383,71812,train_data/396ceb19b36144f6ae4d92ac0ae8419d.jpg,1
2087,14026,24387,train_data/5093250b13c54995b49bdf6c9c327f5f.jpg,0
2088,9229,34344,train_data/5d437ae28f194718b39cf033eabbfbfe.jpg,1
2089,14232,6341,train_data/8e6c62f0040e4bb09741822fca6eed74.jpg,0
2090,7845,74287,train_data/90d5738f7b1140bf8578c9e7b02e32ef.jpg,0
2091,3539,77477,train_data/d956c731237f4fd1ae14084b6e36062d.jpg,0
2092,2217,40169,train_data/958c8a60b65c4632afda7273dc0e0c9a.jpg,0
2093,18963,22309,train_data/b47f75576a6d44adba819c14345144ab.jpg,0
2094,19580,17315,train_data/776042f6132d4988900a1f19868445e2.jpg,0
2095,16698,23541,train_data/2c7156dc50e6453695fda1135ad18cf5.jpg,0
2096,13873,21196,train_data/22c0aa7ae9df4a0ea0d0dd233cfee567.jpg,1
2097,2827,8404,train_data/87555d7acefc47bc9663c334ce5d4116.jpg,1
2098,5780,53731,train_data/db23cb64df144f7382b5d815b3f9fb95.jpg,0
2099,17261,585,train_data/beb49bedd2194b58bede6735346960c4.jpg,0
2100,4996,17598,train_data/51ed935fc82a499b84c67a1f74815c30.jpg,1
2101,1338,27214,train_data/2cd39c06ef864a84bd509579c7dc2363.jpg,1
2102,3262,30644,train_data/e4eebd66010b423a9c8e4cdb16cb525a.jpg,1
2103,7876,47723,train_data/0bfc7360c10840f1a44974a64fbc6fb5.jpg,0
2104,2587,7947,train_data/a1316b13859640e8acd01ac37594413f.jpg,0
2105,6838,58412,train_data/60cb77db380341e085c0ce2e8e60b31f.jpg,1
2106,18620,50973,train_data/ce1cba5053ff48f6b41bc685af50a448.jpg,0
2107,5741,28674,train_data/65123a7c330a461592a8786052abf866.jpg,1
2108,650,64081,train_data/a486cc8c1b514a1db7bc338bdb62fa8e.jpg,0
2109,6039,10153,train_data/0f2e41c0fd3c42b09fca4a620a348b49.jpg,0
2110,11094,4998,train_data/af74da759c4b485eac12554506639b6e.jpg,1
2111,2258,43807,train_data/80fd0adb9eac4dec8b3219778fab633f.jpg,0
2112,15407,40054,train_data/91ac8167beec451ab8393b3eb8577061.jpg,1
2113,5395,24098,train_data/80fc667c62264eacae712e2c1d0239af.jpg,1
2114,18740,15112,train_data/1186fd29de5f4f5d9486effa46288c30.jpg,1
2115,7082,72863,train_data/4c434567f51f48bca93b812c67a9bc2e.jpg,0
2116,17676,16213,train_data/c4e41ab8377d49529224cad8fdd3b792.jpg,0
2117,14409,27121,train_data/869767d8914641f1a34a9414bd2d25f7.jpg,0
2118,3521,52264,train_data/9e121c92bb914f82a499a8a3d504f243.jpg,1
2119,10922,33312,train_data/474fa12481f04de5880769ee9e502aac.jpg,1
2120,17383,52674,train_data/18c4616da80e44298d318ab70c245867.jpg,1
2121,4478,38979,train_data/1264e72a73274971a77667fc22d9e789.jpg,0
2122,5660,25023,train_data/1aa2528eb92346aea2750a937f267cc5.jpg,0
2123,9788,8754,train_data/8db21e6e71a1482aa39851f9af0d5045.jpg,1
2124,67,79428,train_data/4b6930557099453892e686a59daa8dc5.jpg,1
2125,10776,59529,train_data/6f368fc84ea342bda44a4d530d57e4d5.jpg,0
2126,12626,10993,train_data/29c8f4f072364e2f975f5d1e585c5544.jpg,0
2127,17927,79472,train_data/8d13cbcd360c406195cc0975c2f79688.jpg,1
2128,11388,21564,train_data/e6b122ba5b87431b97a6aefea1564550.jpg,1
2129,19394,21807,train_data/b288bc2fe3a74427a2f1d866cd6f562c.jpg,0
2130,13519,13098,train_data/de821969f0c64733b561b230e0b39669.jpg,1
2131,17864,2807,train_data/427ca132139941c2a1b6baccb2059c27.jpg,0
2132,18825,12283,train_data/a72dd738e6c34d62b4810d8942851f25.jpg,0
2133,7609,32542,train_data/73e80cdadae24b68a5378fd6e28cc93a.jpg,1
2134,1258,38811,train_data/5b2e55fa2fb14d2eb7c71cf28f967da5.jpg,0
2135,3839,79544,train_data/ddce1ed686a944549138c448f60c2066.jpg,1
2136,14542,56649,train_data/f06275f82f2348b5add3dea63a972101.jpg,0
2137,16054,11088,train_data/ba7510c1049e4d5e82363c8725dfc04d.jpg,1
2138,6047,39251,train_data/b478d99291ac4681880fd3d03a0d903e.jpg,0
2139,15715,28666,train_data/85f01e35f85a4ba2831ab2142d76dea5.jpg,1
2140,991,43031,train_data/ae33b131a0b94388889590c25b08f08a.jpg,0
2141,3504,15268,train_data/79675641cd634a66bd945930beee948d.jpg,1
2142,8305,33210,train_data/57533c559bfb4f1989c7b63e69d55e3b.jpg,1
2143,919,38538,train_data/85e143909d0444f39b9d7824c5ce03a9.jpg,1
2144,10701,56277,train_data/ff12fb6780994bbcbad6d7737163d25b.jpg,0
2145,11678,38058,train_data/c30198b8c64c479e8b665aa1a03e7840.jpg,1
2146,165,54019,train_data/fc2f9594329d4e5ba791307132e1f668.jpg,0
2147,17839,44403,train_data/16716e12953b4dc49aa77bdf4eb23505.jpg,0
2148,16150,41054,train_data/5fd090f1eca4402982ab1b6f886bb8a8.jpg,1
2149,6644,39663,train_data/d4b932e35abb486c9eba8de71fad0c4b.jpg,0
2150,17460,17160,train_data/247ba39b8bd9471c9de5ba7d4256fb4c.jpg,1
2151,12795,79795,train_data/dc073a09b76c4b139ec504b9e9099fe8.jpg,0
2152,14334,59411,train_data/3e55d51679db4863b88f84096ec935c0.jpg,0
2153,14282,23764,train_data/229bdb8b84c04845ab961e7ea53359d4.jpg,1
2154,9141,54572,train_data/46c953db5f6b46dd9110fe597c280139.jpg,1
2155,4594,67788,train_data/8c8ddb62fa2e44569f919e2e7d326f38.jpg,1
2156,18040,4004,train_data/d080472dfa7745e9980b731023ada184.jpg,1
2157,11962,68742,train_data/bcf2ba88ae2d4f81b90a618b4d33eed3.jpg,1
2158,10698,55028,train_data/19fa33d002ce4794b6a5260e3b4deeb0.jpg,1
2159,13299,15149,train_data/daa90459c1bb4c8e9f8a6a14bc95d7b8.jpg,0
2160,2850,31699,train_data/21db50fb828e491785fc5b036470c6ca.jpg,0
2161,14192,48539,train_data/545c127159284e7fb614320c0b1efc71.jpg,0
2162,17099,72488,train_data/d813b933990840e48d9a2cd7081d62dd.jpg,1
2163,19966,41461,train_data/008af6bfcea84b5385de4b7a4089c958.jpg,0
2164,16298,17249,train_data/cc4d9e2fa7e4494dbe3ef7fe55e34857.jpg,0
2165,17694,53819,train_data/cb0d9c339b684e28898cd09223492f2c.jpg,0
2166,12638,69469,train_data/2a41f1a60bab416997fb744b052bd1f6.jpg,0
2167,19899,1621,train_data/5d691e81b4974f72a2a4467e0778e394.jpg,0
2168,7002,8971,train_data/d886ade302e84f73b5f2986d91788aa7.jpg,0
2169,4460,2980,train_data/bab03fb26cf646339fdb29db6e6aaacb.jpg,1
2170,1474,76881,train_data/828b39416fb14046bd97ea9dbed281f0.jpg,0
2171,10697,25079,train_data/a9b4bb657b4448388fb6842be7edde47.jpg,0
2172,14908,36297,train_data/84d64b35a39043439420aad318b99dca.jpg,0
2173,6623,65351,train_data/9dce75df0ec847c19dd5bc36c9e93011.jpg,0
2174,9306,43587,train_data/0e0a50e9bdac47bcb87d7aee9e5036db.jpg,0
2175,15134,3735,train_data/ab1b983e80ae4be39e8d1e2acb2ff39d.jpg,0
2176,18434,2578,train_data/37ff72f69fd24ddca86eec8307306e4b.jpg,1
2177,8490,10979,train_data/da1e9a04f4994a33be51f1726534ccfd.jpg,0
2178,9867,45727,train_data/034a5c8bd9ea416db2c8d771db2274e2.jpg,0
2179,11539,51383,train_data/2d9b9d916d214f3a9e4b5c87020c95b1.jpg,0
2180,14362,10959,train_data/c2704904c9524f8284bf5b958fcaa90e.jpg,0
2181,2735,27538,train_data/39eafdb808a24618b0d7aa6564d1212d.jpg,1
2182,5669,56374,train_data/6d4385d6ef604368bbf4ada3f9e6043a.jpg,1
2183,12031,23837,train_data/9c34071592ca4cc2b9fe26d43b3b3209.jpg,0
2184,4988,48013,train_data/458890e68d014861866531d1727fe38e.jpg,0
2185,1205,15679,train_data/5b4f6c912a644aaa85e860800ca6aaa3.jpg,0
2186,2378,19914,train_data/ed44734612724c3c933e1bf2ef551fa3.jpg,1
2187,15623,77270,train_data/6bd8637a98b445d6bb09d1ac7e55b34d.jpg,1
2188,15617,69302,train_data/16a2d18063ec4c6fab552e28ae5a4a1c.jpg,1
2189,16708,10380,train_data/40c04e2beeee4b048a14e3474620f5c7.jpg,1
2190,12517,73987,train_data/7f9e958daf514592840431f08c567c15.jpg,0
2191,4172,56623,train_data/2ea8924edba142f48cbbbcb63edf29ab.jpg,0
2192,12391,13282,train_data/6be644f3d27b42c381b409566a05efcb.jpg,1
2193,12742,12522,train_data/24413680429b4e9092cb03a7fb8a06a5.jpg,1
2194,8092,47925,train_data/7bd851b882f54914ac7d230262c4822c.jpg,0
2195,16126,54162,train_data/64328ec2fbd44ee19586897bf89a4654.jpg,1
2196,16103,44643,train_data/116629b5ac8640e3aed9f179375c055d.jpg,0
2197,16332,22194,train_data/aede28d75cb14defbaac0664a2023d9f.jpg,1
2198,14010,23582,train_data/59555948f7e344848619e09948e5ab51.jpg,1
2199,365,61020,train_data/17cc17dfc8514fa2889576fdf9ed66e9.jpg,1
2200,2103,10098,train_data/6cf47d350a0c4687a2d147a7e6acd632.jpg,1
2201,13528,13411,train_data/5a660152200c49eaa6758e4b1eefb946.jpg,0
2202,11141,46536,train_data/fcee5a38ba254f9b8df3766f1680f0aa.jpg,1
2203,3759,76981,train_data/858f4045080442bd8fd9107227002196.jpg,0
2204,689,33751,train_data/6ebbfb0b3add461d9ece752fc7dea67a.jpg,0
2205,1837,66498,train_data/06d764972afc4e3e989e3109fdf1a722.jpg,1
2206,17961,1810,train_data/bf9efee595b5413ab01bec755f51fbb2.jpg,1
2207,18260,65632,train_data/34174a3268ad48bf9e306c2894d60719.jpg,1
2208,9732,22710,train_data/dc37b98dab8c4147b9afd1bcbfc6bc44.jpg,1
2209,5710,44866,train_data/ab73b72fe634408696e5205000d03cd6.jpg,1
2210,16034,74584,train_data/e429e29b64f94c519485d287d391fff0.jpg,1
2211,8799,32904,train_data/334b8a09b5ef440484297c880693d3e5.jpg,1
2212,4500,35997,train_data/03a3e0206cce46059303e5ba78f3a332.jpg,0
2213,15228,79823,train_data/0d5ba37e8f4b4ab08a52fb079c0d0616.jpg,0
2214,1093,71237,train_data/3a20807b02544bc3b24c69d060819189.jpg,0
2215,16386,26192,train_data/fde9993f23544b00a5d8878c707481e6.jpg,1
2216,6718,6649,train_data/c853be125fb24b26a2b66715161bf443.jpg,0
2217,19839,39841,train_data/973bf41946d54f03a74086184ca8ddec.jpg,0
2218,8960,48638,train_data/d3cd92ac1044431b9a623bef54a04712.jpg,1
2219,12679,62082,train_data/6b65ad3872e94095b77987ba84d1912a.jpg,1
2220,15899,68633,train_data/243573209fc3418b89eb2fee2190e24b.jpg,0
2221,160,11199,train_data/4e234f6945ae4e99b0ac57ffe09f9281.jpg,0
2222,203,36975,train_data/94a0ebba6403485895d770b7a4d5225b.jpg,0
2223,6483,78469,train_data/8732c22f4fb34a20ab2936796e29c5f2.jpg,0
2224,3940,70092,train_data/c1b1505a717c416d8b3d33d9249059e1.jpg,1
2225,9555,3702,train_data/875ef024cc40430d8fc1e602c06975cd.jpg,1
2226,18945,80,train_data/e3556c1820be43338907edc356911a54.jpg,1
2227,4933,62317,train_data/38a22a4bc8aa41ebb5f75277c39741a1.jpg,0
2228,11126,72686,train_data/181226d7429b4be1aa3d6e12dac0f595.jpg,1
2229,10006,32269,train_data/0a7cbd0dfdf74f9a9e14f362ba0c3abe.jpg,0
2230,7647,50600,train_data/5a6e61ab696a4c6f8da6945c051746ac.jpg,1
2231,19950,26298,train_data/ffcf03a79e454fb5a296eef706fc349e.jpg,1
2232,1230,27816,train_data/9cd329037ab24350b2ef2302dfa83481.jpg,1
2233,9166,4211,train_data/ffb76ee875b24a54b4c2b4423d07165f.jpg,0
2234,15796,74043,train_data/1d7e3a1c7a954af79c6eeab6a1cdb176.jpg,0
2235,3046,21396,train_data/602c7c87982d412bb1364a546ea5ddd1.jpg,1
2236,13897,52456,train_data/958d92f9f78049b2be79d7b80ddb6a31.jpg,1
2237,7957,39543,train_data/35dcd29a309045a797515bf64e6e6e99.jpg,0
2238,11142,8658,train_data/acf7bac0322246ac9ab57ae9d0351edc.jpg,1
2239,2915,50180,train_data/0635c8e302944aca8d102d451be7d92a.jpg,1
2240,19088,72122,train_data/b6dae748544443018381a2a550868237.jpg,1
2241,17875,1270,train_data/514e1f6e99ef46aa91f3ca8d7d27b556.jpg,1
2242,15981,7682,train_data/a3f7cca1edf8464ab202c419fd00ada7.jpg,1
2243,15737,29710,train_data/2b9edb83523e45babb5f23f1fc172700.jpg,1
2244,17036,77402,train_data/30bdab92cfcd4730b788f668d4a23ef3.jpg,1
2245,4251,73336,train_data/26a04279ac054005a60a207bebf90056.jpg,1
2246,6111,57508,train_data/2765bdafa8ee4937a1c05c619e77659c.jpg,1
2247,15020,37963,train_data/b4be5f6bf7c4441e97bf23b242f42393.jpg,0
2248,15325,75058,train_data/162b0505fc304b358cdd16247f3f6c17.jpg,1
2249,13440,52700,train_data/64f28cefe85841b8bd5c709bdcc71c19.jpg,1
2250,6204,6036,train_data/58c3c9a19f38467b9ecb5c479cfd52d9.jpg,1
2251,18962,17122,train_data/6116bd6d8b2f4a85abb3d177db1148c5.jpg,1
2252,12226,43991,train_data/bc4f3bf8318e470480435a011c91680e.jpg,0
2253,2725,14458,train_data/a5d72b3e0b6a45fb8775588741dd9a8c.jpg,1
2254,4290,27711,train_data/b0545fdaf9444bbc88ab7f94d7b9c179.jpg,0
2255,4334,70363,train_data/75058422a8fd40ee802d4a23384e9079.jpg,0
2256,10744,59108,train_data/0439153ece8c4a51abc175ba5c780724.jpg,1
2257,12069,41651,train_data/e0ce2d38920d49b98a7a64aa16f5e080.jpg,0
2258,19513,51108,train_data/6505493ec4e34016ac51d888ca725c67.jpg,1
2259,383,6279,train_data/b7c5ebcc9e8b4eb583b79d88559b0837.jpg,0
2260,13680,49072,train_data/5bc69ee82f41408f870dd777a4f3cc77.jpg,1
2261,15071,27615,train_data/73519beb7a804ed4b8237825a6ce8294.jpg,0
2262,7485,9489,train_data/186eb9d6b9ac4dc89ca8c157d9c4f913.jpg,0
2263,12945,34933,train_data/405eae2c68934471b1b5c4d7fc9ca759.jpg,0
2264,4886,45055,train_data/fb15ed3e7c8e4db4ba2fbd1fb0d61c3a.jpg,0
2265,857,31497,train_data/9ce54e43bba44c65bb5260ef4e3f3497.jpg,0
2266,370,69794,train_data/7060c07df4ee430ebb105b07adf83b21.jpg,1
2267,6539,58691,train_data/dd3cf7eb00ef41a58e569f4141413c06.jpg,0
2268,11441,56956,train_data/6369370a3fb949e39647d94541d6e538.jpg,1
2269,2561,56018,train_data/106b73c8397f495682376bac91029ff4.jpg,1
2270,3801,10105,train_data/fb355329db4c417faf5afe22a4d1014f.jpg,0
2271,10832,41086,train_data/22b937e3815d4976898219e52b78e9c3.jpg,1
2272,5455,28029,train_data/808588541ec24fc385c1f7fd6a80ddfb.jpg,0
2273,18224,65731,train_data/1caadd34ffd744389f244d333d691665.jpg,0
2274,12682,34437,train_data/b785b9052e264344b01da3c67f8dcfdf.jpg,0
2275,10539,38006,train_data/3b343f2dcf9840dca09e30a7c6b5582d.jpg,1
2276,8841,24867,train_data/884c0537e1b849929d6c5f038402e73f.jpg,0
2277,6859,63794,train_data/6574cd03b7e64bc9a975c85ad28706f1.jpg,1
2278,10973,48891,train_data/147381462d7149888408117a481ba4d7.jpg,0
2279,16563,4945,train_data/e3a0ea1dbbe741079d8ba2ebaeaebb2a.jpg,0
2280,10625,20090,train_data/656c2afe7ac7456b80b44dcbc9a18e41.jpg,1
2281,954,1811,train_data/190cc5f19c3c4c1c8824654a75f5513e.jpg,0
2282,7404,22269,train_data/1fafe215cf654ee7ae0a27728f37cf02.jpg,0
2283,15399,26434,train_data/85b1ece729164a24a7254b83a456ed86.jpg,1
2284,5944,59681,train_data/beeacfaae4d9462daf47d8035d7fcdf7.jpg,0
2285,13370,2685,train_data/c4d0fe1288b5478c915678e6fe8b008b.jpg,0
2286,615,15192,train_data/3f4f4376aef94c5984a492f38e9556c9.jpg,1
2287,11783,39285,train_data/081b0cfdc455491b95841cbc1f183d2a.jpg,0
2288,2575,31486,train_data/22f1c7b3272d4ac585a91552ec35dc28.jpg,1
2289,53,62530,train_data/7e0ce9365bf949d49e6baef5a847f314.jpg,1
2290,6410,15302,train_data/6556851a7e974b5e9b43b34f2c6174c8.jpg,1
2291,3340,51072,train_data/8d0e19457a4c41df8cf12e537d9451c9.jpg,1
2292,3516,71682,train_data/8e01e164a29e4e5facce67da2db048b6.jpg,1
2293,9897,9391,train_data/2c4f272edbcc485f85570dc7f5b0ae14.jpg,0
2294,19066,44132,train_data/0d19bea86526407c84c05f1ffd9cd7d8.jpg,1
2295,16464,30900,train_data/4053745d4129431c9a0805a23547be17.jpg,1
2296,16419,44279,train_data/f98c2e83f7af45b486935732d11cebd2.jpg,0
2297,9685,44108,train_data/90997a444620457c8d94f39632264850.jpg,1
2298,5876,31951,train_data/21f9db544dc14761838abc9614a3ed35.jpg,0
2299,11748,8930,train_data/44026b87d7f2448eb99806df303a0b31.jpg,1
2300,489,25542,train_data/4a1d21c7b9b4419aa621daefb9b28fdb.jpg,1
2301,8995,71010,train_data/1bbffd84fac0466f8bf6939dabb02a6e.jpg,1
2302,13145,65531,train_data/a833c77fcef1459ca8af69da56637a30.jpg,0
2303,15935,4883,train_data/75cff8040f264e5cb06786a6aed69896.jpg,0
2304,1812,72953,train_data/0426fb4f7b9e4b03b02f7bd8bc9351d4.jpg,0
2305,18046,37609,train_data/1d8d08bf7a9146feb406175aeab75274.jpg,0
2306,990,5215,train_data/83e3122bd086458ba2198e1611f3c68f.jpg,0
2307,19648,78605,train_data/7172673053414843939e364b23b9aace.jpg,0
2308,11663,74973,train_data/111a61e8021f49afaf21f2d3dbde4ce3.jpg,0
2309,18692,17389,train_data/6f6795cefc4142849cd0679ab39b9b9a.jpg,0
2310,11705,40560,train_data/78c3138490a7410eb232ee0f4a11c73c.jpg,1
2311,2972,9287,train_data/70dc4abf1b74429eaa6ff9e1d28ca87c.jpg,0
2312,18485,76796,train_data/14aeeb9c92304e5d914ccfa818e11127.jpg,1
2313,8411,30680,train_data/9d7033a24f0e407d8a0cb830f29bc81d.jpg,1
2314,2942,12820,train_data/da7f96e55eb94975b85b901efd5cf8df.jpg,1
2315,9480,28937,train_data/bf6ffb373d294a6eb4fda1b602cb4ed0.jpg,0
2316,3163,76165,train_data/f61b7bfe6e574b07b7801b9793f4a56e.jpg,0
2317,4678,32360,train_data/9e6b56696e0c422f8302fb6db4db5611.jpg,1
2318,2618,14608,train_data/121c4f409b4f486db265eb0a0cfbd64e.jpg,1
2319,3612,21939,train_data/d80d56ff52dc45aeb208037339553df0.jpg,0
2320,8235,78898,train_data/26b1a6fa7e094100b2b2c794ecd9f55c.jpg,1
2321,7871,22177,train_data/5fb32eec16334838ae4ec6dca8e091af.jpg,0
2322,17933,33279,train_data/4770e5cf6af24e00b3e0f03c99e093d1.jpg,0
2323,19867,58738,train_data/51c84b1b8387492188f1b79dd2ad77a9.jpg,1
2324,11618,49943,train_data/27c49a14ba264c2d89116a737133a766.jpg,0
2325,3792,25248,train_data/cd4da077d6ac458b96c233d18efee8dc.jpg,1
2326,11763,17190,train_data/230787c1b805437c89541a0848c58b44.jpg,1
2327,11577,13290,train_data/1dbe754015134e52abce378177da7bf5.jpg,1
2328,9695,7554,train_data/ff34e4edd5ec473ea3a9d0d96fe04c98.jpg,1
2329,2854,26689,train_data/1518a728384e4a69b31ba4443319234d.jpg,0
2330,10045,53571,train_data/5fa050a873cf4c0e9064fe238a9167d6.jpg,0
2331,15788,8907,train_data/0a484ba2261d48ffa1dd55f1a51ac6bc.jpg,0
2332,3439,78492,train_data/0375636263114669956c4540a2cfb7a0.jpg,1
2333,1892,9026,train_data/bb7b99a1ed3c4aa98dbae3fddfa8e424.jpg,1
2334,6457,34669,train_data/fa1f5e7438004d08bde0cd3a13ddb6ef.jpg,0
2335,249,2474,train_data/15ac2e9201ee43959ffb49a45be25d85.jpg,1
2336,15560,48871,train_data/7904e37c31114db386442e3fdf5e0291.jpg,0
2337,5255,43041,train_data/c8c41b18523b4cd4bdd4bc04f168b490.jpg,0
2338,19060,15621,train_data/28291e556b364b5fa9170d6b4c39870f.jpg,0
2339,15768,54323,train_data/4cbec7119a01442bb1c4364db1191cb6.jpg,0
2340,5167,1053,train_data/fecf506c20114edebdd8111aabe89071.jpg,0
2341,13006,3942,train_data/467d3dca78aa4cb39093ae409187c1c5.jpg,1
2342,11767,7182,train_data/ba59440dec7148a1a3238ebe8e3da8c3.jpg,1
2343,6460,9894,train_data/d6e1a363874242aa8037872a841978a8.jpg,1
2344,1505,62991,train_data/6176b787a57a466cbbf943a588363b37.jpg,0
2345,16671,56455,train_data/196636446151439cb1141f2ad428333e.jpg,0
2346,670,52081,train_data/3fba6582c63545ae8e3c3d1302ca8d5b.jpg,0
2347,19446,40306,train_data/ff4cfde7ec9c4465bd6ebb480c51242c.jpg,1
2348,15240,77187,train_data/a959f4d890134744a963e8f3fa2bfa04.jpg,0
2349,14896,30725,train_data/5b84d88d2e064f0a87b5dcc5819bc515.jpg,0
2350,9471,61439,train_data/b57de1908eb24b11a99bd3efacdd3f3f.jpg,0
2351,17465,63764,train_data/471a5004b8884fad9d96de01e9897594.jpg,1
2352,897,51519,train_data/9dec38b55a7c4b2db58793d588596b58.jpg,0
2353,3306,54015,train_data/8537745d7c554378979761f71b6bcb26.jpg,0
2354,15773,43161,train_data/43c8b6fdfca145b1922fdd94e7f23dac.jpg,0
2355,8026,31970,train_data/bfdb29e3ae194235a16a6f5604113ceb.jpg,1
2356,6239,23330,train_data/d59c9c3f496c426a8faebefd6ad3d744.jpg,1
2357,10858,68759,train_data/a12733c630c34c0e945183aa97076922.jpg,0
2358,15838,54186,train_data/7340757fd8aa470c8551e07d3a511a73.jpg,1
2359,11385,40847,train_data/08a2af7703d6421ab08c3dc947fd6bb9.jpg,0
2360,2890,50090,train_data/f5a7cd004d9147e3a458a136de7ca2b3.jpg,1
2361,6003,31136,train_data/e43c79530166487db06dc959452ab67d.jpg,1
2362,7739,19555,train_data/62fdb483f3ae4a9d8d7a6c5e9815391c.jpg,0
2363,18569,78713,train_data/8078ad58f5e0494ab76d0aecfa5e87ad.jpg,0
2364,12931,39243,train_data/b12dd197123b43b5814df389d9db5248.jpg,0
2365,10813,13959,train_data/57655c04374a401ca4ccd681c2106108.jpg,0
2366,15286,70323,train_data/d389cb4311ec4c31ad48e05a3e5d5f8a.jpg,0
2367,14394,55068,train_data/98d041f1ae694ec096772504d272cde9.jpg,1
2368,16794,31557,train_data/224a25e4b1f2461186bcd19607a5418f.jpg,0
2369,19124,26186,train_data/e13aa1e5e836443a8ed1f6ca485fa940.jpg,1
2370,8397,63820,train_data/cdf5a8de88c44639be147293ca29bec4.jpg,1
2371,14005,28818,train_data/08a0aebf24b7470a85a242f08b7bf843.jpg,1
2372,2,19597,train_data/58f88e4050a845428bc891badc334265.jpg,0
2373,14162,74369,train_data/b81f676bac324f7086f8d560e6c9aaa5.jpg,0
2374,10562,42159,train_data/b72499e61bde410e8233c4eb23edf5b0.jpg,0
2375,11996,25721,train_data/1db7b803ed4d463dbe00a695bacc234d.jpg,0
2376,9961,74166,train_data/50c65bc21a524a238d4148d425ffd100.jpg,1
2377,634,50591,train_data/2b00bc31eefd4e1c9ffa9c0dbe377443.jpg,0
2378,12508,46774,train_data/6ebd596f83e548a9ae256dc6b4de7482.jpg,1
2379,6079,63844,train_data/024d9d3ee3d845f7a427b3703fd43c8f.jpg,1
2380,531,51802,train_data/a78136921dfb4989a8ffe00abf97d2bd.jpg,1
2381,18617,75558,train_data/7038f7ea25484ceaa2ac5452d6f3302b.jpg,1
2382,8181,50439,train_data/db68fbca4e2a408497ab80b92599bbe7.jpg,0
2383,2604,18303,train_data/0d6f8afd171d4470b778c6c4a429c8c2.jpg,0
2384,6476,48615,train_data/65b94fb312194627a5f7b9d6749a8953.jpg,0
2385,15169,79605,train_data/7435cd70bae9425db9c4af1350d5d0e8.jpg,0
2386,4177,1792,train_data/2d961ec868f94c95befcd5703cd85e07.jpg,1
2387,18876,28903,train_data/02992a45b8a2486095e0d1a7a1892391.jpg,0
2388,19711,12533,train_data/76c90f7a4b8249ee9fd5b216d595f7c0.jpg,0
2389,11064,40549,train_data/509986033adf4eaead5c1711686fd875.jpg,0
2390,18500,32842,train_data/c0c7f1d06d6f43ecbb1c188d8402eb8a.jpg,1
2391,8923,8788,train_data/d3cc62885fa44d68b57fb6963bfabf97.jpg,1
2392,3406,18314,train_data/ce6904c5f39f449fb7a9c87b386037ae.jpg,1
2393,10531,15951,train_data/a16839aa1a5d4df0a9e5263edb20b400.jpg,0
2394,5991,35961,train_data/7b28fdde05d44e2db5014d82008f6d48.jpg,0
2395,16684,9706,train_data/25d86ca7db6d4a3eab4167b86ed3e877.jpg,1
2396,2581,56375,train_data/124cb99c6ec042faac6f931f41c552aa.jpg,0
2397,18306,52570,train_data/43fd214270544b0baed0c90c85111f0f.jpg,1
2398,11999,71068,train_data/f4975b8840e14ae48663b0763895f182.jpg,1
2399,8385,473,train_data/7ee50aa0499d45ac80548869c53ba967.jpg,0
2400,10674,19805,train_data/7736b2671a6e4b97b69b69c8d6e5358b.jpg,0
2401,9447,69139,train_data/dd69ef57404b4c7ea2994b4839f2c4ed.jpg,0
2402,2104,26827,train_data/8bd8202f4b694cbd9a10a4598a7d2949.jpg,0
2403,19321,15342,train_data/7320e6eb10724a5c9cc92eff7af9ba3a.jpg,1
2404,17233,33732,train_data/14221a78bbfc47eb91004a6d379fc2f3.jpg,1
2405,3764,39401,train_data/d969aef1f730483680594b94093f4ac2.jpg,0
2406,4234,59531,train_data/3f8edc8a10774db58c2ae3c9dcfa63a1.jpg,0
2407,4994,45040,train_data/7a9bdf33a2d04406bfe6d6f3a87a3f58.jpg,1
2408,5057,21648,train_data/ce713ecacd474cc6835ad31702e9b190.jpg,1
2409,4434,32129,train_data/b241524cfcc9470fa8888795c919459a.jpg,0
2410,11676,4506,train_data/ac2743a715994ca2be49e10703ed50e2.jpg,1
2411,717,57048,train_data/331ec8a092854d7ca72be49cc95bfc7e.jpg,1
2412,3816,70082,train_data/7d9f12454af44295af5938a7eb0ed6d3.jpg,1
2413,6773,13215,train_data/48319a8063c84ac294d6c92ad5b4abd7.jpg,0
2414,11186,72960,train_data/014f187cb7b2488ebd8c99b7f9713b94.jpg,1
2415,10738,73179,train_data/aa5a05fd27564066aef1c0aebc6c5bea.jpg,0
2416,14671,73749,train_data/65dae338791644269978417af1aaa34e.jpg,0
2417,9813,47438,train_data/37417373e5ca4d6aab2beea2b84ffc5b.jpg,1
2418,19445,29352,train_data/672ded0b0a4247b5ac58867fb80d204a.jpg,1
2419,9288,18457,train_data/ce17bae42bee4a8f89e7f9dd65c9b914.jpg,0
2420,6811,7844,train_data/9b5fd0d703874a9880e0ede959cd0f06.jpg,1
2421,3893,4569,train_data/cceec6c84fc6408e8fba3f9fda5ceac6.jpg,0
2422,9359,38139,train_data/4587342a56f344f5bd5a651e33c31923.jpg,0
2423,15129,57093,train_data/cda049ea92e243bdb9165e02d5213e42.jpg,0
2424,10655,24187,train_data/5cd4e0bc93fe4e539e325a5bde82b69e.jpg,0
2425,3700,61644,train_data/097f71d047364baf92904c8bf2dd943e.jpg,1
2426,7374,40939,train_data/5c84e275449144ea8ebcd40604f884e7.jpg,0
2427,6314,56069,train_data/342bc8f552b84fd89ffd0a45fe8c383b.jpg,0
2428,12816,40196,train_data/56cd3669aa4c4015943bec1f48451a10.jpg,1
2429,3645,33017,train_data/3f11df3fb050428a9180c5b263b17f1f.jpg,0
2430,192,50783,train_data/128c626adaf84f1f82e0e6561fdf71b2.jpg,0
2431,13414,69774,train_data/e50225ba6e204b2eaeb827cd836173af.jpg,1
2432,816,17053,train_data/ca3ceaa000504404bd18b68f13f58fd3.jpg,0
2433,19250,61903,train_data/f8ae89edebfd4ba4b4b8bc9c99b03626.jpg,0
2434,15810,37699,train_data/a5c6ab0fac634851908c0fa5bbe18655.jpg,0
2435,6160,23297,train_data/dd80fc6777bf4cadbf72410a400118f0.jpg,0
2436,15641,25148,train_data/d2fffee6892d4b5cb407b4b02525bf74.jpg,1
2437,4390,1768,train_data/f83b295c6ffa429f9ce5beb7bb64f1ec.jpg,1
2438,11164,34264,train_data/b79728cbb7b14136a4eeeecb4d5b71a3.jpg,1
2439,4927,75620,train_data/f6df5665574f4f9586026c3e79e6703d.jpg,1
2440,5552,41429,train_data/46775371651e439c926c092d073ccdd2.jpg,0
2441,10799,18536,train_data/166b6a990c0c4b768c341ae21729240f.jpg,1
2442,17711,49598,train_data/e5c7b5f6b44b4657be6c8ec4ce0f6f84.jpg,1
2443,238,63691,train_data/9f5fb9c3d7be403fae56ed35912dfac2.jpg,0
2444,12207,76366,train_data/15e1dd8ceaaf4dc9a7d493834b24802a.jpg,1
2445,19290,19331,train_data/f7361ee9c099408298c1c67a02191dca.jpg,0
2446,11169,46050,train_data/8df94f28ee8543b982dbd3f2799dbbca.jpg,1
2447,16598,10434,train_data/73db74a5987f4db1a10906306749e595.jpg,1
2448,4236,13738,train_data/9c605bab90fe4d3888eeebf11a66998a.jpg,1
2449,5618,5522,train_data/c10f2d94e13545deb423295cb8f350f9.jpg,1
2450,17040,65132,train_data/9ec6b634d39943deba75f6dcbf937c2e.jpg,1
2451,8640,17552,train_data/5a01e7fab32d4417ad074105d2e88ad9.jpg,1
2452,5097,3029,train_data/68796589e5c448abba593d6b4ce7fd8c.jpg,0
2453,14665,11142,train_data/643ca0bf1f0f400e8bcb3fd5531981bf.jpg,1
2454,2242,59943,train_data/938c4e1cd39f451f9922a0bf6be5b25f.jpg,0
2455,16659,27227,train_data/5fe510f9bc78415e9a6fa8271534ff72.jpg,0
2456,3552,44972,train_data/a6c44b3742794734867c40ae2d449128.jpg,1
2457,18965,18699,train_data/86b75ca2e5d7451f8a0c3f618d83b81f.jpg,0
2458,8328,54415,train_data/e5af871f8854466fae19e1c1c323b18c.jpg,0
2459,5628,27822,train_data/13c4d1c3759047c09f53692c50bab586.jpg,1
2460,10602,32410,train_data/cb2c53542d2649ba983636c81d06928e.jpg,1
2461,4507,19540,train_data/e3327155b35e4ea9aafc4424957bd875.jpg,1
2462,18429,24545,train_data/9aa9a7232e9d4b57877c68f92f5810e3.jpg,0
2463,12174,11912,train_data/17e13a36bc75465eb76aed76b63edba7.jpg,1
2464,14453,73696,train_data/60747f1190f6474c9edd634a09175f85.jpg,1
2465,15093,16002,train_data/5cfef4069ea5470eaf939e3b0dba7c52.jpg,1
2466,17207,67912,train_data/f3b785cb077145dea203e99577d77c40.jpg,1
2467,2294,21920,train_data/bd7d08f58313486a9c22f4baa9c94a14.jpg,1
2468,11803,52000,train_data/22f3b5ae66bb4f548738128db564320a.jpg,1
2469,19838,79923,train_data/278b6193b2c94c359121e217925a3b28.jpg,0
2470,18418,30154,train_data/85a207a41d334ec786f3a1e888ef8aa5.jpg,1
2471,14318,14600,train_data/724a9267251b4659a9c6810cf5bc0cdf.jpg,1
2472,16995,50763,train_data/045a76a4c4624155be56360c28344877.jpg,0
2473,8690,63236,train_data/05a579bec6b845788ab12a3dfa78e3e2.jpg,1
2474,7081,44137,train_data/32d4b08245fd41dd976f3878450a6a8b.jpg,0
2475,4733,5065,train_data/472cf2c40bc74d6aa0a30e5d8fd9475d.jpg,0
2476,8912,79220,train_data/2047f65b32214f67823533ae48ab5f11.jpg,1
2477,13045,24572,train_data/52f70780ef7144d48d47eaada5c5abdd.jpg,1
2478,19169,55566,train_data/66c7ee6dacfe42df8aeaf166d659ad89.jpg,1
2479,19246,50035,train_data/0de3b857264d4e65a9c3836a6fd016ae.jpg,0
2480,11281,7366,train_data/fbc1c12e395b48f6988f693c0a98681e.jpg,1
2481,14955,41188,train_data/1804ab5d198044829d2966ae8b92d9d5.jpg,1
2482,19183,41415,train_data/38481acdc86d476a96ed8a853f4de618.jpg,0
2483,19098,58429,train_data/21f6384e20c74f3c913b51662a384f88.jpg,0
2484,11510,47587,train_data/56c5177804034246a3831fdc04f71c31.jpg,0
2485,5520,45143,train_data/bb48f53f3f624c2290e25bfe1e0ff5b3.jpg,0
2486,11821,44428,train_data/d7e0efac7af4491f994a8d7f8dce153e.jpg,1
2487,2700,25771,train_data/a86b28cfaec349aab5faccf52855ded0.jpg,0
2488,1700,30409,train_data/d0128cc295f74cf3a97f76cc22437acf.jpg,0
2489,13596,76418,train_data/b9a6a3118147468fa44ec935f0a65047.jpg,1
2490,6968,12024,train_data/264b0e45ff6047c8a383fb3712975a39.jpg,1
2491,18623,77858,train_data/95e229f51edb4306bb000568ace27b49.jpg,1
2492,16322,1791,train_data/c79f91bb05904e7a8be3e15e300a331b.jpg,0
2493,6219,11425,train_data/825cb81ea262434aad0aa592ee396549.jpg,0
2494,16976,36076,train_data/8225e14d80ea477982f6e1ab730be6ba.jpg,1
2495,86,25306,train_data/412f0d37d0a9456dbb3dd3b45224c07f.jpg,1
2496,18134,24010,train_data/39384fdf013d4076ab38a718ed037452.jpg,1
2497,18114,29531,train_data/3ae97dfd149a41d4aae479adf485b89a.jpg,0
2498,15346,1598,train_data/c7e01ed4c9f74d619184bec6f31c05d8.jpg,1
2499,136,13114,train_data/c1122dd9207b4481940806d54628079f.jpg,1
2500,6972,2238,train_data/b0f14ed044fc409bb917a5750245f483.jpg,1
2501,11087,46469,train_data/ff8091dbcaa14892be792b57c305b0ca.jpg,0
2502,15721,22358,train_data/4d5fe2f7800342e7afdd981566eda6fa.jpg,1
2503,1200,56345,train_data/0d64600c826348a7a1c9e16828c6717f.jpg,0
2504,6121,10172,train_data/53fa129e27ed4af3850e9fed869727e7.jpg,1
2505,15748,24076,train_data/7a3545946fa54c27838776afeec2ba4f.jpg,1
2506,12127,14097,train_data/014fe43944384733b7d2d0c720e6705e.jpg,0
2507,17594,30216,train_data/0ade4cda2eca41ef8f70e08a4860a50a.jpg,1
2508,14125,52213,train_data/8732837d64eb44e8b502eda29df3cb87.jpg,0
2509,13622,30438,train_data/0ea8dc1f2b914b98be2823fd53e3d14a.jpg,1
2510,6296,33559,train_data/902490cc1c42463682ad878ab5cc5032.jpg,0
2511,3927,15255,train_data/b8039526e5b6411d8e6b903823c9db21.jpg,0
2512,14387,48421,train_data/cd332628ca9a4f55852589a3e36b243e.jpg,0
2513,18835,43783,train_data/f54262e5193d47a5a7b934f477420223.jpg,0
2514,3606,14000,train_data/a3b01eda1ed84c23b019a6a3d4e3423c.jpg,1
2515,2330,10329,train_data/6dede31500a640dea6af984935aae755.jpg,0
2516,11707,29822,train_data/09e0a52f135d40079576b259eabd68f5.jpg,1
2517,2187,14187,train_data/0d09a906c2ae42a6abdcab2ea2b0e17d.jpg,0
2518,195,59743,train_data/3858a946176f440eb8759bbd173299e2.jpg,0
2519,12356,75688,train_data/aeca9b5ab0914dff80eda165baa1ff42.jpg,1
2520,15954,71278,train_data/fb0db4e0f65f40dcb8f63fdd90a14c96.jpg,1
2521,14638,72326,train_data/cf25526c307242eebe32623e7be63de0.jpg,1
2522,2668,15996,train_data/224634fe8ffa40a29b89244918c0a1ce.jpg,1
2523,15195,34060,train_data/68f7fd426cfd430782ba41bbe90145d0.jpg,1
2524,2761,22147,train_data/66c8b83e081b49e0bee1ff771335a655.jpg,0
2525,2032,5712,train_data/edc395eca6e74af299cb37e0dc9be3cd.jpg,1
2526,5103,15530,train_data/29190affeb9047bc9d4f00e59a714ce6.jpg,1
2527,13652,29874,train_data/4a76ea5739f44fefb09b36b531cae97b.jpg,1
2528,1637,47956,train_data/89e3f6e4a215405db95a4175761e9670.jpg,1
2529,8312,45749,train_data/03507e7e8eb44d42b11b3a387d968072.jpg,0
2530,11173,50753,train_data/32f69b7b7ed046ba8c7b33e3f2465a84.jpg,0
2531,18579,27966,train_data/b7e97fdfd09349319ea193b358ce8ab1.jpg,1
2532,3074,33263,train_data/21fc18e17797410eb227b915bf05c20b.jpg,0
2533,7296,62196,train_data/bd85c5b1b1314ec5b44c9d0981169add.jpg,1
2534,3278,24712,train_data/fd8f31c963b5492d84f1cc5df313f8c0.jpg,1
2535,8003,3117,train_data/3269ebec25b841e38fa0c7146d893d8d.jpg,0
2536,16909,18045,train_data/a9f2bafc60024d8a943eb80ceca2227a.jpg,0
2537,8326,28221,train_data/2642e9185b9e401b87ddcf6b96b22fc4.jpg,0
2538,13516,21685,train_data/3e373543d12d4b28b1fd0120d705bddd.jpg,0
2539,7352,73783,train_data/d3c0480647dc477bad7905c91e6e598e.jpg,0
2540,13450,55348,train_data/52cf7b3d6d6d4785aac3a67eafcbdbc0.jpg,1
2541,10751,46081,train_data/d2f58c90293a4baa9f6ecf4d83526d78.jpg,0
2542,7829,47707,train_data/93322404229f46638807931ddf112b7f.jpg,0
2543,16446,47784,train_data/1856afc6d7af4bcb98e92de2a239b1bc.jpg,1
2544,7697,43627,train_data/e41f340d83e14bd4a05a9f0f5aab229a.jpg,0
2545,14427,52176,train_data/1ac448477a1c4b079d4c50d76cd32fba.jpg,1
2546,5668,51129,train_data/d88fe1f78ae2421186dd22950488fa95.jpg,0
2547,17054,38899,train_data/2e11c2e892f041f5a3fdbcf286375cfb.jpg,0
2548,10659,27753,train_data/a01aa1c3ec1b4404916fc624258ec5f6.jpg,0
2549,8933,5396,train_data/e3dd095b263d4b0fa7dc608a0e937057.jpg,1
2550,5307,2189,train_data/3c182cb1e6204aeb97eba06eef8b111e.jpg,0
2551,17264,39966,train_data/f672d1eb67fd4767b45ef7b9e4cdef20.jpg,1
2552,18081,22374,train_data/0373e419e1834582ba554c4cd235d08d.jpg,1
2553,12855,71823,train_data/940353c6b2f144edb01ea1be95ecf217.jpg,0
2554,11035,55213,train_data/b4ed601a3fe64a038f6ded9ca1d973ef.jpg,0
2555,5488,936,train_data/e7cc0badbc2d43438e23044aa4194bf1.jpg,1
2556,8024,70679,train_data/c633da576fc645c09ecb93126514b973.jpg,0
2557,10748,59382,train_data/262f8a67a5c34b29aecf47702cd1acf6.jpg,1
2558,690,25188,train_data/4a1abc8293854a529e47a4f8f1d9f010.jpg,1
2559,12013,12689,train_data/83e0685621244fb386115377d7f41b53.jpg,0
2560,10103,13904,train_data/0a0c96cd956341c9a5de16418267f5fd.jpg,1
2561,1014,253,train_data/402fdff65e6b401dab0e8bd16c869d7e.jpg,0
2562,869,30450,train_data/ccc9267f9b584a15a5f6a44c40857843.jpg,1
2563,1993,3289,train_data/9ae6ad5e5d024b6dbb82707bbdd1fba5.jpg,0
2564,10626,62400,train_data/fee35667bf9e489f85e9e717639a3210.jpg,1
2565,11949,16382,train_data/881793d1714d482785c6f083ea683e6d.jpg,1
2566,14839,30293,train_data/f7a693f539344dcdae1db286c70028dc.jpg,0
2567,14924,55502,train_data/738be4dfcf194e2ab7227c44b0c35a53.jpg,1
2568,10558,23747,train_data/5dd9f8b9da3644cba528eaa3e1cddcfe.jpg,0
2569,7610,72263,train_data/4a3e7fb27afe46d486c2afe1a5ca390f.jpg,0
2570,5283,17049,train_data/816798be86694f6dadd97d40707c2c7c.jpg,0
2571,4370,75003,train_data/8db799914f364203a4064dd3ab4e8e79.jpg,0
2572,1361,25855,train_data/e3e6cb758f004073a6dcc7d955ce4fff.jpg,0
2573,1629,67869,train_data/ca3a22ec076f4cc98e23ebed0268e4c8.jpg,0
2574,12625,39533,train_data/8d0a63d9dcdf49368dc890885685122f.jpg,0
2575,1551,67883,train_data/1451f533b7c94a1abf232bde2b80e656.jpg,0
2576,8252,64903,train_data/c778b2c683e14025b61cd64fcdff67b3.jpg,0
2577,10442,65541,train_data/5a807dd92ed44fd2b2c07e3f62383c72.jpg,0
2578,14631,68434,train_data/06068e7d45204ca6827e597c16141fcf.jpg,1
2579,5039,30812,train_data/789e22de6e9246d0bea58525450de7f8.jpg,1
2580,19313,428,train_data/e362d041d1b14faab1cddf4daaee0848.jpg,1
2581,5694,34327,train_data/d3d7bebdc10a47359aaaec288efc3fb2.jpg,0
2582,5119,54159,train_data/5857413daec749ee938ce40fcd3977a0.jpg,0
2583,1134,6875,train_data/6f5a1df8bf9347dab67a0effaada78c4.jpg,0
2584,10996,17823,train_data/db337c8738c545959e85a7b61b3a69d1.jpg,0
2585,10278,79476,train_data/633eb3b2041043fd80007191d28455e1.jpg,1
2586,10451,61488,train_data/749b2e64445e463b8a9a5f049e593a69.jpg,1
2587,4017,59982,train_data/94875e774fac43caa809abdedc9835b9.jpg,1
2588,10409,33078,train_data/6a6ac5c2c3d7428a96ac5dd7770b48e1.jpg,1
2589,2424,46685,train_data/10e6b39a331d4b64bef4891828f7a991.jpg,0
2590,4138,55226,train_data/a577141301524661b30db7cb3e728478.jpg,1
2591,12048,64945,train_data/895c834ccd12437e8438402cb2ac295f.jpg,0
2592,859,23222,train_data/96715eafb3394794a98ebe80e0973da1.jpg,1
2593,2962,20020,train_data/e9ef63d98b4341a59fa26b4cf37ffe5f.jpg,1
2594,2426,10708,train_data/d1cf44f892e34cb88c66bfb40fd5f65f.jpg,1
2595,18553,67044,train_data/4b52803e529648169e257de882eaacd7.jpg,1
2596,7674,58230,train_data/f4895d8f1b7749e6a71076820951e248.jpg,1
2597,19155,66711,train_data/c0613f727f6940cbae767ec5229a652a.jpg,0
2598,4937,66550,train_data/78859e588d234d92a26356dbc620cf3d.jpg,1
2599,10896,36515,train_data/5c9a8dd625364eac884578d9278b749e.jpg,0
2600,5285,39641,train_data/5ac25dda95854e77938cea9ef9a50d3b.jpg,0
2601,8367,31381,train_data/b859d6c4854643dfba391f531399e529.jpg,0
2602,12905,23791,train_data/a6848c42fc3d47cbbef9dc26f868889b.jpg,0
2603,2093,65893,train_data/a11b82ddb1e34805b1e7812b6cf72ecb.jpg,0
2604,18412,64974,train_data/5e57a9f08b71428fad046406e4498177.jpg,1
2605,11336,8999,train_data/bab15bb2cee442428cf1d8627487b578.jpg,0
2606,11683,67025,train_data/d7bd560a0b554e64b239a5c96f3440d8.jpg,0
2607,7817,28319,train_data/1b4fbe779f1944ea8f324561268adb44.jpg,0
2608,1920,42057,train_data/0799f8a56ebf4a4aa64f6cf7ed94f3d4.jpg,0
2609,82,25995,train_data/b0019fad8d1c44a2ac40ec91e1ad293f.jpg,0
2610,13318,63034,train_data/5805a331a8e84478ac9a5cfd817c0675.jpg,1
2611,17645,76583,train_data/ef6e476a5c5b463dba157b903e0938f9.jpg,0
2612,4396,18191,train_data/cc934f5f90a74f6a91198dc56d610843.jpg,0
2613,8475,59927,train_data/6c326887115b4265b079f6d4a16b3e42.jpg,0
2614,1813,41818,train_data/44726aa301cd4fb3bac187e4aea4d93a.jpg,1
2615,1271,9281,train_data/a467e80aedf1455d876d8d77c6ceb35b.jpg,0
2616,15226,70210,train_data/92e06aab355143a8882fe5614487b151.jpg,1
2617,2994,60018,train_data/0fe1dc54059848bc8361c5ef3e6c60ff.jpg,1
2618,18987,8411,train_data/f951fbe8c83c4ae1b76f6d41991d4ea6.jpg,0
2619,15674,13058,train_data/66c593d2c38f4d5a82c2770cd3a2cf8e.jpg,1
2620,15438,42038,train_data/6d22752b8aeb49a4935172041a10f45b.jpg,1
2621,18395,49562,train_data/506d3bfd8aec4659abd6ce18cd3152b3.jpg,1
2622,17646,63021,train_data/899579d10e6045b5bc25425170cb82c4.jpg,0
2623,2642,5510,train_data/d4582ba9265146e3bd2e43cfb49fdca1.jpg,1
2624,9280,57794,train_data/bf621baeeb9445c4b81cf86bc4fda060.jpg,1
2625,16709,14355,train_data/6f3d0595753540989bcc892e6b4e59f4.jpg,0
2626,4195,5551,train_data/72612079fd7446c5812530aaa009a385.jpg,0
2627,13032,34464,train_data/93fdbf33d63c40db8ce2e4671fa5dfb9.jpg,1
2628,12768,68375,train_data/e9c7d7922f434047aba424d8e20674a1.jpg,0
2629,12360,49861,train_data/d2595f6bf4ed42c889569d68876747a6.jpg,0
2630,3849,29293,train_data/0685212d66174d30937bf3a2889ddafb.jpg,0
2631,19844,21840,train_data/c379d944fc3b4d70827feb353acb3e00.jpg,1
2632,19232,63348,train_data/fb7664e0e9604d328635b51eddc3b108.jpg,1
2633,16194,8458,train_data/ea982e6ac3db491c98a626b6186902bc.jpg,1
2634,15253,69657,train_data/be4c4771f1f24d0eb11621b3cf12d83e.jpg,0
2635,16193,36849,train_data/22f3f6f82231407eb82ac6441640a5bf.jpg,0
2636,3554,27049,train_data/48ee00b5a71d47859f8449c63712098e.jpg,0
2637,13237,28446,train_data/bd11403fb78d4914bcef3289a0873cda.jpg,1
2638,2600,20312,train_data/daada5726ebc473c9728a170989d8f6f.jpg,1
2639,19917,50007,train_data/45de594fd2fc4dec8c423c728c009d0e.jpg,0
2640,1518,19926,train_data/73c03153cb0746b8927b52c8bb5687ff.jpg,1
2641,4117,67487,train_data/d080891ddd0c492fbb9e61f494f97518.jpg,0
2642,10825,38268,train_data/f5fbc50a375b40c19526230f9e8c3362.jpg,1
2643,5755,42539,train_data/8c0c1c832f21475ba97d286735b9e647.jpg,0
2644,5633,25984,train_data/377ae12b59d246029daad79817204f9d.jpg,1
2645,8399,9254,train_data/24e055042c0648c6b4e269246761e589.jpg,1
2646,18151,76613,train_data/31651e01e6974dfe92f4f64a0a4482a4.jpg,0
2647,13065,57260,train_data/ece8aa8305604072ae3a18e9099d4eee.jpg,1
2648,7162,1372,train_data/c8c80a39c90a45758cb074f44de34a9e.jpg,1
2649,14256,26912,train_data/07c97dc61b1f40ca8307349fe3cdf7ed.jpg,1
2650,11737,22853,train_data/7535854610604af49d4383da9753ddcc.jpg,0
2651,15441,55593,train_data/0841b9056ad945c19e1c7fca5e4f25fb.jpg,0
2652,1988,37187,train_data/aaf382dabc19449aa0ac4bc2310052cc.jpg,0
2653,7737,41330,train_data/04127b8951fa4b1e96bec93e08e9dc68.jpg,1
2654,10561,68987,train_data/c8bf5edcd724422da960115b0bea85b1.jpg,0
2655,201,65175,train_data/b180a6d9ab084c21b32435dd510152bc.jpg,0
2656,19091,38107,train_data/71b147cca6434e3d94389c3e97a0c19a.jpg,0
2657,15166,22705,train_data/aed547b38ed1422ea18737cc44618860.jpg,0
2658,4855,37370,train_data/87fef1dcfdb04af5a164bc1da80330d4.jpg,1
2659,18863,7821,train_data/447c1597ca9f4ae3a11c1054c51bfe31.jpg,0
2660,9741,79101,train_data/a2dc0ae64849415c9cb154491ffb55c0.jpg,0
2661,12502,65079,train_data/d898c69c159b4d0ab842a66ecf3d8458.jpg,0
2662,15950,65536,train_data/f973901186604c76a9221e15a7bd38ec.jpg,1
2663,3765,14785,train_data/f2067a0b0277421899c8fee0ac17e239.jpg,0
2664,17356,37397,train_data/6eb0da8de3a94b60b4a58f938892393c.jpg,0
2665,13452,32038,train_data/7391def9f5a8430e826eeca26a01250b.jpg,1
2666,6432,39693,train_data/1c82442c9001478da0a5be7a0b207a99.jpg,0
2667,7846,457,train_data/4d76d790a5f3480da3909ea0fd4fc588.jpg,0
2668,12253,67053,train_data/aa11f6e4af5c475da7629cf00ee5842f.jpg,0
2669,16402,43853,train_data/449d28751b734240ad7109cf33d54b9b.jpg,0
2670,16433,34353,train_data/6894eb639303454597ae67694e3bf52c.jpg,0
2671,887,30830,train_data/22efa0f571d64927b611f97c6c0ee987.jpg,1
2672,6261,36505,train_data/a24078347bf04250a12062f10461411f.jpg,0
2673,6989,48796,train_data/a94d18ecc76a465d912ab228dc6eb318.jpg,1
2674,6043,42339,train_data/ced6fcd3cfd0439c9e29c2c5fe12609f.jpg,0
2675,10808,29507,train_data/3cfa6a6adf48492aae6cbf1dbe39a430.jpg,0
2676,1424,10930,train_data/6a55707572594c97a896844613af446a.jpg,1
2677,16523,13636,train_data/70b3cf73e8114c4e9c04f8c96ef55cb6.jpg,1
2678,15924,22780,train_data/b0dae8f193164bc39e3bbd95b5480c2c.jpg,1
2679,112,26785,train_data/acaaab8f8fd54e44a34df8d5ca68bc47.jpg,0
2680,8160,29358,train_data/032b5624ba6b4b859359eeca8d9b8e34.jpg,1
2681,18680,41993,train_data/ba784950505b49b3b6fff54fa43ee601.jpg,0
2682,16199,13093,train_data/fc7750205cab4581ae1685afbf17d3e4.jpg,0
2683,4559,67561,train_data/9663c49436464f70b644de554cc5882b.jpg,0
2684,17616,44778,train_data/435b3ad293484f1781f3b6ac7326cdee.jpg,1
2685,11442,37694,train_data/0444795a8bf04d3dadd59adbb3b9ff12.jpg,1
2686,11254,23637,train_data/98fdb125e3094fa59090e2f0d16b5800.jpg,0
2687,17898,71151,train_data/f57b540b231043b09630e1301dd0ab0c.jpg,0
2688,8566,57111,train_data/ffcd0fa11ee747cc90f1a2c2efaf07d0.jpg,0
2689,16311,78838,train_data/abe6eeadd35c4615b57eb995e0a6f493.jpg,1
2690,10758,9632,train_data/065a00f91b2e4effba47f2cdf38a7052.jpg,1
2691,3731,50523,train_data/f08e96c75dba45dca66a8cd1a2a99d79.jpg,0
2692,18955,49174,train_data/7d8ea8fef61841fb917aed8ee9f4a46e.jpg,1
2693,4986,16048,train_data/ee9119ce5a6740f9828bc7d7246799f8.jpg,1
2694,2763,51327,train_data/a5e9a794ed874f51a949587482d4afdf.jpg,0
2695,13794,52950,train_data/c8633f7f1bf34b74b327948305e553d3.jpg,1
2696,18293,34805,train_data/cf9c05288edd441a914342d1c1d3da98.jpg,0
2697,1855,55600,train_data/08df2fede4a743e28edafc7fcf29652a.jpg,1
2698,15599,27540,train_data/8c8f05bd1d5547a69599e550e417474b.jpg,1
2699,12812,11689,train_data/5c841d18310040a8b9d0184bcdacfbac.jpg,0
2700,999,24777,train_data/4637435e7e4f47a49b9480c4e0f74118.jpg,0
2701,389,76346,train_data/10d0a0cd0a3d4f398ba64d730e0800a9.jpg,1
2702,11599,69061,train_data/46edd6e274714cba96ddde6f39c3c6a0.jpg,0
2703,6426,67205,train_data/4d28f9fdaced4d77b45a03eb46fd03b7.jpg,0
2704,10578,22122,train_data/86a021335d874c85a347d9f666ecf778.jpg,1
2705,19148,25082,train_data/e1872b730cd449c3ba0685553af027d2.jpg,1
2706,8112,47439,train_data/c0eaead6bcc34f63917a481f16a39f4d.jpg,0
2707,4997,50402,train_data/50bbb46d037b4e0a9483aa95f725a545.jpg,1
2708,14211,14402,train_data/884c455346e34321bb9aa83c6dbcd316.jpg,1
2709,19193,47706,train_data/ed8167a8b4b2405f8d59ce774a849dc2.jpg,1
2710,4796,40141,train_data/6f09b7c891d34b06b215258f742502a1.jpg,0
2711,4769,61729,train_data/7a64b0bc31d140879a24337cf2ac09d4.jpg,0
2712,11065,27069,train_data/3e544a92bdc74329bc2fa69f294dfa54.jpg,0
2713,4173,20057,train_data/a863c75455704e1aa5601fda487e8021.jpg,0
2714,19141,77349,train_data/a8e34503f9d24c59ba7ec0e88b11db23.jpg,0
2715,1907,75422,train_data/e9001b2a0a41497aa773112cf17f5fc9.jpg,1
2716,4946,33899,train_data/999ea7d933fb45cc961e982d59e54301.jpg,0
2717,8560,50149,train_data/b247863c733746cdb549f844c9f24a07.jpg,0
2718,6033,74677,train_data/f2ab2dbc07fe4a01afb4d998a0450403.jpg,0
2719,7619,15978,train_data/a0de7b666e91434fb5988e28f6af2c17.jpg,1
2720,1151,49269,train_data/de6eebb6056d4ee1a7020b521f63b2e1.jpg,0
2721,19790,39120,train_data/f1ef1ddac5294de69da3a7cb0d0d6a64.jpg,1
2722,9689,14767,train_data/58d309288b094b298b6fa1d1c226ae8b.jpg,0
2723,7106,37505,train_data/58ae5186919d4e99a769732a5d144312.jpg,0
2724,18848,11331,train_data/0cbff700bc0b4305beb713b213630bda.jpg,0
2725,4287,51182,train_data/b61f6c1e95c84d8cb8161786f4ff3360.jpg,1
2726,2230,49291,train_data/615292b48c3a48cbb92661857ab12ec0.jpg,0
2727,174,49001,train_data/e3a20e4f6839466c9977063a530be781.jpg,0
2728,8752,43120,train_data/10af2b38816d4f8283e4a434861e0fbd.jpg,1
2729,3408,69470,train_data/b09123f19edf443299613075d7ebcc27.jpg,1
2730,1538,48078,train_data/28a33037c1ae4131a56ec503270182d8.jpg,1
2731,2292,5374,train_data/7c163753a25e45459d71a85c6b395ad4.jpg,1
2732,9523,50412,train_data/afc0494de9e34785bd7f4e8ea0431b0e.jpg,1
2733,1363,54904,train_data/0956d0dd90b64d7a84aeee75d8276472.jpg,1
2734,4357,77935,train_data/383bd0e24379432d83466b845e580c5f.jpg,0
2735,680,24097,train_data/42521b3b770c40db9debe765776c4de4.jpg,0
2736,13050,11645,train_data/da2ca33b5c384402882119704c2c579f.jpg,0
2737,3664,63169,train_data/44ec9c95d21842d1b91b682d9423cc5d.jpg,0
2738,508,34906,train_data/1e393eaba14a493c94e15caf2a0fc9fb.jpg,1
2739,166,23112,train_data/a9ca8d1d47fe4d14bb3697a6ad70e8b2.jpg,1
2740,13689,6913,train_data/5f33055bdc604f5d90b7defab5f8d3bf.jpg,0
2741,18233,35204,train_data/bc1e29b85f444fa5a01cbadba237b897.jpg,1
2742,1914,54514,train_data/cc6a74aa05b14efbbef0376bbcf90c95.jpg,1
2743,7263,36316,train_data/e8551de35b434e348dda0058f424123c.jpg,1
2744,10728,67907,train_data/ccc3697bb98b496db4553d0178124fdb.jpg,0
2745,1104,15257,train_data/8904160dd0e24358ad1c6d8710aae61a.jpg,0
2746,12067,58300,train_data/98917f7acda64be9ba9c0bff280aebeb.jpg,1
2747,2610,35603,train_data/e14a0a42118e4bb8b4150cf95c35aa38.jpg,0
2748,9944,69201,train_data/91da9ac5d01443f08f5c2675083fc4da.jpg,0
2749,5310,30890,train_data/ca1a75672d924bd8b83c9a2d7d9f02a3.jpg,1
2750,17413,8891,train_data/fcae0f96218a426aa6a9597b0f050d06.jpg,0
2751,11108,27662,train_data/93b48c50750140c4b9b134b617d8d242.jpg,1
2752,11156,40060,train_data/74ba0a9113824c08b6c52f9e33c2bbd1.jpg,1
2753,152,7201,train_data/923b565bdbca4f16b968a78433ebc6b8.jpg,0
2754,13422,40979,train_data/690f791a2bc64d1b8fd504caba59a420.jpg,0
2755,2832,27498,train_data/6fb31ba8e2df4137b91f2019af03b040.jpg,1
2756,19885,26371,train_data/c2d56671abd6401da864bdf86cd6ea90.jpg,0
2757,16848,4754,train_data/530eadbeadb0421cbe6c9c6dcda7cd9c.jpg,1
2758,3551,50011,train_data/fdcd7c8dbf654ab7a8031412892fb17b.jpg,0
2759,17451,42023,train_data/e6916a980ae74fc19e821013fe355259.jpg,0
2760,18533,73863,train_data/64509f416022411c91ab532bbc1149e0.jpg,0
2761,12541,53749,train_data/5879d04a15f748098350040a3427aee5.jpg,0
2762,4538,36302,train_data/64533628a336452eb3aa0cf88668dcc0.jpg,1
2763,14367,13585,train_data/c7f22d058f6a4f8b875b139dcd1f4635.jpg,0
2764,18174,26969,train_data/ab1a45956a9a4be2be3212b156498e96.jpg,0
2765,10014,19913,train_data/3a95c1b30c7c4ad8ae61d33bab1972be.jpg,0
2766,12278,39971,train_data/a77ab1dbd7704527ada8a35dd3738a3c.jpg,0
2767,17392,46468,train_data/3e3fa7f7abfe4daf80c0c483ef10acc9.jpg,1
2768,15088,75064,train_data/cb80d912818e4d73888de083160959f0.jpg,1
2769,19015,64646,train_data/3f44479b6b374372872d2eed1fdf5c96.jpg,1
2770,5141,68333,train_data/1ef27091d4ca48e2816c4bd41d18cd5d.jpg,0
2771,11814,1141,train_data/0724188685f6406bbbe6cd0bc33679ef.jpg,0
2772,18826,1059,train_data/6652782204a34e8fb439bc62afd6a4bc.jpg,0
2773,3450,12298,train_data/45b67fb828844225ac0dcc7f9eb6c6a5.jpg,1
2774,16589,70049,train_data/a47c8155403c4bf981445be3650c2575.jpg,0
2775,13156,26537,train_data/6884b5afd75a4036b2baa6cb60bdb7fa.jpg,0
2776,2749,4108,train_data/03e5478b340242bab02048cb05de7991.jpg,1
2777,12707,75976,train_data/25d445d819ad470bb404bc452d11c114.jpg,1
2778,13131,41088,train_data/71bbfa8d41374fddbbe28f2ade1baf1d.jpg,1
2779,12251,41611,train_data/1b6a54fd19be42dba500e0a1867822ef.jpg,0
2780,10179,56489,train_data/f1711c7a1642485cb1cbe03f8d043414.jpg,0
2781,5810,47612,train_data/739744782e8240e5bdbe931db37bd6d7.jpg,1
2782,5634,41719,train_data/271885713b3e42f6ab45e9b75be2a728.jpg,0
2783,11580,75249,train_data/6ee15a510da648308c0f6ed53d9542e3.jpg,0
2784,13926,14946,train_data/d241ef07400a4a169105c685ef6cab75.jpg,1
2785,19152,39201,train_data/2868aa6cfeb943068d028b235e7973a8.jpg,0
2786,1380,72812,train_data/fdb4e2f0d8b5471bbedf6137e78449b7.jpg,1
2787,18625,65926,train_data/56c4b0bd5b514003b9a2f7fd44ca7990.jpg,1
2788,14901,63523,train_data/56326688cc9a425295db220f201a893c.jpg,0
2789,3832,48324,train_data/b4618d35e5544b5bb56f9bc4a46e236d.jpg,1
2790,4776,11852,train_data/8b776c1a5b9a44078da69d4c8b540384.jpg,1
2791,4276,54996,train_data/ea3ae273be9748ada18e4ddced66d2b8.jpg,1
2792,4958,8428,train_data/7b67517499624018ad69839ec94331b7.jpg,1
2793,17609,37571,train_data/44bad24cc949412c932d670ef131e084.jpg,0
2794,16662,61322,train_data/a4fe35fde3634693a218d666ad9686b7.jpg,1
2795,7415,58341,train_data/66e5a8e3a6184ec2af6156adbb7a1bd8.jpg,0
2796,3252,64585,train_data/960855c7dc9b4814a971f89b97473888.jpg,0
2797,16950,1588,train_data/8b7a7c5010c54d5dbcd8e884a7fa72e4.jpg,1
2798,16673,18331,train_data/577477fe8bfb4c85b3f079763fcd9832.jpg,0
2799,18065,60105,train_data/6696ae6e800843a4a570048dd9bc7685.jpg,0
2800,17799,69537,train_data/d4cdf19fb7834b6299afa35ef4538e60.jpg,0
2801,14300,73458,train_data/a3e02dabd95f4bd5a200686f0bf90bc8.jpg,1
2802,15523,37406,train_data/3ee6c7bdb088460c90855b902f3e57d5.jpg,1
2803,14270,67212,train_data/7c00610432b34b16ac0a5ca504cb8cfd.jpg,1
2804,12327,59472,train_data/31f037ab9ddc4e43bfc7a8abf3459e96.jpg,1
2805,11546,65655,train_data/ba7a1f1bd2c349618a3aa0bea183fef4.jpg,0
2806,15639,34915,train_data/2877c5999508481eb3ad9ca438ec4b8c.jpg,0
2807,15042,36517,train_data/8098ed41b0ef4fae99857a9f0cc8c71c.jpg,0
2808,14208,7884,train_data/30cea0d1f086436e8a894d96dc944fdd.jpg,1
2809,2468,78537,train_data/f9deb2dd55354d1aa5d07c7d08c9821f.jpg,0
2810,17891,30714,train_data/bd702ccf4543480fad09fe9d967cb49a.jpg,1
2811,16654,68542,train_data/5e246cfca8b7472e9763286f3310d1dd.jpg,1
2812,11757,61590,train_data/7996fe9dffbe4f9fad2df6444181bf64.jpg,1
2813,13869,12273,train_data/50661ce4334846c19337934fa21abbe3.jpg,0
2814,9583,61502,train_data/57b0ed052ad545b0af8a5dd94b9de11e.jpg,1
2815,6696,39739,train_data/32b2a21d97f4440792b98bada6fb7139.jpg,0
2816,3180,10305,train_data/90db216ddd144ecfbd32d8990acce9d7.jpg,0
2817,15089,37922,train_data/fa222edd5db74d0ba2c4a85f6b358cfd.jpg,1
2818,8275,58590,train_data/2e12e88122f5452a8e454659eeca7823.jpg,1
2819,9065,49280,train_data/cdc83ca65469489b88560bcc4ec6a78d.jpg,1
2820,11030,55394,train_data/247249f075c7475a83502bae6bfe20a2.jpg,1
2821,17825,4571,train_data/7fd0517eeec847c4912897f792ae9460.jpg,0
2822,4557,32885,train_data/6918f56a9d2a4786911ae19a590b50c1.jpg,0
2823,7812,60780,train_data/394d6a5d1be243379d6c01751ec5a935.jpg,1
2824,12839,7454,train_data/5870123bfc0144bdb0eba27517dcdf3d.jpg,1
2825,6297,8193,train_data/cd15b3d81e6842068834eb79627a5792.jpg,0
2826,19847,38776,train_data/216c4fec722d4e18b58e8876fd950746.jpg,1
2827,14534,65273,train_data/311a5df63370493f91324d57a41bc0b1.jpg,0
2828,19695,63552,train_data/38eba79fa78d41e587060db8443b1958.jpg,1
2829,1132,48462,train_data/e0f4958176da42ff807677f83ccc3286.jpg,1
2830,10642,64570,train_data/2627de75acd04aadaae44fa91a3020c7.jpg,1
2831,10521,67283,train_data/f0c8dd295bda48d48da254ffc809bff6.jpg,0
2832,19178,15435,train_data/50c1754aa40644ed845fd1fa09c5f278.jpg,0
2833,2871,54498,train_data/f0d807169ac14cae83191262ee68c6d9.jpg,1
2834,12996,57573,train_data/d1cfb5a3474740d68b0faf45f6b2b888.jpg,0
2835,1772,67256,train_data/8daa5461f8f94944a44e847ae8b34152.jpg,1
2836,10593,51551,train_data/291b5139216e488288954db8e66e5350.jpg,0
2837,1913,46198,train_data/fe3b7e4d5f2045d1bc78c16d3aa18335.jpg,1
2838,14212,29596,train_data/5f383bc592ee4f51818d6ddfd43aea25.jpg,1
2839,9256,35452,train_data/23ef2f55d8764175b96e3f6cbd216c02.jpg,1
2840,12602,72928,train_data/1577664b0d0448319b2bd06ab8449ed0.jpg,1
2841,14188,49807,train_data/cfad27a2541b4c8cb84ba46c583b15f3.jpg,0
2842,15417,47806,train_data/25b846842bf243899924d2e7875e7a5d.jpg,1
2843,1105,42896,train_data/1e1fcde8b4074630b69eda1a2072b100.jpg,1
2844,17747,56760,train_data/75f56e08512b4974a07ec6dfcc3dfdd1.jpg,1
2845,4956,8075,train_data/cfa3c916809e456a9952227484c28f04.jpg,0
2846,8307,19293,train_data/c50ebc2314c8435fb48af1d21abdd336.jpg,0
2847,19435,2641,train_data/8497b5f2b7f8479daf25fe46eb4f6055.jpg,0
2848,3696,63369,train_data/d2343cdd58ce46959dafe961f2a19626.jpg,0
2849,7778,36802,train_data/b5ff8724fa77449f946f09d9e3614401.jpg,1
2850,17031,72849,train_data/0b81cfa5dda04fce946bfea5e5b5cd51.jpg,0
2851,628,40661,train_data/31454afd78394d0fae84ebf32b08b496.jpg,0
2852,2451,49813,train_data/fa8c148b4342427da8c66d1bdc9f8575.jpg,0
2853,19606,73831,train_data/5543bc65e61846e9a173ae7e4f05f6dd.jpg,0
2854,19949,54180,train_data/107be3b620114459891fc45c3a5434df.jpg,1
2855,2176,8579,train_data/a250ae75f48b43af928ec1d9939c499a.jpg,0
2856,17599,697,train_data/192d08d660cf413986eade32cce7e42b.jpg,0
2857,2787,17263,train_data/7e2a3d5ceb904348a6be702b10580ef6.jpg,0
2858,12297,65148,train_data/1cf9f89e84b84ae9b90a6412b792da77.jpg,1
2859,1196,42150,train_data/aa873fd899f040caaac029cd05d94943.jpg,1
2860,7618,22476,train_data/7220e725166d40f5bc042ee4c4dcdbe3.jpg,1
2861,4444,63649,train_data/f379c99bc88c477aa90c02c6406762c3.jpg,0
2862,11128,27303,train_data/af44fc8bed1b4ba8a04b52f9d06bbffa.jpg,0
2863,15514,25244,train_data/ea0d8eed98754d2ca1acf8d95a894198.jpg,1
2864,5722,66752,train_data/40fad775bbd4417ab352409b54a0fb43.jpg,1
2865,17693,27489,train_data/8187e8e3d09a455dbaa2be9ef374de4f.jpg,0
2866,10695,9087,train_data/dff7d92853de4df8bb1319d3cb09f168.jpg,0
2867,4967,43384,train_data/e26a948037c647baae63afb315a9d6fb.jpg,1
2868,10410,29747,train_data/96b46792e0034c7ab6dac248d2c2a5a1.jpg,0
2869,4009,31916,train_data/c8aa79f080954625acd881191237fd83.jpg,1
2870,15515,44277,train_data/aac33117bf2c435e87b8ad0e4773a7b1.jpg,0
2871,3583,77543,train_data/317fb63897b447da99e7fb675fc4ba4a.jpg,0
2872,19781,43149,train_data/faa6a9656f734a21b490389e59ff663a.jpg,0
2873,12424,13495,train_data/3dfb695b933d491b9b96350ca7c81442.jpg,0
2874,8277,62235,train_data/525a59c307ed41f9ba4a43f835da4b9b.jpg,0
2875,3667,58007,train_data/e952bfe238be4baeb222bc212f85fa6b.jpg,0
2876,12474,22389,train_data/31abf1ee480f4b868ae676b6c15bedcd.jpg,0
2877,12782,53840,train_data/c2f2a1ae2f0b4421997ea79b4f73576f.jpg,1
2878,10211,42068,train_data/5fc80417cd06458b945a70e7238b77ee.jpg,1
2879,3423,27311,train_data/d39766ca403d4be18f85902bfd02388f.jpg,0
2880,10717,44478,train_data/7deb9313e9e54fdaacbb36597e1f5415.jpg,1
2881,8199,46143,train_data/a4db143530fc4d58a1042c1666bb290f.jpg,0
2882,18551,61021,train_data/85c7c0b81a75482ca0a8b102b31295cc.jpg,0
2883,5366,64756,train_data/5e41a787c0bd4b21958fdc67a704b995.jpg,1
2884,2895,63258,train_data/bf57d2f313694df2a043ff8ac108d3da.jpg,1
2885,14122,29054,train_data/a65c0fd9c2f249cca7e1506ff3ed5825.jpg,1
2886,1296,59558,train_data/243dffaa923a49878e23b1a124e98309.jpg,1
2887,3642,9506,train_data/7f1eeb9b2eae4babb16dc1cb912c0a28.jpg,1
2888,17196,5162,train_data/bbc947b0efc84af6b115a466c7c9585b.jpg,1
2889,18358,76013,train_data/9f0e712c69554214b1f56f28fe4536be.jpg,0
2890,19690,59480,train_data/ff513b8405464cd296996fafd69b39ff.jpg,1
2891,19507,27761,train_data/c96dae790fa54b5895a5ecb6044160c5.jpg,0
2892,8548,63334,train_data/3138d7a4b52b434abf5cc8673e74eb9e.jpg,1
2893,5451,30528,train_data/ddc1f212695d481888712db3f632c337.jpg,1
2894,10685,46201,train_data/85b81d1307fa4c0c823844f86dbb472b.jpg,0
2895,15449,7331,train_data/d4e27a93583449c1a241600c82f750b0.jpg,0
2896,7866,34944,train_data/87d86d675c544ca5b1d3b51e75fb2ebf.jpg,1
2897,12867,23568,train_data/6c14d4a0ece4403990846553de5dbd65.jpg,1
2898,14607,34193,train_data/b5fceb94ea3b4cfdb769ee03fb9779d3.jpg,0
2899,9797,41236,train_data/a9d65c643cf1402ea256c5acc963bb2e.jpg,1
2900,11755,10430,train_data/cb8496fa04c043cf9a6d6e525d380485.jpg,1
2901,13979,48452,train_data/3a3c0c4339e143f7a709b678e7508556.jpg,1
2902,9738,52422,train_data/4df25662f18b484baf4bf10aa74d1342.jpg,1
2903,14385,17466,train_data/a70095e907a0498e93e195cb4f374a83.jpg,1
2904,6474,17037,train_data/488114751b3f4ea9a38e16e0cd8c1021.jpg,0
2905,8811,63674,train_data/95d74a3ca86142e9a7202411f7e9f67e.jpg,1
2906,492,20975,train_data/392a535468a34825816e78c830be5d32.jpg,0
2907,11691,15743,train_data/eb6ab4b5e8d44206967c629a3bcac2ea.jpg,0
2908,17929,11705,train_data/e0c52b9d2b344d04bfd03c52db684a60.jpg,0
2909,1116,60825,train_data/577d6fc565dd45829b51093a8b8eaa4d.jpg,0
2910,5637,35928,train_data/9ee9e6951c01450e9a73753240eff5b8.jpg,1
2911,5085,23627,train_data/e6d55f6a10d341aea49190290caaa029.jpg,0
2912,1757,37915,train_data/0f571a60c90b49c89a3e38a7dd67fd6b.jpg,0
2913,11486,35907,train_data/fdaa46b2bef94f659833c5bba47e22ba.jpg,0
2914,17242,51038,train_data/e908d062a6104d2b83cc98a3e5eec9ae.jpg,1
2915,19048,33097,train_data/fe9ca5378f9e4cb99da2d143fba8acf8.jpg,0
2916,6353,48467,train_data/f6613dfff77842caa23dccf60ee07b2e.jpg,0
2917,19888,79690,train_data/643661c28b324795bf2d2791dcf28cfa.jpg,1
2918,19969,23339,train_data/300542b9e2b8492c8655c69b88134d8c.jpg,0
2919,3644,41788,train_data/f71f273abad145f5815c4603e035c148.jpg,1
2920,14350,53706,train_data/c7644b53a8d64f7e8c5463fabe1dacf4.jpg,1
2921,12001,17992,train_data/06f7b7f1c1ca4c34944def06e530d4e9.jpg,1
2922,11185,5828,train_data/8c0e5ad9493c4ae289e5fa565f0552e2.jpg,1
2923,1696,24025,train_data/d43f394274ce43aeb925f83518949733.jpg,0
2924,2295,30631,train_data/2dbe6076e99f4ea7902f7ff9fa8a4d68.jpg,0
2925,14794,32184,train_data/069dc40d00434782a7c564f798a04f15.jpg,1
2926,14696,55417,train_data/52af0cc76eb24834a971069dd79180fe.jpg,0
2927,5939,69244,train_data/8a31686ce5dc45129ef11449568185a9.jpg,1
2928,18985,35984,train_data/ef52facf62fc49eeb10d0cb1d0bf5e89.jpg,1
2929,9968,9330,train_data/930e596b293a4153950745648a45f1b9.jpg,1
2930,11033,73631,train_data/5dc2f13b3a10412699c86409139e5fbd.jpg,0
2931,3313,59793,train_data/c5bfeab1ff3d46ae8212163a56cea29e.jpg,0
2932,14824,20007,train_data/096059411791447393ff3ae6ac2e05d5.jpg,0
2933,9784,61804,train_data/39f2be762dba4cafb432eedca45a31a6.jpg,1
2934,9915,50879,train_data/ec9fb3c27ecc4a7fbfdcba8a52d0270a.jpg,0
2935,215,58896,train_data/9e48bbdbb4a749bcaa74f51c7d644503.jpg,1
2936,1072,76371,train_data/9b1ad813bf67499cba542fce98f7c645.jpg,0
2937,8682,33240,train_data/0e519a274bd44a48ba92bf5a755d6f58.jpg,1
2938,7006,17136,train_data/7d34985b51b8496d9e7e34002f45b470.jpg,1
2939,13379,36770,train_data/06f059ffc27c40cd9319cc5373dea03e.jpg,1
2940,8652,15922,train_data/d41fe1f984014ec3bc65d3c06397f5c8.jpg,1
2941,13705,13358,train_data/db473d20a0c64071b5e038f33f43f29f.jpg,1
2942,15384,70191,train_data/90af9dbc8a4047d1a7d778e355ab675a.jpg,0
2943,25,71544,train_data/1a711a4c9eb3462faf4b844d3f5eaadb.jpg,1
2944,19430,59637,train_data/af4132b85a8e4723ab0577f12ea1b9ed.jpg,0
2945,10601,20346,train_data/515a6b93291840c3a4b8c3e74f15af63.jpg,1
2946,7659,55590,train_data/5d9be33fdf83415c8d73af1b374a85d1.jpg,1
2947,13401,36916,train_data/0df55df971444cfdabcf96879b94192c.jpg,1
2948,5690,27750,train_data/83f98f7c07c34bad8ea452f164ad0f74.jpg,1
2949,9744,58045,train_data/96378783aa314431bb526d23c151c81d.jpg,0
2950,19219,13072,train_data/6587cd9d7a7b496eae9bcfe039eb4584.jpg,1
2951,18615,32942,train_data/67bba12c9af142f79f3f5c9fe88ec649.jpg,1
2952,12721,41669,train_data/d2cba814d3404cab8dd1b7734f8c89e5.jpg,0
2953,9171,79469,train_data/852d544c43794ef681dc1cb73fdf16e1.jpg,0
2954,10847,16275,train_data/1e530983aff744228bec71ee34f98d9e.jpg,0
2955,11908,7563,train_data/dbbf734b55784a30b7a4d2a573531eee.jpg,0
2956,630,70095,train_data/a3488d44fded48fba7fba7d2cbedc24e.jpg,0
2957,18674,61414,train_data/8209c49781744fbb9776c9949f4216b6.jpg,1
2958,8707,73907,train_data/d70e899323ec4c15bc03d3c5374e47fe.jpg,0
2959,17571,17888,train_data/3de0f2ee0d9441618c9247a1679e9d6e.jpg,1
2960,6614,50068,train_data/becf4247cf67496988add319b54fcb6a.jpg,1
2961,5243,32713,train_data/a8cdc6cfb1314dc4aafa2c5fd3e68c79.jpg,0
2962,1102,15399,train_data/c2c5e180d581412391b5d3e2dac2f07d.jpg,0
2963,2204,22376,train_data/72155eb17f2640ed816086d6ae8678c2.jpg,1
2964,19789,57698,train_data/076304d901a449269e6adfad82fc3f45.jpg,1
2965,12903,11792,train_data/858d8d46f01b4e379805e563b80e87e4.jpg,1
2966,11477,47428,train_data/c15c85d64c544c9594513db3218f31a0.jpg,1
2967,11308,57484,train_data/421ef417c17f4f47a78ac33ef6d35d7e.jpg,1
2968,13767,36038,train_data/6323c29fa1ad4bbc8a742388c99008fb.jpg,1
2969,15064,21900,train_data/a51a28a6c9554b968fb5f8f87d1e6194.jpg,1
2970,12512,72189,train_data/5adae6cffc044a018ae2a5ac66537b76.jpg,0
2971,19979,32163,train_data/da6fab42e823437db9e5b2c742aa3328.jpg,0
2972,14890,46817,train_data/d635967dba134ab0b90a0e9b59fbf32c.jpg,0
2973,719,42158,train_data/ae02200a64b349729fbbcb55c4725649.jpg,1
2974,13839,49829,train_data/64dce547045945058e7acb198762910d.jpg,0
2975,6155,77416,train_data/311e2ca240d7463bad4ce85af0992a49.jpg,1
2976,4025,37966,train_data/d3b7e827add44d67b9bd37ba26d6fafc.jpg,1
2977,8224,43033,train_data/345f1b50399647119ddc7665c049d8bb.jpg,0
2978,15493,20109,train_data/34cdc26a8f904a1ba34530910d7b81d6.jpg,0
2979,16093,31249,train_data/4459a3590e5e4a87a115289b310e2cd3.jpg,0
2980,5818,3627,train_data/56b1f3d84cf841b7acaaf7a96c9f031a.jpg,0
2981,11956,28496,train_data/a7648f416b184fe4b53669c9130555e0.jpg,1
2982,3866,47740,train_data/93b0797ea0db480c92624dbbb5f9cfa5.jpg,1
2983,2745,66719,train_data/b0de49fc873f40b8bc23c99296b334ce.jpg,0
2984,11867,14984,train_data/5c47252a7d4747fb8f0e09258581a17c.jpg,1
2985,10343,55045,train_data/7e948b47429e4aa097656eee332d223a.jpg,0
2986,18582,76073,train_data/58b8e8d5d24144b99180b505b63244ee.jpg,0
2987,11950,55614,train_data/93def3819cc94ce9b37e11b6a5bd2ec9.jpg,1
2988,18087,2915,train_data/c47e70e871714164ad11554f5f5e7b21.jpg,0
2989,4214,57171,train_data/beabd6dae2f648d1a883cf0e64c8df07.jpg,0
2990,12096,53422,train_data/ddfba848fe8f4622888a02c7d3b5e8bf.jpg,1
2991,15193,16424,train_data/cbd609244297436aba799242afab1d95.jpg,1
2992,1401,78726,train_data/d42767db315f46acbba97baecb91ed28.jpg,1
2993,12828,71881,train_data/06e495cdfc334d81a5c099c87b26c3ce.jpg,0
2994,3253,10089,train_data/48765f676ca1471798ac569f7507a740.jpg,0
2995,18630,35839,train_data/767483b6864740618a8cc40272ac664d.jpg,0
2996,2158,69884,train_data/c48321878e704a2b8639cf2a3661ac3b.jpg,1
2997,8578,15603,train_data/7500c56a7e7b47248688e40163b1f153.jpg,0
2998,17486,66894,train_data/1fdc5f38ba03483dbe130b1477018902.jpg,1
2999,7011,5431,train_data/d75420a85b624c44b92c064102ce0a6b.jpg,0
3000,17171,27249,train_data/9123060b39e240708a0d688b73bbe05d.jpg,0
3001,10197,24589,train_data/aa77938d05364317a852dcebceb1a392.jpg,0
3002,3841,52905,train_data/8b2c55f7773d4cddb7530d15fc1223a8.jpg,0
3003,11849,66963,train_data/6083023178dc493994e84834e842b284.jpg,0
3004,2100,31659,train_data/d4f5d7d65fd74b048fe94b37c97daf4c.jpg,0
3005,1673,28501,train_data/882cafe7ab3347b58c055cf46cc0d398.jpg,0
3006,10293,28771,train_data/d1b50acbc5184d1caf3f91f7d7ab68d9.jpg,0
3007,4213,39231,train_data/09fd2c8ddb7b4ddfb0657e167fafa804.jpg,0
3008,7480,41219,train_data/2892806bc99b492b990fdc1535ba626d.jpg,0
3009,14562,45846,train_data/538d4d6428c74d15a39c1e3b5682814b.jpg,1
3010,17035,54007,train_data/699792a48cbe409e93ccdf5cfb299e2c.jpg,0
3011,11515,19557,train_data/97b99cdf33b34a4d9835a9f5941a9490.jpg,0
3012,8547,12450,train_data/e91723651e7b4ecf949d2c09d0fad62b.jpg,1
3013,14823,5788,train_data/f97a4d34f3564625a0de954cae8621b6.jpg,1
3014,16923,73684,train_data/781ac06327a84e7881fb345a348bdb88.jpg,1
3015,16363,65854,train_data/ce90d11dedc1465dbf1f1d29b129268e.jpg,1
3016,14609,800,train_data/4f83249d100841bab481ff53032ff138.jpg,1
3017,9388,40648,train_data/5e3de8b006fe4507b0457d60137b2530.jpg,1
3018,10070,72338,train_data/5547abc9a289448e8eec82ce3492f514.jpg,1
3019,10860,38544,train_data/1167f86ada264f359b6d61bab203e583.jpg,1
3020,2005,30149,train_data/5ef8b40e60f342668e22f7883ec811f1.jpg,0
3021,15887,47226,train_data/8d2d7b23cbbb470db42fa3b3354660db.jpg,1
3022,15233,17831,train_data/d7a7e05ca9a749499d76d172e4f3bdd0.jpg,0
3023,13411,47962,train_data/b3c45bf88fb749d29d27993030cd6861.jpg,1
3024,2257,39845,train_data/3d62aa99f07b4fdcaeacc53e5da6ba9c.jpg,0
3025,17110,77813,train_data/60f8bbb71a064588b6329b715c52df02.jpg,0
3026,5574,19415,train_data/2116e3a3b0fe4e439685e2f8beac2f77.jpg,0
3027,9083,39141,train_data/58b07aad69d944518add5a42b9eaa8a4.jpg,0
3028,5355,46347,train_data/f386e3601292429ebfb6985845d34e16.jpg,0
3029,6093,35227,train_data/af11697a4188480faa9cc3e65da7c8b7.jpg,0
3030,7935,26146,train_data/6232f9fda99248fcbb450e459446a66d.jpg,1
3031,1519,58086,train_data/ee46b9d96afe4018ab45f090d8d824d8.jpg,1
3032,1378,30671,train_data/8cd48ff008f34f109307a73471681713.jpg,0
3033,15206,70019,train_data/aefc55f14fd44ab8861c4c6609517f6c.jpg,0
3034,13200,70387,train_data/fe593be5fe82449d9beda45ce1bad893.jpg,0
3035,18179,35425,train_data/a9052d6961b54e8eb11376c6d184f38c.jpg,0
3036,5842,6347,train_data/6f9a74a8e07c4425994d937a357928d8.jpg,0
3037,7122,61619,train_data/5c1ec36659e546b589b3ecf59c061e12.jpg,0
3038,16211,7037,train_data/25e90b36e0a14298a8775806d54f996f.jpg,0
3039,12820,44476,train_data/8be57fbad5fe4fe784c49c817e3174cd.jpg,1
3040,5832,23650,train_data/3514a11c7bb8419e8708b7a8a82750c1.jpg,1
3041,9821,38620,train_data/08f7416ddee0423dba36c9f153a570f2.jpg,1
3042,12718,39406,train_data/a2087fe1649b4e25b7ea235ac0ca3294.jpg,1
3043,522,34063,train_data/a49604f2efb445079559944911dd93bd.jpg,0
3044,15372,64132,train_data/3036afd8734d40a7b124e3b8463ef568.jpg,1
3045,234,39765,train_data/1a3ebbf4734b47a99007dabaa782afa5.jpg,0
3046,12180,72398,train_data/ccd420eb288248e5b9b1b82695eec5a7.jpg,1
3047,6318,48931,train_data/3d71e559a4ed45578a21dbc0f44653cb.jpg,0
3048,11992,50595,train_data/045a0bf7b5004bc6b8d6639754b59894.jpg,0
3049,18542,69671,train_data/1c21c067a8154413b4bc00ece2090963.jpg,0
3050,1948,68924,train_data/d52b4aefb745436580b40a92059f03ae.jpg,1
3051,6361,52336,train_data/ecf1778e81cd4afaac225cee2aca5a7e.jpg,1
3052,19420,77240,train_data/1b3f4f5a2e6f4678a8fab41e2e9321bb.jpg,1
3053,18515,34300,train_data/a6a24340753041ee93006bc074974934.jpg,1
3054,11684,65069,train_data/a077f95bb1c54df09c9be51791f64d5b.jpg,0
3055,15927,53398,train_data/ffa7441063c842e483c5c3c9793451bf.jpg,1
3056,19094,57031,train_data/eb8f9b2cba7d444789b5f333f027837c.jpg,0
3057,2224,77440,train_data/2b70506da65f492da49562caa256d889.jpg,1
3058,19045,14140,train_data/3d2ac2b06c554c4093fca3702be4e033.jpg,1
3059,15246,5211,train_data/24b6484a994241909fb4ef23cbf0d392.jpg,0
3060,16209,74395,train_data/12f7286ce45d4660a7ff06e2f1b909c3.jpg,0
3061,5571,34953,train_data/db14b85c19e841e989842468ab36fd36.jpg,0
3062,4523,18817,train_data/a1133319a89d4a94b0cf73194a7afd57.jpg,0
3063,5793,68233,train_data/cf36f78afce84725a9188d63ae798c45.jpg,0
3064,5738,14146,train_data/0763784cb3ef45009f7bf681ceaaa08f.jpg,1
3065,4728,4272,train_data/f2dad1e81dae4bb98ad46aa2c5aa5307.jpg,1
3066,7818,10021,train_data/e3e3a72dcc69407f94ae8d6c332dbfde.jpg,0
3067,8859,17364,train_data/167aa77af61f4e3e9ff8ac4e0d4799c6.jpg,1
3068,19911,17324,train_data/576342657da042cf954a7602d3d75f77.jpg,1
3069,15275,31095,train_data/b36bdb2b2261442e8f71f9e3dde59cc8.jpg,0
3070,2437,8938,train_data/6f5bee2eecdc44f49412a16f5eb5b2d1.jpg,1
3071,14087,43020,train_data/b92189582fe840de8948530e9e686615.jpg,1
3072,11989,1818,train_data/569c313901fd4853baeea71492be1f2e.jpg,1
3073,3167,59885,train_data/6798ca87f210455cabe60315d133de35.jpg,0
3074,13752,24938,train_data/8fcf12720f074c1c916e2a31da7db4f6.jpg,1
3075,15920,79857,train_data/503be1bcc9ce4db9b1609e6dd4325b83.jpg,0
3076,14027,6001,train_data/7ba94f64a67744768674d725ab07d1d1.jpg,0
3077,7016,21592,train_data/d105f8823fa64a47bdea7837e9c0b46f.jpg,1
3078,13386,51757,train_data/ba275804b76c4a41a980b0f5423d80a7.jpg,0
3079,15998,43367,train_data/b4c57ce7b7ce45279c431c630890c169.jpg,0
3080,12641,12599,train_data/3859ecafb8de429a9b30a9648e7effdb.jpg,0
3081,17697,63606,train_data/6fe037df60334a5ab70c282a5a2f8ae0.jpg,1
3082,4945,2373,train_data/8b7fdc4fea214286a81ff4d87f1cef12.jpg,0
3083,15649,77022,train_data/ba92a75f938348b9b64621613a04c5b5.jpg,1
3084,12237,51973,train_data/962186af3a664604a142ff4bececf029.jpg,0
3085,6046,40997,train_data/7058f8cc8d674a8ca96e1136170aacf6.jpg,0
3086,9227,66268,train_data/8e314ea165b14f349cec3faf4fcd0581.jpg,1
3087,5585,38571,train_data/e69f217368c945d198c9792802470451.jpg,0
3088,5590,27357,train_data/2f6bf64d2f29488081ed77d2513d0c38.jpg,0
3089,1228,8150,train_data/2f391c4b79e049aa8802e8bfc162eee8.jpg,1
3090,13341,27876,train_data/8b814b5db4024f8993562339b4947093.jpg,1
3091,13333,3393,train_data/c75ca00a7aaf43b2a15cf339627e64d0.jpg,0
3092,14743,33303,train_data/620b08db57d84b719c4bbfb6458cad59.jpg,0
3093,8244,27542,train_data/a797ccb907bc41d79fd7b2bdfc6c1895.jpg,1
3094,17631,48857,train_data/4eb3052200cf419fb27d395bce404682.jpg,0
3095,16237,43529,train_data/8fa44572d5214d839693bb161c4017b2.jpg,0
3096,6555,36599,train_data/ea8467d9a0994adda8c30af1c43311f3.jpg,0
3097,15373,40037,train_data/f93971ebf864497a8bfc1b2c15bb6cd4.jpg,0
3098,12145,56074,train_data/31c3f24f18844bc1b4b1000d66d174aa.jpg,1
3099,159,11761,train_data/da9d282763bc4083ba33df60778718ca.jpg,0
3100,1589,28051,train_data/1b8385541ebe446ba3cce745cb547639.jpg,0
3101,15369,56832,train_data/0e9d1e4dd90e46d3addb6bc957012eca.jpg,1
3102,5565,75214,train_data/f0ef3e12487f408b992304f24171d0c8.jpg,1
3103,7190,35328,train_data/48be562ecaee4cec9cb31142587814a6.jpg,1
3104,17390,64070,train_data/b08f2c8fe3c7438fbd58295558d7a27e.jpg,1
3105,10576,14483,train_data/8ceb82abfe09449291e66457843d4280.jpg,0
3106,15061,24629,train_data/602d892c84ba49ad805c6b83dc72dfc8.jpg,0
3107,13364,55907,train_data/a3de1be186db47ccbe05afe86c8892a3.jpg,0
3108,1556,16419,train_data/bf63e9995c8d40268bb259d3e50219ec.jpg,0
3109,2828,26018,train_data/22060f5fe8f3444c984d095321a1970d.jpg,1
3110,436,57599,train_data/fd2148f0e31d44ce9655ff37c581786c.jpg,0
3111,15592,74765,train_data/8a2cec3759a448c5a2761dd5850ab092.jpg,0
3112,19656,47859,train_data/8789fe3ec3e440a3a0d2f6deb000980f.jpg,0
3113,2780,55119,train_data/5a27a153adae40fd86a78280851f27f6.jpg,0
3114,3701,52947,train_data/eb097db4657d4c77a783ea408b3d07c4.jpg,0
3115,5686,71058,train_data/dc998f91edb246db8ca93c7675d88b0e.jpg,1
3116,4727,3586,train_data/1eca9190e22d413fa908d6c6aa215367.jpg,1
3117,2951,74953,train_data/b1516fd2231f4d09ae26437b28a9be3c.jpg,0
3118,2555,1246,train_data/ab7a038e43ec47ddba028e770ee6372d.jpg,1
3119,10350,44736,train_data/eae7cec0b4fd4c8381da30010ba0002a.jpg,1
3120,19886,40974,train_data/08d68798465e4455a21e33608fb54802.jpg,1
3121,12737,15215,train_data/123111dd188249529162b4cf793b67d9.jpg,0
3122,6465,60469,train_data/f19530e26b9b42249ac1e523ec61c9fb.jpg,0
3123,7355,56098,train_data/83607fd845754296a740cbc2b3e02048.jpg,1
3124,15717,14038,train_data/05fc51d95b5840bba0e2164ca3238d93.jpg,1
3125,7823,73727,train_data/2c73a3d7e3154d5fb312d7e5b9a8c1c0.jpg,0
3126,12449,66840,train_data/967fc7c24e624bc3a311cf43e1a02c55.jpg,1
3127,18554,3077,train_data/410300e3e1494e04b2bb9078e638b402.jpg,0
3128,15271,49918,train_data/5ebce4674c0c478488cde5ce35ab02e4.jpg,1
3129,5185,29419,train_data/3c586ca49eb441d38363697d5980f821.jpg,0
3130,8549,29279,train_data/1583acd9a1564fb599ba32d8f2336253.jpg,0
3131,5242,58036,train_data/0a6c07d1d0db4ef39dfd23d02402fa60.jpg,1
3132,2092,31865,train_data/cc803c538f3446009046d9a811b4722c.jpg,0
3133,10207,30965,train_data/83cedb36bd17412eaaf052ccc26e3b31.jpg,0
3134,11948,20408,train_data/79b893f1e0fe49a0b08c02c0bdf0926a.jpg,1
3135,187,76062,train_data/61ad5c8b16f1480b924f8c1a4bcd9523.jpg,1
3136,17345,8710,train_data/61e91b5c96aa4c7a8b637f23dc5fe0d8.jpg,1
3137,17554,60236,train_data/03edeb3901254c0fb69997aafc6aeda9.jpg,1
3138,1381,38936,train_data/7f25357e1b704eb19d431cd28141e36a.jpg,1
3139,17714,74853,train_data/28fcb6b588894ee093f37ae73563fac5.jpg,0
3140,8605,15654,train_data/8d9b6fe9482d42baa453b496333c9f59.jpg,1
3141,15743,8478,train_data/b0ea9a808c184aa3a6c61b34d4944f48.jpg,1
3142,11528,5370,train_data/44f9c8947ae649aeb1fbcd6ecb974857.jpg,1
3143,15038,41263,train_data/596cb06cbc0a4c27838c481e7c20bb46.jpg,0
3144,18498,5140,train_data/13425c6c3d874fc5981b12373a2de227.jpg,1
3145,8448,72608,train_data/d06abfc0393e43a09deed77d2d6971d3.jpg,1
3146,11390,21898,train_data/22247314669b4a95ae6503a507f96db5.jpg,1
3147,19893,11733,train_data/98d5b7d94ec7456b8fc7347ec49e567f.jpg,0
3148,7295,60416,train_data/f1ce89c87ddf44699e635c54bf0fad45.jpg,1
3149,8068,11129,train_data/27fc087b067d44df835ee07b9ba4c261.jpg,0
3150,12935,66179,train_data/71725367c73b40ed8573d68c5b556bd3.jpg,0
3151,9959,71720,train_data/d267f8855fbb4e21b8f786446d560a13.jpg,1
3152,9764,15480,train_data/5ccd6bf44e3245e3b15a6fa27f0bb566.jpg,1
3153,24,18509,train_data/cbd4669cdd6e4393a90be6f0a45c41a8.jpg,0
3154,3363,12347,train_data/8a3f1bf5d65844b28a84632ada6c6c06.jpg,0
3155,1088,33715,train_data/0616950f4dc442e3b8fe271274bb4f9a.jpg,0
3156,12866,64120,train_data/a2254e3b7eca49e28f246f03e0ef5cda.jpg,1
3157,10886,19102,train_data/9a2b82715965476ab1152ec20cdd37dd.jpg,1
3158,11590,23851,train_data/85f7d5b6b1a744c5803e23f156775b94.jpg,0
3159,19167,27036,train_data/f8ae0f8f76c74e3f95ec70da212adc66.jpg,1
3160,10503,66744,train_data/048755c9520d4c51bf78a5fa25714aff.jpg,1
3161,12306,1362,train_data/a0eec23c5c32469abdc6bd5988caed92.jpg,1
3162,17079,73105,train_data/061038df04bd4e11b089a2254da97adc.jpg,0
3163,15906,9594,train_data/24b3eb84d25f46faadbd1ea370fca58f.jpg,1
3164,11944,52379,train_data/daf924abd912473c9321171c70cbdf2c.jpg,0
3165,6337,44902,train_data/dc2ee07b63854acbb366ff80cab39288.jpg,1
3166,276,19294,train_data/51dabdcf442d458199fc9ac003ea0637.jpg,1
3167,12413,9842,train_data/2fd93b8a669947c5a5fc299fa6991eaa.jpg,1
3168,3906,20586,train_data/2398cd1076d6466eb499e493a3c7f0c4.jpg,1
3169,5845,60676,train_data/6c7770a3b53f44c38a0d99a00dcc2c49.jpg,1
3170,19700,68421,train_data/ffa444ac7de848999ecd5f58490338d6.jpg,0
3171,1137,52439,train_data/37d2617c78544cb9ad1480eea19bec65.jpg,0
3172,13324,57338,train_data/bfc1bb6bca75415c9d2d2d05a824c942.jpg,1
3173,2490,25240,train_data/5289d8e811f64348af143a2fa85aa54a.jpg,1
3174,16165,32896,train_data/f8763e39a67f483e84e73e35d00da268.jpg,1
3175,7742,16671,train_data/71fbe6c7ee954495992652c19eb6eee7.jpg,0
3176,14482,63276,train_data/ef1d672bea34410e843e1e02f68bde0b.jpg,1
3177,13127,20681,train_data/cd5f6a55e25d457396ddd02515be5324.jpg,0
3178,3935,59524,train_data/97b6d199e71647788326aeaf65c3118c.jpg,1
3179,15072,6169,train_data/1f02143fa4814648a881d0cca59cf09f.jpg,0
3180,2384,53020,train_data/23eab145b1734865bfdf8672a6e71742.jpg,1
3181,8016,27248,train_data/44e64b96eecf4a309d6af6794d92bd35.jpg,1
3182,7084,63386,train_data/c24efe01f1be42b19f68ef412a9f31c6.jpg,1
3183,16499,44317,train_data/d5acba0965c642a78d9650af1664846e.jpg,0
3184,1863,29276,train_data/ae41daed44ab4c85ad803de995d4ba6e.jpg,1
3185,15688,68069,train_data/c1ed55ce05cd47babdc4f6f2438bae15.jpg,0
3186,364,6431,train_data/6db8068ede4c4648b734932ed87e3fe6.jpg,0
3187,9094,23899,train_data/540815a480244e439a627fe72c75d962.jpg,0
3188,17507,66563,train_data/728d4385a1574ca1bd126d50b9fad625.jpg,0
3189,3802,37662,train_data/2ad8036100c14beeaa1e43a42c5a12e1.jpg,1
3190,15309,13400,train_data/32e6b58dac2e4f5382d00427578590e6.jpg,1
3191,3536,4613,train_data/be9ce9f69642442e97b977bf35f784be.jpg,0
3192,3825,77682,train_data/375addc6b44d4838ba59362f11112e1a.jpg,1
3193,6642,2522,train_data/7e057f01962f4e31b82e679807661640.jpg,1
3194,18645,42327,train_data/2f1e303e3e1e49569663fc0fdc8a3efc.jpg,0
3195,12991,45620,train_data/30e4f6d873734f47af7e555c9e00cbd9.jpg,1
3196,17517,56092,train_data/0c51fbd570594ea8a8697fa73d314532.jpg,1
3197,13527,41734,train_data/f8a3868bbd4842d194a9ce50a5605f05.jpg,1
3198,7269,61133,train_data/17b59ee216bd4b3aa2fe2bbcfb4b9a8f.jpg,0
3199,17708,15424,train_data/cf228d949f394c22884767317f1b32e8.jpg,1
3200,7929,74530,train_data/5a6147541244402ab71d3c584997dfa3.jpg,1
3201,12982,26602,train_data/990e4cf91b3d4b9ba7a829a7da27c22d.jpg,1
3202,7166,25296,train_data/16e435a0be3649288c6ee6e684be4cff.jpg,1
3203,12869,29207,train_data/b21cc1b66e084d33b6dae4e526cd56ba.jpg,0
3204,5867,33250,train_data/fbae5bb686d046279c36ab0bcb70fc35.jpg,1
3205,4761,68335,train_data/035bff4dcf2a41239e55fd05edc13a1d.jpg,0
3206,882,48587,train_data/6dedd78382424bcda73d035bbb92e773.jpg,0
3207,13893,37568,train_data/4e298e276f8346848a9e13230840cd20.jpg,1
3208,18559,65366,train_data/f365f1489ce34c8390b9a97a87affe44.jpg,1
3209,557,48579,train_data/de4dc8d3262d48d9a1134bc6da89f138.jpg,0
3210,1960,8297,train_data/b174ccb5930542c4a9c5b97b3c44fca2.jpg,0
3211,13331,30302,train_data/9ec5fdda42304367ae3f5301987b0f62.jpg,1
3212,1207,21349,train_data/6d1c8be63dec448e992c8593e369ab93.jpg,0
3213,7684,34687,train_data/091b84475c04402eafdc49d6ef9e5756.jpg,0
3214,16859,58532,train_data/2e6c35588fcb4aea86646047504bcb7d.jpg,1
3215,12021,52725,train_data/31d2b2650b0943c084b049aca95ad854.jpg,0
3216,10485,37351,train_data/bc22698d72014bcba63a962bb5c9022d.jpg,0
3217,3630,50951,train_data/92dfc75da2cc4b21ade10568501781d0.jpg,0
3218,1708,59992,train_data/c70b0a0285434e51b49e0597efafd369.jpg,1
3219,1140,36871,train_data/a4935100d6ee4d37bdc2b0cb5d86d98b.jpg,0
3220,6207,38752,train_data/6a762204e70a4122b70b8b904d52bf2a.jpg,1
3221,18388,29682,train_data/20f8e0a427d343b7873eecaeaa01b87e.jpg,1
3222,17622,50190,train_data/78d474a7f0ce4b6f84d28ec9877659e7.jpg,1
3223,2660,64476,train_data/9017239cf0044b92a1e42375ba2624e9.jpg,1
3224,14852,13552,train_data/bd38fb0088b345b98042935b53be1f41.jpg,1
3225,1307,42558,train_data/ca2a3862cf744c389bd983112dce07b2.jpg,1
3226,16212,73484,train_data/b2a9a916d113427f8a6a53643ca1da41.jpg,1
3227,12452,30915,train_data/644bcffa351c4ad7997f43160ec70edd.jpg,0
3228,6905,21174,train_data/f0be2cabaaf24784a00aca38a4a3bf12.jpg,1
3229,11927,16808,train_data/92985c2aeb7240e698a60cecbe3a1d21.jpg,1
3230,14072,37912,train_data/82501ff9515649f19534fd56ee15eed8.jpg,1
3231,9429,29349,train_data/16ff3dd8fffe4d61bef3a556eb93b3b9.jpg,0
3232,2151,41000,train_data/68fc34aaf0a848a5ab016266e758a935.jpg,1
3233,18754,22364,train_data/0eb3fc0d216f4cb4a951633c9fd18ac9.jpg,1
3234,13283,26275,train_data/667bbc489c464649974e0428584fca63.jpg,0
3235,5004,41836,train_data/4e2b5023be1f4314a03a827f3ed4fe14.jpg,1
3236,15996,12047,train_data/56a5f5ef2f184c0b8e461380dc3e4e68.jpg,0
3237,1627,65613,train_data/58d1c15a67f8432fbd96a41a1a42af3f.jpg,0
3238,9714,73841,train_data/9a614c19f732478cb7213f7f0c32a968.jpg,0
3239,358,67769,train_data/6ad687483c874536b5ed88ca4dbcb70a.jpg,0
3240,138,75371,train_data/295f6c355c6a49159b803ec8b7d54421.jpg,0
3241,8491,46028,train_data/3f067b0fd5c241fdb4411b7aa313ea3f.jpg,1
3242,16766,18418,train_data/b71d093c74d74515afca50693ededa83.jpg,1
3243,11181,71256,train_data/9aa2190859084d0ba74d9971e053c19f.jpg,1
3244,340,22978,train_data/a645294b16d9482f94e3eb1da0d1d0b0.jpg,1
3245,4857,1641,train_data/2a00976945474913a97344621186d4d3.jpg,0
3246,9569,62213,train_data/fe69016193cb424c984b9ca41157dc86.jpg,0
3247,13865,14721,train_data/cf5754f76884470c924fa8e1ca2b614e.jpg,0
3248,10582,65954,train_data/db8e2732bccd41e0b5171c8bff5ed231.jpg,1
3249,5498,38408,train_data/bb4841444c184ab6a312ac3c3a67e0bb.jpg,1
3250,8556,5245,train_data/d06af977ca984532af6d6c15ab752675.jpg,0
3251,10913,64847,train_data/918e12907b2e4c468d23daea9a03cc47.jpg,0
3252,1932,1385,train_data/fce3e1b249674e2d81d367121426474c.jpg,0
3253,2352,37592,train_data/3d6b18dedcb34f9db2a2e1e2a8b2206a.jpg,1
3254,15848,40367,train_data/103f4e98b33744fb93f7fee24fa30770.jpg,0
3255,3236,58629,train_data/6b8590305a6142228f327903a94f1df8.jpg,0
3256,12355,26343,train_data/01484bbd469442a1bcb13d739671c27d.jpg,0
3257,9493,51608,train_data/c96612d1a71a4570ae92de128342b274.jpg,1
3258,18218,41645,train_data/8cce6ed41f614fe3ae459601a9cd038d.jpg,0
3259,3807,33510,train_data/86f2588b0a764c4f870fecff4ab5c6f5.jpg,1
3260,1936,51685,train_data/a18e7dff647b4131bff825de00642ba0.jpg,0
3261,5619,9918,train_data/68534e25c5cd4113b8131a051b1a5b32.jpg,1
3262,14973,34509,train_data/4fba24343fb0411abee0908909e3072e.jpg,0
3263,17536,54389,train_data/a741b04d74ed4ae78ef8f41961e6b1db.jpg,0
3264,6139,20473,train_data/82512419dd324b6db4d2fa049c7516b7.jpg,0
3265,785,15713,train_data/3fcf58cc112546769a7d0795fe936bf5.jpg,0
3266,8036,17147,train_data/bb7e333392cc4c058c77b94d2c292308.jpg,0
3267,8315,10099,train_data/bf752abc40b14df8978f708f9179d251.jpg,0
3268,19471,67399,train_data/4351e6f9c3424bbdb9d067568e43c3d9.jpg,0
3269,2169,10290,train_data/fa5d0a56f91e4f2bb0fbdb1a38f2483d.jpg,1
3270,14138,59703,train_data/046ff3a280494fd997516f67b570bba3.jpg,0
3271,11826,37843,train_data/4b4bea89cbf2442aba6e04542c144890.jpg,0
3272,16346,16774,train_data/00c1fa67328d4eb1b1fe51026d707c3f.jpg,1
3273,6591,49300,train_data/eb979d755b0b477fa04d36f579135823.jpg,1
3274,4458,78461,train_data/ca137202637249fab7ed09332816afe3.jpg,0
3275,14325,47386,train_data/359336adeae648fe8b1ab81ca964da9b.jpg,1
3276,7597,20458,train_data/cf3a3ff8c31149499704909a88991c48.jpg,1
3277,9370,27054,train_data/823fa802f02d4034bb1c5fa137b52c09.jpg,1
3278,4652,1570,train_data/227fd1e7f7db4951b68e6fa4626f7136.jpg,1
3279,442,43771,train_data/214fd0997c5849188738f27f4c5da649.jpg,0
3280,9591,47648,train_data/c363254f52e34687af76d1f4e81c30ec.jpg,1
3281,18751,24171,train_data/0fc6cf0fbcd740c68b64c00459da913a.jpg,0
3282,17548,70186,train_data/ceaabb0178a747a3938b0c0bf9500808.jpg,1
3283,9649,8105,train_data/8470aa8150a749a9b57930db6e0c7655.jpg,0
3284,5744,61777,train_data/00db450dde2d4eed8eec0f30bd39e1ab.jpg,0
3285,15747,49022,train_data/138f2be500dd49b7adca5518db8e616d.jpg,1
3286,15845,5216,train_data/fe246308d28c42aa9f1aba6d6127cd00.jpg,1
3287,11951,76192,train_data/4f0eaa61001d4b11ad1f200fa722e651.jpg,1
3288,929,70072,train_data/52df15faf8fa478aac02962573c49cf1.jpg,1
3289,19871,38214,train_data/8261f52f0c9144418e1166b1204a5cf7.jpg,1
3290,8767,79305,train_data/ad7a6451575847e2892b77d00659853d.jpg,0
3291,11120,54747,train_data/835a155cf3af42e4a31fb20ec39e8cec.jpg,0
3292,14730,72312,train_data/331554fa71cc4e21b9c961e2fb230a03.jpg,1
3293,11738,9728,train_data/78fa1eba4b4348eaaa1281a439b44299.jpg,1
3294,13790,48479,train_data/7e17d8c58fb9451db38e32037432c2d1.jpg,0
3295,19101,47256,train_data/d8269158a98c437cb892cf400ebfc969.jpg,1
3296,2011,66875,train_data/8fd106dcb2ba4f75ae377365b4c8792e.jpg,0
3297,7611,51950,train_data/810bdc76719c4ddc97a3a2e64dabd247.jpg,1
3298,16028,13216,train_data/8eeca50df9d04fbd86e692d82bb3be82.jpg,1
3299,17595,3416,train_data/3626a54ce25b415d9b601d14aba8a146.jpg,1
3300,19793,38991,train_data/ab9dfa0a5994436285d494d97d88d861.jpg,0
3301,6564,56114,train_data/23cd968bebd04b0fb134a762bb3d8ea9.jpg,1
3302,18076,9922,train_data/0c2c5121ae084941bc8dfdfd78acccd5.jpg,1
3303,16390,32373,train_data/3c393c802e1748049d3b0d59f2eb77ad.jpg,0
3304,11172,58378,train_data/120a4263c7a743e2b4db5d7fd71fb234.jpg,1
3305,7835,2494,train_data/d9c8cdfa56de41e4a758cdd43eeb5f4b.jpg,1
3306,3361,71711,train_data/6c81ab00457d4cda90df1598e40e62a7.jpg,0
3307,12966,11372,train_data/bbc7e4e4232c4c5d9a81eb6c75d6c02e.jpg,1
3308,10135,64396,train_data/4d2fcd63c12d40328ab49ffb95c3c423.jpg,1
3309,1141,28303,train_data/d799a4c6c9674b5cb90517ffa3ebc641.jpg,0
3310,18602,4,train_data/5d81fa12bc3b4cea8c94a6700a477cf2.jpg,1
3311,18733,52659,train_data/e3aaa35c0e4245ddb984747b740d4a88.jpg,0
3312,15007,11384,train_data/319f53b027f8408a89524cfe0bdd0d60.jpg,1
3313,15434,66408,train_data/df6eb43f1d0d4a3b9496cff4d73c33c1.jpg,1
3314,16743,16935,train_data/c682b4eabd694b5ebf705e8be56e7661.jpg,0
3315,3134,15495,train_data/93fe9e0cc81d4b46bd9450e79bebc7fe.jpg,0
3316,6990,57856,train_data/fa1f55a96e40417394d78e58836218b3.jpg,1
3317,18214,36125,train_data/6fb14418972e42d1ac14b98ff116bee6.jpg,0
3318,1823,630,train_data/d4d9b3961a14438abcb06de3c5ba3957.jpg,1
3319,10081,36898,train_data/204c0087bb0b41c3b9b550344cc56072.jpg,1
3320,3259,12345,train_data/47217dfcde2749879704827ed3e269e4.jpg,0
3321,10213,49760,train_data/dac0876b55694b11b638e4864e8729a8.jpg,1
3322,4020,13291,train_data/035e37675cda4451ab2c3136bb8a4ba8.jpg,0
3323,18840,10280,train_data/7d4f25be93c843b98022b926a6874f80.jpg,1
3324,3500,54107,train_data/82638494b2764b698cf20e6c250fa5ff.jpg,0
3325,2658,64347,train_data/a8c9815fd84b4ecaa0a66db1cd221bd9.jpg,0
3326,13749,52229,train_data/a905b9f31e4044c68c4a6f3f09ca40a5.jpg,0
3327,10516,58050,train_data/d8d43dbd4946478f9873bbc29c29a9dd.jpg,1
3328,1819,56010,train_data/769347e03ac44a489b48a87af3097f55.jpg,1
3329,7461,9289,train_data/0af25353317e4bff92e47292f7f99523.jpg,0
3330,5624,71643,train_data/43c804e700e1455fb0420791ef69945a.jpg,0
3331,18424,73653,train_data/8bfcf04403f44fb0a4fc9a66dcd60914.jpg,0
3332,7064,74766,train_data/9f81a2320a5e48e5b0469887a64ba374.jpg,1
3333,9342,77094,train_data/89c871673a4e4296bd90bd040aa681f6.jpg,1
3334,12336,11115,train_data/7731a07ddd174f97ae0a0d1a003b56c3.jpg,0
3335,4669,72650,train_data/3a508fa381c248f0a770916de149d06f.jpg,1
3336,9428,18022,train_data/a726773fdfc943ed8d70e99082a25d5d.jpg,1
3337,5476,27010,train_data/f642b413f8f54ea79cd226bb39fb326a.jpg,1
3338,19836,60007,train_data/7ea24d5150694b6896a777f655b20083.jpg,0
3339,15670,35604,train_data/094492a01be24d239060bbf55aa378ce.jpg,1
3340,1856,62776,train_data/a85b34053077451aa062efc69eaaa2e5.jpg,1
3341,2282,6006,train_data/19d695e9da694afba5eb649f4c911df7.jpg,1
3342,13392,68676,train_data/d978d10c290545ffb36a7c3b39a84c6a.jpg,1
3343,6439,31502,train_data/d84ce1d8f9294c17826c5a49ddbedda8.jpg,1
3344,6031,61771,train_data/89b982167b504c40930479dafd357e93.jpg,0
3345,386,6264,train_data/4f06ec9494634996b657550799a7255b.jpg,1
3346,1628,40339,train_data/5e99a81f984c421790818f5e57342a81.jpg,0
3347,11777,53559,train_data/7530c8dc782845fdad3a0a58fef8adb1.jpg,0
3348,19346,52676,train_data/af28d201edf1444b9609fa991c724ca3.jpg,1
3349,13851,55988,train_data/86a52e53bf9b41dcb49d0847f40d535a.jpg,1
3350,7718,30275,train_data/1c585f0b2ce647ed8a1bf52a519fe7f8.jpg,0
3351,7544,2309,train_data/bdb5e46642a84e998c7e4fbdb2ae6c32.jpg,0
3352,11381,45068,train_data/239151383dfd4081b32859ec3cde8317.jpg,1
3353,4658,62736,train_data/93800a2bfd1d41e5bf98a3c56ef4ace9.jpg,1
3354,12497,3850,train_data/69ba4866da0c4ed8bc0391c61ddc362e.jpg,1
3355,9101,11607,train_data/56f22681955a411eacad53c0578ad837.jpg,0
3356,10058,1171,train_data/ce7cd083540e4cb9baa266e6f95b59dd.jpg,0
3357,1842,23228,train_data/8d00ded308c84224981b23e8952a0385.jpg,1
3358,16585,17599,train_data/48d29bfbf36f4ab6ac59b20ac7435b0f.jpg,0
3359,3868,2815,train_data/f4f8d6f04b43488d9f2e2d21b2f2cf83.jpg,0
3360,5054,28211,train_data/a2c7e53c6b6f42c180c268b1c1debb64.jpg,0
3361,5889,74372,train_data/202e86be691948ff80eadf89846a2908.jpg,1
3362,14376,48996,train_data/736d59655f7d46229712ab93a733131d.jpg,1
3363,19032,64567,train_data/56445bbb4f0341a9adc7c6881214786c.jpg,0
3364,16715,37248,train_data/6460387aba84486a9b16c58c9d142abe.jpg,1
3365,3808,41174,train_data/28476a38d73a4ad59a55474b760d4ebb.jpg,1
3366,18090,51053,train_data/4b7f3424a6514d98bafa595efec5497a.jpg,0
3367,935,41664,train_data/1fa658c1d9934ca795d83bee3cf6f306.jpg,1
3368,10651,29411,train_data/54be048d5c434545b9c1b0f61a89afa1.jpg,0
3369,1774,54119,train_data/1fdcbde41e814118bad8fe37a278c638.jpg,0
3370,17796,54433,train_data/e64081b325774eb28fe55d70e19b6e5a.jpg,0
3371,3744,49287,train_data/905f09966af04e51b2c987377d2e709f.jpg,0
3372,5443,12492,train_data/7ece2646ee7a47a8b8e8898ee726c4de.jpg,1
3373,18291,13976,train_data/ffef717708e0424fb524aab57b6bd55b.jpg,1
3374,13969,41386,train_data/c05f31f28c2247eeb8583672fce6c474.jpg,1
3375,1875,7625,train_data/33cea5c78c8a4cd5a48095070ae8fd42.jpg,0
3376,3760,60999,train_data/71db0e6f3117493ea3ed812cc841bc0c.jpg,0
3377,18705,17170,train_data/8b3b6a57f4274726921b43ad659eb499.jpg,1
3378,3052,31392,train_data/7fd792aa2d454a6b9258f404ea36089b.jpg,1
3379,13654,17348,train_data/1dc4d0089ab74b0eac57a3e1cc02066e.jpg,1
3380,13146,5031,train_data/1bdc76431f564df19d31420c2f1e407f.jpg,0
3381,18724,1584,train_data/57a1e8cb8c744f4da5afcfe48d25f13f.jpg,1
3382,4615,39657,train_data/f2f6cea603bd48b9a8accb27b2dd9258.jpg,0
3383,15812,54903,train_data/d29d47103c664a2f8661ff814ca9fda6.jpg,0
3384,3321,3056,train_data/fab5610c34654521931e7d6d3ef4f0ff.jpg,1
3385,18159,29539,train_data/4966c66425f44ce8bc1341b2f124295a.jpg,0
3386,3311,77696,train_data/d085ecfad4da497dbdff67ee1d5d2f37.jpg,1
3387,17683,46322,train_data/3e3fc44abcba4262b3bf3e3c3f7f15e9.jpg,1
3388,17613,71365,train_data/4165e01989624478973b8b835aed5ad1.jpg,0
3389,17788,29820,train_data/4813066062da4a34971f713a47e00d50.jpg,1
3390,12743,2975,train_data/bb9b138142af4550b8d7576acfa30214.jpg,0
3391,12871,13131,train_data/92ab0c84ac894d1cb873870609af7055.jpg,0
3392,11595,67845,train_data/d9e91714a5d846009253a657aa66713e.jpg,0
3393,8210,30073,train_data/a196573a217c445db6b9b81a31b540e3.jpg,0
3394,11431,28996,train_data/b754f055eea44949a05d912e42976c96.jpg,1
3395,16018,61661,train_data/2a1f458507644c6c8492e2857ee22259.jpg,0
3396,1517,18305,train_data/330509cad0d845478edc35b667320ced.jpg,0
3397,19027,45228,train_data/1594f0e8593a4fbbb61d607d7cfb1329.jpg,1
3398,4492,29878,train_data/c648dfbcc7ff4b58ab2491aed8c0b48c.jpg,1
3399,3112,52106,train_data/7454b0efa37e4be5b58cc0e88f9f9b98.jpg,1
3400,16566,33925,train_data/47273ec192084e37bf169d6fad6b716a.jpg,0
3401,16294,5007,train_data/0a7db6c007b745f095ee90afa47c624d.jpg,0
3402,11834,50012,train_data/187a8a3772f5453f9bd8f4c80950d179.jpg,1
3403,2866,33091,train_data/6744899553284baf8a749a3653a78219.jpg,0
3404,855,73559,train_data/6be192c5d1c34361beac687b8d8e08fa.jpg,0
3405,18402,33987,train_data/e0a1f9e75db647b99d34231eb4e8350b.jpg,0
3406,4912,42385,train_data/a302200d684145fb981d04672248f042.jpg,0
3407,13860,25055,train_data/0aa163f526064e34b9ede32b9628f22c.jpg,0
3408,5463,45553,train_data/765fc59c21cd4172810bacedefd0ff4a.jpg,0
3409,5482,70688,train_data/238df1c943144f66a9ac1714750ff16c.jpg,1
3410,12605,29406,train_data/873b9c29baaa436f9809488a34f965dd.jpg,1
3411,18289,67826,train_data/dbec208bd2544df68bcd0bd64ddef56d.jpg,1
3412,3828,36284,train_data/4ec85c54a2fb484e820883137247dcc3.jpg,1
3413,18082,10577,train_data/2ff7d1549b9d4f05bd37faacaf29fd98.jpg,0
3414,4697,75370,train_data/a2c53797400f4d858a95cb43a7114f0e.jpg,1
3415,15200,27622,train_data/b2acbb28591c496abb28052ab835da61.jpg,1
3416,4987,67433,train_data/830124abfbb641ed81187638a8f8723f.jpg,0
3417,4650,65951,train_data/04a9b895fd9448f8b08d84d69bc68892.jpg,0
3418,10288,76994,train_data/9effe6e5bc1c4b51b03ce4babbfa29c0.jpg,1
3419,6796,78542,train_data/04691a128e1b4760b61ff9eb9fc6e378.jpg,1
3420,5808,32183,train_data/c5f6d171b0d947c78138cfdafd90c101.jpg,0
3421,5410,21600,train_data/3b846f9df03741bfb9489b0a6dc5d446.jpg,1
3422,8333,39135,train_data/96efbba3d9ee4b999fce434ac7d9736a.jpg,0
3423,2800,7656,train_data/40f05d1ed7d5457db14ee63015e91104.jpg,1
3424,9836,46616,train_data/49004859612a4afbbbcf3985bb59044c.jpg,1
3425,10332,30305,train_data/baf59de9020b40fc9427562bbeb2dbee.jpg,0
3426,12728,47286,train_data/66be4204176d4ba6adc75b0b7b5b0633.jpg,1
3427,13778,43792,train_data/45bdc0fee5f744e5bf724447f82019c1.jpg,1
3428,7815,76956,train_data/29b7caf1d03b400dbe95e036529be47f.jpg,1
3429,4378,32072,train_data/fc7a638f371c47ac946398ed418299ca.jpg,1
3430,8921,49787,train_data/90c8afee362b47b3beb5382d74f9a266.jpg,0
3431,6716,50379,train_data/9ae97852640145d48e07189fc7cebd04.jpg,0
3432,2261,44319,train_data/24c70ba669074d659bdfc065a993b300.jpg,0
3433,7429,25461,train_data/f42c7752619847a1a53d5725617a2415.jpg,0
3434,9302,64697,train_data/c4cf08de80254eefa8537b22220ccb49.jpg,0
3435,19278,20226,train_data/16d4ff71e0b74feeb4f78a013c38c495.jpg,1
3436,11190,71985,train_data/cff43d8c124f4ac99874addf18d8ef6d.jpg,0
3437,2007,13557,train_data/4c1175be873a40bf955c7087ada7ea2a.jpg,0
3438,193,23029,train_data/fce9284dfd2b44e8a9b8cb509dfeb217.jpg,0
3439,13803,31719,train_data/f9a93dbc334c46d5affa9a7c2fdec319.jpg,0
3440,18903,39295,train_data/3731e037500849d48c185a7127f80823.jpg,0
3441,8770,8022,train_data/75d7dd97067d44d0abb07e98fea9a8d6.jpg,1
3442,16300,71953,train_data/57425da73a464c10984c77d2af0b5447.jpg,0
3443,771,66969,train_data/296ce27577454d5bb923bd3350ab5739.jpg,0
3444,10587,25624,train_data/f56c80a131cb4c728551b4ffd8aa62cc.jpg,1
3445,12466,78250,train_data/2abfcf4214e741fd9e55f5a1483ba700.jpg,1
3446,17926,1400,train_data/cda6ec10a4164fe2b62b08ac2e799ab0.jpg,1
3447,14868,35945,train_data/29c906e4a2154c57934d9a76423d83b6.jpg,0
3448,14567,31114,train_data/1b6d51b97911429db6e6023ec9c767eb.jpg,1
3449,16789,23495,train_data/47336d1fe2ac455b9421627d938145d2.jpg,0
3450,19713,52922,train_data/fda4b70787e9410a82a5447e4b8da10b.jpg,1
3451,10088,12622,train_data/4a117163f6824795b54ff27ee666bf57.jpg,1
3452,16910,40687,train_data/c3a0ff478acf486f9676ac5fb0c3ce27.jpg,0
3453,6317,9354,train_data/5c9e5736060a40fb845726d6a874ea43.jpg,1
3454,11851,27699,train_data/b03bb37f6c7449c3b64a17323bf8873e.jpg,0
3455,6581,24965,train_data/098d0f1936584c9fb392c405a462059e.jpg,0
3456,1447,30582,train_data/a453445bc92f40d59f805a729eb658de.jpg,1
3457,342,53589,train_data/0965c04ba585495185d625fdc389971c.jpg,0
3458,13319,33994,train_data/2df0b6d3e979439bb5cbe95addafc785.jpg,1
3459,11328,16986,train_data/a4d8f47ca73548c1b0580aaeeac433bc.jpg,1
3460,17111,70433,train_data/f72505a4c39c4d7782d005042e445a02.jpg,0
3461,9168,29618,train_data/b1897602644a4116a36819d8b6f89bfe.jpg,1
3462,19036,65064,train_data/c0998dd22c4142289dd6ddf915599756.jpg,1
3463,7368,63493,train_data/57c69e12caf143d3be85df7d2ec176b1.jpg,0
3464,2044,53217,train_data/548a16a6c8614c12887921f9b958ce95.jpg,0
3465,7156,63813,train_data/1007547dc18e49fa8db46556ba45ce2a.jpg,0
3466,16288,49972,train_data/19bc10037315434d94fa279a0b377790.jpg,1
3467,7851,32120,train_data/1b33d04e78bf4593987dc72e406a4d2b.jpg,1
3468,10178,5256,train_data/a891163c3e9d4bf4953072b52b67eff8.jpg,1
3469,12132,6598,train_data/09eebe2502dc47fe88174f25d0b1edc2.jpg,1
3470,13615,33544,train_data/8de067924cb547c0b93cf4a4a7b19a1e.jpg,1
3471,17044,74167,train_data/1da8ae8a47964338aea12c80add2437a.jpg,0
3472,1492,24424,train_data/4c74b136c3be4fc381ad85940bb5a94a.jpg,1
3473,778,75631,train_data/95cc47ca6caa4c11b01320984d38c08b.jpg,0
3474,9885,46373,train_data/ebecfd6dede64e919851f25721262df7.jpg,0
3475,9277,34465,train_data/b5bab8ed776843a788f42d1b8e373f66.jpg,0
3476,2524,58477,train_data/41fcfcf6c84c4c5d9057dae5c2218a64.jpg,0
3477,5374,22212,train_data/a90ab6f871b448d48100d2dc780c2ce7.jpg,1
3478,19110,22515,train_data/1ac16e06384f4ccabe984f0114608781.jpg,0
3479,16232,79632,train_data/ea839fb1f4fd49f8b88e5e65da3e36f8.jpg,1
3480,14849,13399,train_data/50093855f67545a7a5835b4a639e35bd.jpg,0
3481,17371,43482,train_data/a04151a3d6454b1a90000db351499a26.jpg,1
3482,8259,35678,train_data/be25248710f34827871c3bd33501f133.jpg,1
3483,17968,22067,train_data/38e750cb72154a668e799c6b47b6d04e.jpg,0
3484,40,73394,train_data/e5523e760b22421d9b41000e0c195cb4.jpg,1
3485,11240,41404,train_data/e66cacb144d54089ae887340b1b1096e.jpg,1
3486,18702,31816,train_data/6825168648ff4fe090669ec2c8dda42d.jpg,1
3487,14424,68922,train_data/770224dc15d646f8ab22396da7e2e187.jpg,1
3488,11639,6267,train_data/5f457441639b496b82f23459976ca547.jpg,0
3489,6816,21591,train_data/1424f991d5e740b3bc2023d7d5a933db.jpg,0
3490,19472,15004,train_data/b06379acc823493380401a35efa1a5d6.jpg,1
3491,18092,60906,train_data/d7068ee8dbaf42b9b6fe241e595ff0ea.jpg,1
3492,10704,53383,train_data/2615dd85974b4f04a9c308ee40c18aff.jpg,0
3493,14140,62243,train_data/e3410c21a13d494682ad0f895a46a279.jpg,0
3494,1460,2605,train_data/b04f7c571ecf4b369733780b925adb20.jpg,0
3495,18565,7555,train_data/b24cb82f721d4f5c8f6120e0bdcd6810.jpg,0
3496,4493,17712,train_data/94050c6461eb4eca8ed9ae347329231a.jpg,1
3497,13074,43112,train_data/d3c5c62828c347a68401fe83cd4e550b.jpg,1
3498,13686,6465,train_data/a21606c5f3374e0fab20f97997eeb04e.jpg,0
3499,13947,21688,train_data/9af9814b8c5446f4b405d53b05ef5c58.jpg,1
3500,11002,1685,train_data/064c391ecf8640c6bc322d10cc9e62ae.jpg,0
3501,15432,7720,train_data/7af7f18507c647ad812c0815f4388e44.jpg,1
3502,7230,34322,train_data/f5047f6ea5a14807afb3c05251fd1403.jpg,1
3503,15686,75154,train_data/cf26351b7d2141e3bba4c9ef99a2ded4.jpg,1
3504,10412,68799,train_data/015731e9648b4018aaa1a50f3dd79a39.jpg,0
3505,5075,30553,train_data/a098dc19658b4fa58d55fa1722ca9476.jpg,0
3506,9641,56170,train_data/dd2e20093f8e4bbda4859e7f6f66bea7.jpg,1
3507,18423,31496,train_data/4abff18490774378a8c8014cc751253f.jpg,1
3508,4088,56330,train_data/a0a2f3732cab4c309fa942c305616cf6.jpg,1
3509,18813,33515,train_data/1b7a9c767ad0414e8b75ca8460fdc525.jpg,0
3510,14949,32932,train_data/8b5d5e5644664e9fa061680acd032463.jpg,1
3511,4249,47687,train_data/71e9203d74874f63ada54b47cb52e1b0.jpg,0
3512,16807,27457,train_data/4bdc99dc65da4885ac4e67d6cb629bab.jpg,0
3513,19294,10724,train_data/4adee8d678764e30b6204152744c409e.jpg,1
3514,10096,46262,train_data/743f0d03ea91487c852f098ac90bcf25.jpg,1
3515,19512,52257,train_data/b3410bc75a55437bbe1bcf1f47de4e73.jpg,0
3516,12109,16735,train_data/b54b0b92ffae4291a5a174d7e7ca4bb1.jpg,0
3517,6142,26345,train_data/c345d69942954b5d8c5da8efa99758c8.jpg,0
3518,5661,1430,train_data/a8efd44d87914f7ca2a601c9b6f8b4f9.jpg,1
3519,13970,77353,train_data/0163a88ff17b4ec980b513b2e2abb0e0.jpg,0
3520,15037,44635,train_data/406ae9c379e446f090f0dc70f7f91e27.jpg,0
3521,9031,24593,train_data/945bf602c56a4984860dd7c5ad8cebbb.jpg,0
3522,2659,17860,train_data/a49a3aac1dd44dada7b05e1d410a2630.jpg,1
3523,141,26778,train_data/5697c515f15042a2901e2ecc50f6dcd1.jpg,1
3524,2597,124,train_data/4ce93b8efdee41c5a19d7478e63d0862.jpg,1
3525,6701,27741,train_data/450ec24d98a44656a7e1a09ef2004f55.jpg,0
3526,15223,72528,train_data/80185633583f431b99315d2885c4e699.jpg,1
3527,19889,32318,train_data/bdbc5efa58b54c4c84dd34191b5a8aab.jpg,1
3528,7418,56924,train_data/3d795a685586401a9a92306f3e3cb060.jpg,1
3529,10449,26101,train_data/97367b8ec4ca4f37aacb05c792fbe220.jpg,0
3530,12130,29256,train_data/faa53b3d6d2c44cca1b0b07eeb8c938f.jpg,1
3531,17960,71788,train_data/90a2a802c02a464dbd21f4ae95085ddb.jpg,1
3532,16843,5598,train_data/44a85a00234a4508a167cccee7b7b688.jpg,1
3533,16013,27107,train_data/8b5ec35f0dcd4ad8bf075e636344a07d.jpg,0
3534,8179,14948,train_data/d7d87e6587e043a1a3a355a0a3d79e39.jpg,1
3535,11565,46911,train_data/63e5af9396c945a78e978316d2cddcc4.jpg,0
3536,17332,76327,train_data/97fde57cb4884eaebdef8d2f1c16b112.jpg,0
3537,9528,30376,train_data/26ba70f7f4d44ecd85b8a1fb948629c2.jpg,1
3538,6370,28951,train_data/2ac2cb4af74547198338f6b62709f808.jpg,0
3539,4628,67490,train_data/152e781ca7e14ee8bab615cfed8ce75c.jpg,1
3540,14478,59082,train_data/90b4c9e902aa46f293dc29e9a54dd94c.jpg,1
3541,441,35412,train_data/39fb481f25664a6a98dcb1c213f6205e.jpg,1
3542,9794,354,train_data/91b4971889964bd4aa1bd03f34179640.jpg,1
3543,9046,50792,train_data/eed0be4c4a0745aba2f9c8863e8c1903.jpg,1
3544,3830,5771,train_data/bbc2db072eba4ecbadcbf11454c01fa4.jpg,0
3545,19057,44128,train_data/3c4a7bb0b6c2457984340f81fac31b0a.jpg,1
3546,6344,24185,train_data/60759f1a2e3b4442bbab27aafd554212.jpg,0
3547,18246,66956,train_data/d1e9a3fc61df403c9c0f27450928009d.jpg,1
3548,1958,4293,train_data/02b20d99ff4d49dd81321ffbc6f274c3.jpg,0
3549,155,379,train_data/ac6b0945c5f94276a1d03882b66e4dd6.jpg,0
3550,10487,59809,train_data/3f83bea25ea4446cae9e66ceb82e2891.jpg,0
3551,18506,40817,train_data/54a9b4f0161c4a06a1b78d523582d667.jpg,0
3552,4578,58615,train_data/5dae4cd5121a40d1a68f21400624ba1f.jpg,0
3553,1089,31203,train_data/97b117bf44f8404fa5a4637b40bf0922.jpg,0
3554,12576,28888,train_data/166d9dd1de7841de86d37f595fcc3744.jpg,1
3555,9122,17236,train_data/5fcecc64cd6a4e8f96b7debaa794e8f5.jpg,1
3556,7950,37108,train_data/bacd6b21c26346cd924e1ccc7b27c5f2.jpg,1
3557,11101,56384,train_data/c4af0e57a5d84bedb5400e17e3080adf.jpg,1
3558,18345,9410,train_data/1bd7ba997aea4c99b26c6e6f97a3f837.jpg,1
3559,6416,64067,train_data/95cd224a55ca4239b4de7b178e70e9b3.jpg,0
3560,16021,69840,train_data/c5d78179bd5e43dca8682ded086f1ff1.jpg,1
3561,9087,49372,train_data/e0422fea7ffa4c579157ba167af58a95.jpg,1
3562,11439,12001,train_data/478e3b57ab6a4d4289432c3f60815194.jpg,0
3563,7096,71913,train_data/f30c5ff4cd75428ca7c4bde4d2116b73.jpg,0
3564,1098,34467,train_data/2d90678ed4b14154a13429f490f0ed26.jpg,0
3565,5433,9158,train_data/08a38ee109a94ebc8336b7c37ab5d2f8.jpg,1
3566,13230,3283,train_data/47ece8fb19f142b1acb30a3ac965ae5e.jpg,0
3567,6450,21489,train_data/c31d05905af249388604f1e8eb1ed27f.jpg,0
3568,12328,8708,train_data/44281bcbb92a4557958111da25f885b6.jpg,1
3569,10785,75297,train_data/0d30ec0a3b484456aa14f2db3ee2913e.jpg,0
3570,3348,38980,train_data/006059dfaf0e40549ca1a6a49dedf7ea.jpg,1
3571,4079,79393,train_data/bf01e9d9a1624b7bbe1dbfff7b44d10a.jpg,0
3572,9177,42062,train_data/2f715035b943495eb2730f647bdae036.jpg,1
3573,19371,23844,train_data/7452103a5b13444faa4c85dba13a0e9d.jpg,1
3574,587,56267,train_data/81b9431677ab45398d3e713badf5545d.jpg,0
3575,9346,59760,train_data/90d8b97395e74c0281e07722bf9d78cb.jpg,1
3576,13269,55049,train_data/17988427915240ab8c33aabe6f2c2e37.jpg,0
3577,13537,31183,train_data/7dca5dd3f57a4d509bd1d1daaeba6e0c.jpg,0
3578,17804,47781,train_data/f2f8b2efed0a45088f53cda7881ee03a.jpg,0
3579,10964,13876,train_data/0b0a390db2a34763a977ce01edceaa5c.jpg,1
3580,13675,66547,train_data/60fc9115aae8478f84688a274b4f9c59.jpg,0
3581,16299,45393,train_data/a004a7728497410b9785595b7a91312f.jpg,0
3582,645,75755,train_data/dd8db435cc8344da8c00cbbcb4d87c49.jpg,0
3583,11749,32005,train_data/c5780abdd06e47caa70b69dd34a7dc7e.jpg,0
3584,9587,68255,train_data/1ffe98fa91b54d3cab496bcf60d83557.jpg,0
3585,16648,56404,train_data/20a37092ec0a4016b5b0680426e8f48c.jpg,1
3586,11739,23000,train_data/690bde108d2840dab046eb72e685fa0c.jpg,1
3587,15036,10186,train_data/4a4d167a888b44ec987f0093daab2fe7.jpg,1
3588,226,3882,train_data/c7dbce75778c4176b7e065ae563eb31a.jpg,1
3589,3864,39628,train_data/2ea95b1b9c304613b8e1a585ab460c8c.jpg,1
3590,10592,16370,train_data/b93032ebe37841c889ff23495782233b.jpg,1
3591,18683,9208,train_data/2a8117012aeb4740b78cb19b9a536c6d.jpg,1
3592,19810,79692,train_data/b467ca9567274ab882d6b6381cd1c33d.jpg,1
3593,16154,5894,train_data/4ebf6e9d349d49119dd154eeebe021d0.jpg,1
3594,8438,50865,train_data/b6dbfa3683a944b5a129755c420a21f6.jpg,0
3595,1529,12088,train_data/991e6066055148dab3c9d0862af4d880.jpg,1
3596,18146,61532,train_data/243dd24eabdf4898a96ad989f176301b.jpg,1
3597,923,21217,train_data/e75e1b7d8bfb4c4da2ad54913e33ca1d.jpg,0
3598,17765,11259,train_data/0cff711ca3f345598a1043df4bce524f.jpg,0
3599,17053,19428,train_data/be8c8ee5a71c41b3af4d00e6ff9097c5.jpg,1
3600,10102,12950,train_data/e2256e51d3eb4ca18dad3a5a2ac3b22b.jpg,1
3601,7183,13474,train_data/89b1676457e045caa232953649b86803.jpg,1
3602,12150,74135,train_data/3e9a9fe84a0c4ae0959ec8a8d8f1030d.jpg,0
3603,18933,47103,train_data/edb2b55b3cf94710b024e49e8b00ed08.jpg,0
3604,2591,16528,train_data/9d9a438669ee49a1893b497f42394eed.jpg,1
3605,5906,29007,train_data/7663610571f64a5490a0ad5f79d2d021.jpg,0
3606,11205,74832,train_data/8740c95741af43559ab5cbeb39dea5de.jpg,1
3607,7133,26675,train_data/7ad43eaee43a4994948e24f2bec2ecea.jpg,0
3608,2307,10572,train_data/26e672b80d574a5fadd95417fd34d50e.jpg,1
3609,17071,74699,train_data/5de0790d06f54fa8a6b8f732fe8031f0.jpg,0
3610,14203,56320,train_data/8defb01ea41c4b5990c5452235a417f5.jpg,1
3611,612,8533,train_data/49d17e505c9a457fac15dfe92202bd5b.jpg,0
3612,11168,28762,train_data/7f176fd8ede146ba80cf9dd787ad7178.jpg,1
3613,6629,77617,train_data/26c752baf73f4d08bb1e19511536a93c.jpg,0
3614,4135,42447,train_data/af3c4429388d42288324082a07dbfb59.jpg,0
3615,1898,34185,train_data/ee1e946684e641daa20d5ce5d0de815d.jpg,0
3616,13937,29026,train_data/c51054e8548d4fa3a6cda63728ceb515.jpg,1
3617,282,63876,train_data/f316c64e65df48e3aed5abd92d82694d.jpg,1
3618,258,9403,train_data/ae176819546449a2b638486fce404293.jpg,0
3619,11116,75954,train_data/c3bc518aedbb4b5fabdea935f9b4c5d0.jpg,1
3620,19448,11835,train_data/f349d5e2bfb64199bce67c5faaad03e1.jpg,0
3621,4943,78540,train_data/6d1b1a4e4dc94cdfa89f2dde667199a0.jpg,1
3622,14721,76113,train_data/70883d2a12f9471bb58b8b3da19cd4ad.jpg,0
3623,11531,314,train_data/9c77a979b2284c2bb875c05f8601264c.jpg,1
3624,6971,13132,train_data/2902065edf6641b38da6efecfaee6fe7.jpg,1
3625,14889,21273,train_data/f689c08c960447c39a11d67b188cab15.jpg,0
3626,13521,19285,train_data/80d1314bf895426399babe6b8941ad46.jpg,0
3627,5223,23370,train_data/0ae8df1053424274951303444b0c8c48.jpg,1
3628,2285,72798,train_data/beebb45f7a9f400fa12581077cef5d19.jpg,1
3629,8078,14701,train_data/6a769f522c1c49b79aed8359ec577b61.jpg,0
3630,6710,31844,train_data/e71f6053a0b14f04b13585cdd9f8be10.jpg,1
3631,19350,29555,train_data/9257967ff91f4b738fbee8e12e09714b.jpg,0
3632,10403,45144,train_data/bf8ec0ead021462296c4b0a389fe74da.jpg,1
3633,475,78749,train_data/5d8b88b28c9b4b818378f2181ee514e6.jpg,0
3634,16391,32178,train_data/7063033afff44159a74965b2533b7e91.jpg,1
3635,6411,65757,train_data/9015f86739f14305a29207a623b06de0.jpg,0
3636,2551,71822,train_data/80ef4e777c1c4a8dada942ace07b9914.jpg,1
3637,6852,43404,train_data/f33b7b88668c4ed494503f675036226f.jpg,1
3638,5546,28462,train_data/3f5704c5aabf400b965b6d2f6fd1ed25.jpg,1
3639,13489,45164,train_data/fe86a4ab738942ed8e1a7f92c68ee288.jpg,1
3640,19848,5194,train_data/4e42c159a9c34661bc6dd30f03a29faf.jpg,1
3641,9203,19181,train_data/4462ece4f1c04c07a5495577dd6cc0ae.jpg,0
3642,10183,67500,train_data/fdd2698beaa14855b70e27ff68ca658d.jpg,1
3643,13565,44744,train_data/f480e3ec1c1d4e9792f80868e68fa82a.jpg,1
3644,16280,56263,train_data/a7911f7872df4defa14158d013bbc9ae.jpg,0
3645,18389,47174,train_data/36a665a17c9146eb8e6379022e4823d5.jpg,1
3646,7193,42188,train_data/298ff0e04a5b4148ac365cc9034fca41.jpg,1
3647,6823,12307,train_data/9ce41f45035240568f9a7992717febcf.jpg,0
3648,19275,67366,train_data/d22e144d14c9447dadbdecab3f107548.jpg,1
3649,781,62631,train_data/e21dd05ce7d0423588ab09d236808ce3.jpg,0
3650,14939,67226,train_data/4f7871c5534d40b5a1116134992141dc.jpg,1
3651,10983,50850,train_data/f9d62bb42aba438d95b6c10b57c6535f.jpg,1
3652,6519,22832,train_data/49fb31b9b3834443bb76bd3ec8c6dff7.jpg,1
3653,5774,22095,train_data/ea3a4b685df9449b9aad0d199226f56d.jpg,0
3654,13171,54361,train_data/97e46edb4ed34faca6d101a6bfea45b5.jpg,0
3655,9283,20164,train_data/784bcad77e4e44d58016d3249bee92ab.jpg,1
3656,9369,12038,train_data/b43c0403835149dfb35906cb72b6a38c.jpg,1
3657,19168,75245,train_data/0dd80e23a78044678fa5c2dba1ea7a74.jpg,0
3658,10271,66599,train_data/72581c6ddb694e61a711c556124ecc2b.jpg,0
3659,5055,34167,train_data/bafc32d955b0443e9a5ae84e16ce30e9.jpg,0
3660,10800,9298,train_data/628e2bc659474acc9bd0ec4f752f5700.jpg,1
3661,19018,1289,train_data/693f8a7e84cf4c88b3fb1be9312546b7.jpg,0
3662,1727,15742,train_data/b573ea4f391b44ca8d57405b9ffcaf64.jpg,1
3663,16994,16810,train_data/db07485ef2044c5c891e9b7e64c62416.jpg,1
3664,16009,8603,train_data/9d145ef06e1f4cc98677195cd36044ae.jpg,0
3665,4666,14283,train_data/3a4f9a52f8d1439c91ffbaa2035a789a.jpg,0
3666,8535,44798,train_data/b648fb2d8b5c4a41a53a3676ab0bce4b.jpg,1
3667,3750,66919,train_data/dc96922ece154e7892b75a2cdc14f617.jpg,0
3668,12924,74037,train_data/5115c8dd47e14303a6979fdc1df7f726.jpg,0
3669,12722,532,train_data/668a7f0662c344cd8b5f51871ae081ec.jpg,1
3670,11407,49702,train_data/5b1df452694d491eacee440bcba237c1.jpg,1
3671,97,57686,train_data/69759c9c089a4f37bf25fc28287ff175.jpg,1
3672,3137,12847,train_data/a34c9f9f314942059ef50b597bdc1c94.jpg,0
3673,13368,76359,train_data/f07e8721d75f42bdbef59834f3a4cf97.jpg,0
3674,14357,7862,train_data/f8eae16dc21446b1a3ac503c821e77d6.jpg,1
3675,13140,51691,train_data/443a384120ab4be0975316566850ecdc.jpg,0
3676,15177,7142,train_data/2a7df9d732f248b9a0d65a33345f5957.jpg,1
3677,3648,33838,train_data/560695252338430180a35491cfbab316.jpg,1
3678,10849,33862,train_data/9f41b66f5f1b41aab1d6d9c000619e39.jpg,1
3679,17766,18925,train_data/9fe72d6626164c60b24dcc153c12b6d3.jpg,0
3680,1633,21161,train_data/f29122390ff545a29ad38efaae4d0b7e.jpg,0
3681,12464,41131,train_data/8dabee545b284f618b75bfecc9841ccb.jpg,0
3682,11861,63974,train_data/7add938ef14d4a16994724b89f785159.jpg,1
3683,19740,15301,train_data/ddf2a571102e4d0397de8f3f006ebadd.jpg,0
3684,6171,27184,train_data/22ab55d3cf5c4cc6a396ac307e31f5fa.jpg,1
3685,7521,64369,train_data/c674624137604ec098bfbf45e974c929.jpg,0
3686,572,53759,train_data/ab514ee026d941a3aa8113c1d97e3602.jpg,0
3687,9879,481,train_data/f43e9bed5d4c4d8aac32ed0c655662c1.jpg,0
3688,19081,3933,train_data/c9fe852f36fc49d99e8315370e04b382.jpg,0
3689,597,51285,train_data/87da45ba6edd4f6584c1dd428fb1451c.jpg,0
3690,15352,1386,train_data/af6d00561c714f08a34745ab517c363d.jpg,1
3691,7345,66516,train_data/ffda5d5b54364c53a7fbab3f21d8f115.jpg,1
3692,6304,10713,train_data/fde18745384b4c299714fa4021b99f88.jpg,0
3693,19459,6919,train_data/8f0f53d3a01348f9b3a275377870e981.jpg,0
3694,16376,53178,train_data/06f5ec83652048998e895ac363daaa35.jpg,1
3695,18102,13151,train_data/51cb49a4b82d44b2a23a0cd7eb595f6f.jpg,0
3696,1753,35106,train_data/3b5637be17cd4d74bff341ee24deced1.jpg,1
3697,5432,33605,train_data/a94e59a84b124b38b71d6ce78953c2ac.jpg,0
3698,13183,40337,train_data/94eb5f3f2e124525a7416949894b133f.jpg,0
3699,17801,23034,train_data/efa57597f17a4630a73c144ac124e769.jpg,1
3700,19478,25810,train_data/20ab9b3f81f845a6854a77737b231620.jpg,1
3701,11929,27803,train_data/7a9726aa880d445fbffd0dd76712422b.jpg,0
3702,18547,29964,train_data/572c8f89464748b8936017ce0b8bc6e9.jpg,1
3703,9135,76926,train_data/d5807c9f3c60466085175e98e230d0af.jpg,1
3704,18808,66191,train_data/f4cb94e8168144c58ac81e11bc0aed22.jpg,0
3705,1171,11903,train_data/4d35697b94524ebaaf1b2273018de160.jpg,0
3706,15562,28467,train_data/040d467226c641b9a04b6deccfbc6df6.jpg,0
3707,7927,12074,train_data/214c2c9f63524f039a89a0471686fb18.jpg,1
3708,19289,48237,train_data/71c6ad0f00fc4b9f88d309e7d3884746.jpg,0
3709,18926,53320,train_data/25177150e3bc479aad248f9473b2f10a.jpg,1
3710,19562,29914,train_data/1cd80e502b244b6d8a62115e2cb25eb2.jpg,1
3711,19379,73811,train_data/bc65dbd7437142238ac4b81aebd5a25d.jpg,0
3712,14531,60190,train_data/ab4c0a085e4e45c1adc8029a3dbf92ad.jpg,1
3713,15892,48668,train_data/dbf9b3af79b04f239b02c19fe9aee543.jpg,1
3714,19177,47827,train_data/99e700c024e144a6b38d45c98735658c.jpg,0
3715,17258,18433,train_data/554558cd66eb422084c9d0a6ade43659.jpg,0
3716,19326,42187,train_data/002de5119a454775af944cf8606fbe4f.jpg,0
3717,2643,28361,train_data/e091d381f14d418e8cc29d90ba3ee155.jpg,0
3718,5347,2971,train_data/1723481dec3c4afeae070c46437572e2.jpg,0
3719,9032,13542,train_data/df92c85e8cf4405eaedf1de566f06445.jpg,1
3720,16965,32520,train_data/8a2b2dfce5334e84a137ea1586bbba14.jpg,1
3721,204,56976,train_data/3384d4512a2b4a0a94bbab2c48cbef3a.jpg,1
3722,7896,28075,train_data/31883253a8cb41b4955ca5440478ebb9.jpg,0
3723,9833,30862,train_data/f9a241864ef94887bf4fb0e32f9e9b6c.jpg,1
3724,2014,3269,train_data/816e521aef1b4825bdb2da48f3736ea7.jpg,0
3725,17289,12961,train_data/c8c2ed5495724c4d8b5575af8a474ed2.jpg,0
3726,17015,40253,train_data/d689543d44c243a7b8b7f50258478598.jpg,0
3727,8461,66884,train_data/f43037eff3dd4f868c300b5f9e6ddeef.jpg,1
3728,1974,31185,train_data/749ba595a04a4f66ab08a0cea4e291a6.jpg,0
3729,162,8817,train_data/a9766172a05e4f78bbec8e021bd3533e.jpg,0
3730,4998,67636,train_data/c77c02fe939b4c10bc26e7cd3cdfcac1.jpg,1
3731,18188,21328,train_data/853f8ff868254611af2b65b11352fd52.jpg,1
3732,9557,66841,train_data/d8a68b9c26474fb396a47719b1df3ffe.jpg,0
3733,4713,8388,train_data/b632157e90414f109813abbcabd92350.jpg,1
3734,9067,17093,train_data/5a632246dc404eeca12bd332d9918f5a.jpg,0
3735,1431,38884,train_data/629f732a61b34326ba306a4d4b6f1ece.jpg,1
3736,15261,6824,train_data/21cd867b4f754b9baf3243fffaa9b6f9.jpg,1
3737,12835,26642,train_data/fd76edd0c3b444b684511f97ecb8e4e3.jpg,1
3738,13975,52244,train_data/bfe1127bbc4b4dffb9f5f454d8f0479b.jpg,1
3739,19147,56651,train_data/4f023f4f40ee4d53860a2615b840940e.jpg,0
3740,7710,36475,train_data/0e44ab99eb3349e29726e64a347b7d89.jpg,0
3741,7736,43544,train_data/76c9eb91cdc84b57a7f55516cdde8868.jpg,1
3742,4283,17730,train_data/32e2e6eebfb943f59e08dda5208a4a46.jpg,1
3743,7531,49667,train_data/70626837b77e472a82ac536afc30bb42.jpg,0
3744,14139,31882,train_data/1b78eecae7054a13a826385768786254.jpg,1
3745,17069,37933,train_data/7ad3b46a70cb4b4595c67c01c257a259.jpg,0
3746,13493,16242,train_data/c8a7db0385e14c93a9e18af00b96f920.jpg,1
3747,10053,68208,train_data/b68eda13039040f08c77eaad678ad2d8.jpg,1
3748,10851,9129,train_data/713bc208a4314d0a900656476a247dd8.jpg,0
3749,3384,1221,train_data/b5836203190e401682e6f825738c6de0.jpg,0
3750,2839,34109,train_data/40b93622272b4bab8a4a6d4473e6f0fe.jpg,0
3751,19304,14180,train_data/a6c570c16f224be586106c2dde983e1f.jpg,1
3752,15078,74439,train_data/397340bd2f13453d846fc93202c35601.jpg,0
3753,15941,56038,train_data/b9d691f91fde4d4ca2c1c491bfd4c4c8.jpg,1
3754,10595,53293,train_data/089c9dfb721d414b82cf50cea3f6f85e.jpg,0
3755,15433,71593,train_data/0615239faf374f73808e97a1b09cb82b.jpg,0
3756,2096,50392,train_data/86c529fc5c4d4a8b91e65db3f8a55179.jpg,1
3757,10195,61077,train_data/c81e667dd9a64b7e803b279e9c073799.jpg,0
3758,7999,14536,train_data/619706fbb84e49aeb68ea08fda5799ba.jpg,1
3759,18644,8728,train_data/d9963850774c4f46a0ed4cfe76345bda.jpg,1
3760,5017,57163,train_data/b3cd72b69e5d44bc9bfc69bdb342966e.jpg,0
3761,2757,56002,train_data/e01a5ecfeab148f5b1f25ceb2c453cc4.jpg,1
3762,6397,49342,train_data/f806c52eef134a9c9d6dbf1630f6a713.jpg,1
3763,10077,40668,train_data/065468d648984c89810db07b35f513ab.jpg,1
3764,13930,31997,train_data/28f1b7a05cdc4fca9b6f8ec96b423b62.jpg,0
3765,14082,26450,train_data/48e1c96f6f5a440c9b2af3db774c15ab.jpg,1
3766,2097,73417,train_data/03852ac06b0646679f5c1e482ac97dc4.jpg,0
3767,8329,24426,train_data/1ec64d9eb460494abb442867a9382ee8.jpg,1
3768,9028,5924,train_data/fa01463d4b634299a476f4d807ec9bda.jpg,1
3769,3471,22913,train_data/98079addf5ff4facbea4d9b82c851ea0.jpg,0
3770,12889,58779,train_data/7ea39dba8a154559b635d92e2652e84d.jpg,0
3771,14472,27239,train_data/ebcca98b32014da9813f17e45565374f.jpg,0
3772,16230,60340,train_data/d40ebd69154348d181bab27bd9dab290.jpg,1
3773,1733,49034,train_data/15d3f888eea94e01b1022deba4f6caf9.jpg,1
3774,19799,8121,train_data/525aa21deb654fe294a23c5a4488070a.jpg,0
3775,1283,42567,train_data/50ee169c02d649eeaed8b7ec5c6c4127.jpg,0
3776,12485,34050,train_data/84c7ed0141fe41279ba150089a014798.jpg,1
3777,12448,37928,train_data/5d807fa8cdfb4200ba02d102f53d6b22.jpg,1
3778,10028,15460,train_data/6b25d83d84114ed3bf4544306faec161.jpg,1
3779,1019,454,train_data/e2b09bd2b6f44cb89b24bd0d4d0570ee.jpg,1
3780,16184,22199,train_data/12f8850f66974ab88b30dd2c49c52d71.jpg,0
3781,18467,30662,train_data/90ae0b842d1b463486ea226e84c1ae49.jpg,1
3782,9518,56631,train_data/4bc3b3d1d8e4435da178c1abb20361a8.jpg,0
3783,17520,29918,train_data/bb7321ac3ab34b3ebb05c6592b573448.jpg,1
3784,1651,2083,train_data/447a57657f7b47d286663ee6451804ad.jpg,0
3785,830,3272,train_data/fccb7b3d8fa746fb99d796d7b7f67cfb.jpg,1
3786,1169,14527,train_data/e3461bf1b7db4a128b7eced4952b075a.jpg,0
3787,10720,8931,train_data/0f008bcbba544e25a08c9e0e53fdc8f6.jpg,0
3788,6256,6481,train_data/6f99d62cb31f4a73b1ec3183c908dea4.jpg,0
3789,5469,3050,train_data/b496bb6fea3a47efb8308ab2bbfbe39d.jpg,1
3790,16044,77281,train_data/099c576047c34141a65733f6dc7a7569.jpg,0
3791,10258,34990,train_data/289f07ef8ee445b9ab350df7c4c62c08.jpg,1
3792,16063,33802,train_data/04a85c28618b4025ae0ce4aca22f2b99.jpg,1
3793,17251,55094,train_data/a57b5a3d3c2b44c1ba195174bb9fd985.jpg,1
3794,11166,3944,train_data/2d5eec869adf4f2f8d1b006e46ae925d.jpg,1
3795,19439,74263,train_data/071d118401c9446eb31025eaefc0322f.jpg,0
3796,5093,36502,train_data/caf72befb0694c7dab4d1fd231c1d76c.jpg,1
3797,541,21743,train_data/d6981fd36fd1424faef69415c8d09532.jpg,0
3798,9324,10595,train_data/24a78f826f9b408da940fccd26ce47ae.jpg,0
3799,17047,31534,train_data/0cf776c885714050804172203aa66620.jpg,1
3800,12693,28747,train_data/1410c2ad713346a09e03b4b920f1dbbe.jpg,0
3801,19788,24705,train_data/54109924cfd64dc79da2f04d2c70a713.jpg,0
3802,3390,37035,train_data/ff9979f9e0094b8cb7b5bc60ab76f320.jpg,0
3803,12080,65186,train_data/58cb2d81271b4dfdb720c0c2f9647f2f.jpg,1
3804,11154,58654,train_data/1e6109e842314972a19e38394c99c6f4.jpg,1
3805,14226,70264,train_data/188f6aa1a1d84c6ca6068dc8e8070244.jpg,1
3806,16977,69816,train_data/7f38ea7405534831b05c0acfe0883427.jpg,1
3807,16029,30660,train_data/9d6f3a32cfb84ca8b5a1acc8cb45a05d.jpg,1
3808,19924,54557,train_data/d35fdf2ef03f4e22ac433252c332b71c.jpg,0
3809,10775,3441,train_data/3c97658bc35240a4a46d95d46311262b.jpg,0
3810,11005,63492,train_data/6489c5f840cc4c81b994d22cd82c4956.jpg,1
3811,3959,75814,train_data/24b27b4a5f8640b8aecadf0162863667.jpg,1
3812,6643,18829,train_data/a045c818f2e04d16a550ec64dd077e9c.jpg,0
3813,16100,1414,train_data/cac9f06a8c514cb79e202dc84e8813c0.jpg,1
3814,16087,39634,train_data/81dd33eb3a464fbdb56aff859673e64b.jpg,1
3815,3586,58125,train_data/6d35cd157f994c90960bbadfffaa2c86.jpg,0
3816,18002,57833,train_data/24636201c73e4b27a9fde43d34e8409c.jpg,0
3817,2563,5086,train_data/4b211f399ecc45c5a34dc22f15b2894b.jpg,1
3818,10822,30064,train_data/de0fbb837c344e0db7668fad809a276d.jpg,1
3819,17832,64464,train_data/b99712a7b47c401ebf96230f71ba2102.jpg,1
3820,5036,5069,train_data/f9773eff86544b55bc08ca7572002a51.jpg,0
3821,1080,32732,train_data/4f00a3baf5a84c4d82d901586a1a1d38.jpg,1
3822,5891,45341,train_data/baf2806e5b134974bcb8a5196a2253a3.jpg,0
3823,14537,26637,train_data/2c16b8b620ea4f73bb04c09ce7bef456.jpg,0
3824,2023,68137,train_data/77e9c877b6e5493a8d749f03fce406af.jpg,0
3825,13109,62070,train_data/0029c3e6ca40412c81a3b3dd38a0c269.jpg,1
3826,18984,41780,train_data/99dcfb6f4674498b9a241591a9a2c1e4.jpg,1
3827,7909,50735,train_data/3c1c7ba2497c469caa293a83919bb120.jpg,0
3828,18732,74860,train_data/09f92852f8704dc1ae133b46e2d31537.jpg,1
3829,16610,5281,train_data/9ce39cb5fdea4b1889d836f54bf4df7b.jpg,0
3830,1013,2245,train_data/158f9760a0ea4a87b0cab1027adf7316.jpg,0
3831,14871,19632,train_data/4f815abb05254770ac05c11af3c116e3.jpg,1
3832,9235,73261,train_data/b8584810ad2242b9b41a4323de97c2fb.jpg,0
3833,5251,51181,train_data/1e4bb3f5ee5249d48db8ff51d9e986cc.jpg,0
3834,9596,35431,train_data/7b757823a4d34d4fbbb00333a1d08aef.jpg,0
3835,2179,54975,train_data/527696a70c7744848812cb791c2a5193.jpg,0
3836,17081,45962,train_data/4ccab2cea5f647a2b3ed8b9353c5a934.jpg,1
3837,17508,1309,train_data/6c729946dfb44a858ae8727ca522b992.jpg,0
3838,12087,27813,train_data/5fae1cfa6ab945c69d25d1552fb7f0b6.jpg,0
3839,5110,52072,train_data/33425a8dd5f540e8adcffe292cedabfc.jpg,1
3840,1778,18713,train_data/6c7d7aee35e743188fe65865f12a8864.jpg,0
3841,17907,70298,train_data/728f4456b95e45b387cc5bea2c063a5b.jpg,1
3842,15379,67786,train_data/6452a141d94b44b7a374b069724738d0.jpg,1
3843,7604,72185,train_data/1b9b5d054ca84f12b3646e47f89d8428.jpg,0
3844,13944,24602,train_data/5524e5be1a734c4b8ed340b5a69db57e.jpg,1
3845,17421,73381,train_data/6f15a174534c4bc98b36596f45e794a8.jpg,0
3846,18104,46714,train_data/24f75ba958964ee98bdfc6d5b4cd8785.jpg,1
3847,19931,48986,train_data/a2bbbd95dbf94ef19253db5f956dc33f.jpg,1
3848,10473,17312,train_data/9f34638cae15417b8b3cfe3970bbb37b.jpg,1
3849,14933,28421,train_data/c9b46187d31c4fb48eddef1574bb7946.jpg,0
3850,5132,31504,train_data/c3a6ea42bf3447fe98cac7b3fc63b29f.jpg,1
3851,2159,51699,train_data/3d6348029bb04e578e152120e55bc980.jpg,0
3852,11329,15678,train_data/3fd602a963a74498bacce31c1b09b5e9.jpg,1
3853,14042,24663,train_data/2dd2b95fef74498383326b6742d87e48.jpg,0
3854,14566,8069,train_data/fde1b9f8d7f8400f83f0efa2d164abe8.jpg,0
3855,6445,59867,train_data/3cf826d614644c1a96531f5d882ebe9c.jpg,0
3856,3967,42225,train_data/0f58e20571424ee89d671626d3e1ee63.jpg,0
3857,1428,47504,train_data/817a2ecde793423da2125bd51f031d83.jpg,1
3858,3081,71857,train_data/2a9945e1ff43491f893b5b0df4e827cb.jpg,0
3859,2520,19437,train_data/1ad004c669e94406a04335b987d2f846.jpg,0
3860,11754,12728,train_data/5470c33e2c0842fd990e83e279412a32.jpg,1
3861,10047,10894,train_data/93a9272e54b645f991b48bec71cc24f5.jpg,1
3862,18094,50860,train_data/1d0fb8bbc4c240a29e3e4d8b4da8213a.jpg,1
3863,6019,45626,train_data/f81d9fd647f24c30a564b77c7308c585.jpg,1
3864,16832,62818,train_data/a53a72e57b674ac2bc3d08d29cea5fbf.jpg,1
3865,16898,6474,train_data/3316e1e0047b45fb990dedc91617f714.jpg,1
3866,3727,22957,train_data/4326252ed4f0463f9dc246663bfd00ea.jpg,0
3867,8553,74163,train_data/704bef3616854c75af6754e942ed368a.jpg,0
3868,18941,53628,train_data/7c2741926e6d45a3a00dd4053d160317.jpg,1
3869,9496,15315,train_data/dd696f3d76e84050a5050d9c80a0ec16.jpg,0
3870,6251,41367,train_data/267a6239933b46d3afbc213c4424e2ce.jpg,0
3871,5926,6939,train_data/e5e882bd230b44acba6f4ede96097ede.jpg,0
3872,16406,14829,train_data/1fa0a83e393640c191dc5380a6f76453.jpg,0
3873,8894,51080,train_data/c55f851a24844c368505742a42aeef78.jpg,1
3874,8706,59594,train_data/b441807179b640f3b63cf5202263a130.jpg,1
3875,1376,15147,train_data/06ffbd70caba4fc792976adc6b8907ee.jpg,0
3876,1724,23110,train_data/666dd57321c54e06a144eaabef52ad6f.jpg,1
3877,3754,70686,train_data/9bce802336e74f6d869c57701406bbba.jpg,1
3878,10517,41425,train_data/8c72183b429c4daf87d4df5b68b722dd.jpg,0
3879,19026,35884,train_data/f4289ddbd46641979200401029c5d48b.jpg,1
3880,4082,52459,train_data/d6935f2026244164bd06614f7e554d64.jpg,0
3881,11870,12520,train_data/0d9b71e58bb84dc1b09d5a0d8ab330c6.jpg,1
3882,18425,52769,train_data/3858ae3a90414fa5811f30889abeda29.jpg,0
3883,12500,23156,train_data/72aed9e935fe4b91a63b3c7589dc96b5.jpg,1
3884,13057,43588,train_data/0a0b79148ccf4c408f6d7e47ad010916.jpg,1
3885,16140,22845,train_data/2924832af0b44458a4d63ba0de76437e.jpg,0
3886,10773,74213,train_data/ce761de2535e45549da6ada53cb6e5d5.jpg,0
3887,9951,44658,train_data/abb585f71e824785b33ebe57ccfc9f05.jpg,1
3888,14571,36673,train_data/3fba1b0c2b834a17a6593456c4b29b64.jpg,0
3889,17030,53750,train_data/566fe492d4ce4c68a371c4f107cb460b.jpg,1
3890,19699,20167,train_data/c767d049f1184ecb91a43aeddfe495ab.jpg,0
3891,14215,44683,train_data/563943b603f14820a603d49123cc92c8.jpg,0
3892,15997,78029,train_data/a4cb4c66822940559ceed3aca35d49a1.jpg,0
3893,7165,7255,train_data/bdd2cc7ff1ff4d3299af344fe1c071c3.jpg,0
3894,17914,78061,train_data/2956d4bbd98c4d17aff2f18d4ad8be1f.jpg,0
3895,11182,1798,train_data/ca23578b7d184499b8e86408a067ccc7.jpg,1
3896,19427,15226,train_data/9a9df26ca825430f9e8c1b9a34038224.jpg,1
3897,4875,21476,train_data/de1ac0e7283c492aae986e9fb6463b53.jpg,1
3898,10736,13567,train_data/2481f3ddd28248c2a7c50b527b6dcb86.jpg,0
3899,18587,52688,train_data/7fae9454ea6540b38c3f39631d97ad73.jpg,1
3900,15990,2530,train_data/151ffbe4618645c587112e218a1f6587.jpg,1
3901,12258,78142,train_data/b6cfb169b7234dc2a7f7ba5fcde9b8e9.jpg,1
3902,685,74327,train_data/1d200148b8024f85a4c170df08861b42.jpg,0
3903,11435,9853,train_data/26cbd58448304a0f92bdadb2add937d2.jpg,0
3904,18436,58399,train_data/f032bf9c36b34ff9988aee3bca4e1835.jpg,0
3905,14291,34138,train_data/86e76e9e2d124344b9eca8f7cdb9914f.jpg,1
3906,2461,21820,train_data/3170a1c469ee4f7e97eb1e5a63ad22d0.jpg,1
3907,12275,59787,train_data/e81c8eaf93c84784b1f1d0b2f835ff33.jpg,0
3908,11889,50352,train_data/e9663a90425e4fa78b3ad7acb229aae8.jpg,1
3909,7128,79803,train_data/594808836703428293c955ae7601580d.jpg,0
3910,16377,72171,train_data/f0f423ef64bc4af28759d546595b0ff2.jpg,0
3911,5946,46416,train_data/d426d29cd7c9449b8333ddb5d293d12f.jpg,1
3912,4583,67469,train_data/cc0f423c25c44b198b9e503e7a9c7874.jpg,0
3913,12232,40744,train_data/62b823fa86ab476fb03dadedfdc73bc1.jpg,1
3914,13070,77740,train_data/1d94cd2cbd634b3597fe6200870be70c.jpg,1
3915,16905,65053,train_data/d63b8756cdec45ac910f47314582ee19.jpg,0
3916,18934,76498,train_data/5ebe487eb1de46349e21e5ee9b154edc.jpg,1
3917,3983,47786,train_data/754f583e505044c0a84460840b0969de.jpg,1
3918,14686,42688,train_data/e0a591765fa14f148922fcf1d6f73a9d.jpg,1
3919,6303,17516,train_data/7f300d5da139433f987bd925df360871.jpg,1
3920,9908,98,train_data/58aac4d78a184ccdb2117ef4315260fe.jpg,1
3921,780,67558,train_data/ee91e9a76587464c88cf85fcb993f37e.jpg,1
3922,17153,27225,train_data/6da4908534844288803c0049f51de094.jpg,0
3923,5978,76437,train_data/15cd100f55284a7aa369d3e442f37cff.jpg,0
3924,2196,50418,train_data/5dff530ec5044178b039d41d73aa5909.jpg,1
3925,14089,53288,train_data/2cce47942a3e4f5abfe75393b254cf33.jpg,1
3926,19877,37935,train_data/6b136c22c7a949ae94bbaa69b8ce2493.jpg,0
3927,18336,16751,train_data/258bab76d817404087cbd90392888f4b.jpg,0
3928,9832,24542,train_data/705a6ecdb7c5411386fe46fb597343fb.jpg,1
3929,6979,50356,train_data/f6dc97ec94734f2ba0e3c6b9f64f13bb.jpg,1
3930,11824,67671,train_data/aa330e5301cc401fbae3af359de0f20f.jpg,0
3931,2376,52069,train_data/556ebd7620514770907a5ebb56ce1ef5.jpg,0
3932,17630,20579,train_data/0c2dd5a064e94b1da98e96561700751b.jpg,0
3933,11483,75455,train_data/1333a9f4c8464dcebb5b56388620ece5.jpg,0
3934,6511,72157,train_data/aeb964396f7144f0be0bd79997eaccdc.jpg,0
3935,13279,4699,train_data/c3ec1dfc3e5446bd8ffee06c5c4ccbb3.jpg,0
3936,19161,69997,train_data/f966de294ea548789ef65a82cfea6b47.jpg,0
3937,14473,37400,train_data/659e517c4f3c4e8387b6b261690328c9.jpg,1
3938,5439,27795,train_data/bbfb1eeb67db4bfa98e612f1f50d4735.jpg,0
3939,10759,14442,train_data/aa7ccd46a9ae4dbcb79a9281a6a6e968.jpg,1
3940,6493,79445,train_data/a23a05889d144691b619f77d6e7eedf5.jpg,0
3941,8964,40299,train_data/697024b3184640f085c96455078d14fc.jpg,0
3942,5510,74978,train_data/cf19839acbb64088baad58d4852d3e67.jpg,1
3943,5330,72251,train_data/532049e53fea433288a2849af66c94ca.jpg,0
3944,18060,70500,train_data/b8413ea60840479e9f641427de1eea87.jpg,1
3945,4531,20452,train_data/a74573208f7d434cbab994901964bac3.jpg,1
3946,9866,12274,train_data/64507036a91f4d8bbafb83940c4698bd.jpg,1
3947,15587,60079,train_data/f6422ac852aa4ab2a30ef9db7196698d.jpg,0
3948,16749,44773,train_data/3cce184a1e9248fd9a3c185ccb64fabc.jpg,0
3949,10142,37906,train_data/4fc821e1c9034e32aa8eee8a57bbdce4.jpg,1
3950,12089,35514,train_data/f94e86424de94019b46139f823903c1e.jpg,1
3951,16531,62656,train_data/1160958731514f6ca15bc9fe62570f01.jpg,1
3952,11280,25641,train_data/de6295ef231f481f998466285e0f93c4.jpg,0
3953,18856,53552,train_data/ee76a964ebe24313bb0202d8818f830d.jpg,1
3954,7788,29348,train_data/d1863d546315498686fc835aebad207f.jpg,1
3955,3456,11839,train_data/d6bd7785c4d64214aa4a52806eef27b0.jpg,0
3956,4940,34044,train_data/503d72f0c1254f069b64547f209c3bfd.jpg,1
3957,9223,36568,train_data/b5c9f788837b4ee49b3aefc40fd8a861.jpg,1
3958,18904,58717,train_data/65ec527d5d1f4f8a90b4fe80a8afdade.jpg,0
3959,14916,45251,train_data/fc2df0f9770a421bb653bcc027f50cc7.jpg,0
3960,7099,2901,train_data/fb0f550b530e489dbfaf4f06c721541f.jpg,0
3961,8080,78962,train_data/7ee9ac31fbeb4b2ebb2b579deb5687a2.jpg,1
3962,16462,65109,train_data/8ca7724a8d64472cb86bb89c095d1cdd.jpg,0
3963,19941,60053,train_data/23c257568896413a899b2991fd51ead4.jpg,0
3964,18229,64014,train_data/136fc7abccbc4434b51ace3c4cbce8d9.jpg,1
3965,9312,50556,train_data/ba88b4128eb34e869a62cfc8d3c000cc.jpg,1
3966,6172,7732,train_data/eb330c3ab63c49fb8fac1288b06faf25.jpg,1
3967,3631,31456,train_data/d0be13f4e9864f81b47c17ced49cfe0c.jpg,1
3968,16955,14624,train_data/3c071e66eec8463eb952e99e076ba42c.jpg,1
3969,6272,30959,train_data/3f9fd9438135467682a51787b5730e89.jpg,0
3970,392,26721,train_data/d1efa821806445d0b93acff5465c090f.jpg,0
3971,3191,13977,train_data/686151572f884a5ba243e8a2c2516383.jpg,0
3972,16,74612,train_data/7782530473f84e8791b3ad2c1960a79e.jpg,1
3973,19553,48376,train_data/5436f5470b7044a6b7f51478d9b8fa63.jpg,1
3974,18503,3433,train_data/7a80e4a429e04beca22dba48286a84ef.jpg,0
3975,7394,38951,train_data/b6cfa0a4e5334aa9a58303759e636966.jpg,0
3976,593,34220,train_data/314f046045a1418ea504d59c66cbed00.jpg,1
3977,4719,20913,train_data/154c34227f204dbcacd8aaf5ff6c12b2.jpg,0
3978,5827,16113,train_data/77f2fffe04934f43b531cf7e0cc54390.jpg,0
3979,10749,61789,train_data/4fc37c4b54654e97a19f3b7d5c06c99a.jpg,0
3980,4798,4157,train_data/886a771b2e3d430ab7c4985d9a84d144.jpg,0
3981,10634,66585,train_data/ff6ed57afeb34cb5b89fc11413c23303.jpg,0
3982,4795,36835,train_data/f0feceee14564b4c83756f052d16b901.jpg,0
3983,11234,2225,train_data/4ef17b92709f4d80aca1ef41b36b0c21.jpg,0
3984,8656,74624,train_data/f2c194962fb0472fb88ccaeaa9e2aa01.jpg,1
3985,163,21081,train_data/1660aca268b249bb971f14170fcd9d48.jpg,0
3986,671,1520,train_data/deebecd636ed4260967fa6cef6a3d4f6.jpg,1
3987,14308,76208,train_data/56f224f4139143c180a4a9cd32e7f014.jpg,1
3988,19785,394,train_data/9189a4c1d23e45b69561bec5523d576e.jpg,1
3989,16052,3220,train_data/b7d3567a83034706aa8d116680f1ea18.jpg,1
3990,14828,17758,train_data/6e23a3b153c6495f9ec111dc1ed9c2fe.jpg,1
3991,5542,60237,train_data/405df02ca8b149aaab6760f2f1980c30.jpg,0
3992,7993,68881,train_data/45b1a456e0c24b9b93610ab4279cb396.jpg,0
3993,10900,77685,train_data/2f55ba0dea214be8bbb8fe464c4f3e03.jpg,0
3994,7758,74912,train_data/1139b5fc483d4974a39fd6d57228ead1.jpg,1
3995,4837,77351,train_data/1a369cd371594e9b9fe8b6c241de0812.jpg,0
3996,6548,71479,train_data/f9be5baeabae44a4a7e8bd1b734ef2fb.jpg,0
